idx,pre,post,conductance,alive,is_new
0,0,34,0,1,0
1,0,228,0,1,0
2,0,124,98,1,0
3,0,339,99,1,0
4,0,137,0,1,0
5,0,377,98,1,0
6,0,433,0,1,0
7,0,318,0,1,0
8,0,87,99,1,0
9,0,280,0,1,0
10,0,273,0,1,0
11,0,317,0,1,0
12,0,44,0,1,0
13,0,349,4,1,0
14,0,252,0,1,0
15,0,300,98,1,0
16,0,220,99,1,0
17,0,70,0,1,0
18,0,326,0,1,0
19,0,226,0,1,0
20,0,245,99,1,0
21,0,420,0,1,0
22,0,238,13,1,0
23,0,256,0,1,0
24,0,344,98,1,0
25,0,229,0,1,0
26,0,274,0,1,0
27,0,258,99,1,0
28,0,171,99,1,0
29,0,243,99,1,0
30,0,264,0,1,0
31,0,432,0,1,0
32,0,370,0,1,0
33,0,347,99,1,0
34,0,211,99,1,0
35,0,142,0,1,0
36,0,83,99,1,0
37,0,343,8,1,0
38,0,196,0,1,0
39,0,334,0,1,0
40,0,239,99,1,0
41,0,23,8,1,0
42,0,404,99,1,0
43,0,435,99,1,0
44,0,231,99,1,0
45,0,361,0,1,0
46,0,363,8,1,0
47,0,355,8,1,0
48,0,117,0,1,0
49,0,283,99,1,0
50,0,324,99,1,0
51,0,232,30,1,0
52,0,118,0,1,0
53,0,412,0,1,0
54,0,130,0,1,0
55,0,419,99,1,0
56,0,350,13,1,0
57,0,306,0,1,0
58,0,241,0,1,0
59,0,22,4,1,0
60,0,387,99,1,0
61,0,168,98,1,0
62,0,207,99,1,0
63,0,151,99,1,0
64,0,352,98,1,0
65,0,81,0,1,0
66,0,390,0,1,0
67,0,271,99,1,0
68,0,378,0,1,0
69,0,56,98,1,0
70,0,133,0,1,0
71,0,31,99,1,0
72,0,356,98,1,0
73,0,340,98,1,0
74,0,233,0,1,0
75,0,20,0,1,0
76,0,101,0,1,0
77,0,68,0,1,0
78,0,98,99,1,0
79,0,76,99,1,0
80,1,336,0,1,0
81,1,409,99,1,0
82,1,145,4,1,0
83,1,115,13,1,0
84,1,390,8,1,0
85,1,334,0,1,0
86,1,281,0,1,0
87,1,216,0,1,0
88,1,168,98,1,0
89,1,118,99,1,0
90,1,359,99,1,0
91,1,61,0,1,0
92,1,123,98,1,0
93,1,435,98,1,0
94,1,246,98,1,0
95,1,187,99,1,0
96,1,154,0,1,0
97,1,108,0,1,0
98,1,31,98,1,0
99,1,380,4,1,0
100,1,136,3,1,0
101,1,252,0,1,0
102,1,356,98,1,0
103,1,340,3,1,0
104,1,43,98,1,0
105,1,159,98,1,0
106,1,419,98,1,0
107,1,296,3,1,0
108,1,377,98,1,0
109,1,438,0,1,0
110,1,402,0,1,0
111,1,414,0,1,0
112,1,219,98,1,0
113,1,202,9,1,0
114,1,100,4,1,0
115,1,369,0,1,0
116,1,313,0,1,0
117,1,425,0,1,0
118,1,106,8,1,0
119,1,76,8,1,0
120,1,401,0,1,0
121,1,291,99,1,0
122,1,247,98,1,0
123,1,92,0,1,0
124,1,211,98,1,0
125,1,301,99,1,0
126,1,180,8,1,0
127,1,266,0,1,0
128,1,54,0,1,0
129,1,120,98,1,0
130,1,50,99,1,0
131,1,237,0,1,0
132,1,338,99,1,0
133,1,109,98,1,0
134,1,248,0,1,0
135,1,162,0,1,0
136,1,74,0,1,0
137,1,358,3,1,0
138,1,56,98,1,0
139,1,344,98,1,0
140,1,134,4,1,0
141,1,65,0,1,0
142,1,292,99,1,0
143,1,399,98,1,0
144,1,188,99,1,0
145,1,195,13,1,0
146,1,90,0,1,0
147,1,391,98,1,0
148,1,436,0,1,0
149,1,374,8,1,0
150,1,186,0,1,0
151,1,75,99,1,0
152,1,87,99,1,0
153,1,126,0,1,0
154,1,376,0,1,0
155,1,149,0,1,0
156,1,242,0,1,0
157,1,124,98,1,0
158,1,29,0,1,0
159,1,329,98,1,0
160,2,358,98,1,0
161,2,169,99,1,0
162,2,341,99,1,0
163,2,302,0,1,0
164,2,144,98,1,0
165,2,224,99,1,0
166,2,35,8,1,0
167,2,241,0,1,0
168,2,57,0,1,0
169,2,325,0,1,0
170,2,414,0,1,0
171,2,106,4,1,0
172,2,348,99,1,0
173,2,400,0,1,0
174,2,402,0,1,0
175,2,428,0,1,0
176,2,242,4,1,0
177,2,41,0,1,0
178,2,425,0,1,0
179,2,336,0,1,0
180,2,279,13,1,0
181,2,56,0,1,0
182,2,326,0,1,0
183,2,225,0,1,0
184,2,173,0,1,0
185,2,257,0,1,0
186,2,194,99,1,0
187,2,313,0,1,0
188,2,47,99,1,0
189,2,255,99,1,0
190,2,323,99,1,0
191,2,298,0,1,0
192,2,378,0,1,0
193,2,85,98,1,0
194,2,249,0,1,0
195,2,360,0,1,0
196,2,406,99,1,0
197,2,135,99,1,0
198,2,197,0,1,0
199,2,69,0,1,0
200,2,187,99,1,0
201,2,335,99,1,0
202,2,130,0,1,0
203,2,133,0,1,0
204,2,76,99,1,0
205,2,20,0,1,0
206,2,284,98,1,0
207,2,27,99,1,0
208,2,216,0,1,0
209,2,217,0,1,0
210,2,345,0,1,0
211,2,127,99,1,0
212,2,337,0,1,0
213,2,315,99,1,0
214,2,188,0,1,0
215,2,107,99,1,0
216,2,189,0,1,0
217,2,407,99,1,0
218,2,219,99,1,0
219,2,386,0,1,0
220,2,180,99,1,0
221,2,374,0,1,0
222,2,125,0,1,0
223,2,272,0,1,0
224,2,230,0,1,0
225,2,269,0,1,0
226,2,265,0,1,0
227,2,331,99,1,0
228,2,155,99,1,0
229,2,200,99,1,0
230,2,271,99,1,0
231,2,83,99,1,0
232,2,258,99,1,0
233,2,87,99,1,0
234,2,34,0,1,0
235,2,243,99,1,0
236,2,79,99,1,0
237,2,310,4,1,0
238,2,340,98,1,0
239,2,218,99,1,0
240,3,254,9,1,0
241,3,318,0,1,0
242,3,168,98,1,0
243,3,295,99,1,0
244,3,275,99,1,0
245,3,231,99,1,0
246,3,186,0,1,0
247,3,188,0,1,0
248,3,95,4,1,0
249,3,389,3,1,0
250,3,58,13,1,0
251,3,301,0,1,0
252,3,109,98,1,0
253,3,202,0,1,0
254,3,340,0,1,0
255,3,47,99,1,0
256,3,266,0,1,0
257,3,84,98,1,0
258,3,255,99,1,0
259,3,75,99,1,0
260,3,67,99,1,0
261,3,214,0,1,0
262,3,98,0,1,0
263,3,117,0,1,0
264,3,380,0,1,0
265,3,215,99,1,0
266,3,257,0,1,0
267,3,171,99,1,0
268,3,162,0,1,0
269,3,392,0,1,0
270,3,314,0,1,0
271,3,134,4,1,0
272,3,195,4,1,0
273,3,292,0,1,0
274,3,176,98,1,0
275,3,303,99,1,0
276,3,420,0,1,0
277,3,321,0,1,0
278,3,160,0,1,0
279,3,225,0,1,0
280,3,237,0,1,0
281,3,181,0,1,0
282,3,74,0,1,0
283,3,167,99,1,0
284,3,26,99,1,0
285,3,317,0,1,0
286,3,78,0,1,0
287,3,350,0,1,0
288,3,281,0,1,0
289,3,381,0,1,0
290,3,344,0,1,0
291,3,232,99,1,0
292,3,37,0,1,0
293,3,239,99,1,0
294,3,126,0,1,0
295,3,120,98,1,0
296,3,417,0,1,0
297,3,159,99,1,0
298,3,131,99,1,0
299,3,379,99,1,0
300,3,339,99,1,0
301,3,331,99,1,0
302,3,204,98,1,0
303,3,56,0,1,0
304,3,170,99,1,0
305,3,293,0,1,0
306,3,216,0,1,0
307,3,44,0,1,0
308,3,386,0,1,0
309,3,90,0,1,0
310,3,89,0,1,0
311,3,80,0,1,0
312,3,224,0,1,0
313,3,342,0,1,0
314,3,141,0,1,0
315,3,406,99,1,0
316,3,82,99,1,0
317,3,411,99,1,0
318,3,329,99,1,0
319,3,135,99,1,0
320,4,164,99,1,0
321,4,287,99,1,0
322,4,131,99,1,0
323,4,280,0,1,0
324,4,405,0,1,0
325,4,316,99,1,0
326,4,392,99,1,0
327,4,126,0,1,0
328,4,423,99,1,0
329,4,258,99,1,0
330,4,391,98,1,0
331,4,165,0,1,0
332,4,152,98,1,0
333,4,252,0,1,0
334,4,383,99,1,0
335,4,204,98,1,0
336,4,299,99,1,0
337,4,184,0,1,0
338,4,414,0,1,0
339,4,314,0,1,0
340,4,98,4,1,0
341,4,101,0,1,0
342,4,176,98,1,0
343,4,355,99,1,0
344,4,212,98,1,0
345,4,122,99,1,0
346,4,192,98,1,0
347,4,403,99,1,0
348,4,45,0,1,0
349,4,219,99,1,0
350,4,409,99,1,0
351,4,214,99,1,0
352,4,141,0,1,0
353,4,419,98,1,0
354,4,115,99,1,0
355,4,411,99,1,0
356,4,158,0,1,0
357,4,67,99,1,0
358,4,292,99,1,0
359,4,420,0,1,0
360,4,337,0,1,0
361,4,220,4,1,0
362,4,333,4,1,0
363,4,85,98,1,0
364,4,433,0,1,0
365,4,229,0,1,0
366,4,284,98,1,0
367,4,281,0,1,0
368,4,135,99,1,0
369,4,173,0,1,0
370,4,395,99,1,0
371,4,76,99,1,0
372,4,328,98,1,0
373,4,111,98,1,0
374,4,84,98,1,0
375,4,233,0,1,0
376,4,241,0,1,0
377,4,387,99,1,0
378,4,435,98,1,0
379,4,247,99,1,0
380,4,199,99,1,0
381,4,413,99,1,0
382,4,251,98,1,0
383,4,296,98,1,0
384,4,64,98,1,0
385,4,321,0,1,0
386,4,228,99,1,0
387,4,190,0,1,0
388,4,81,99,1,0
389,4,136,98,1,0
390,4,343,98,1,0
391,4,367,99,1,0
392,4,352,98,1,0
393,4,393,0,1,0
394,4,166,99,1,0
395,4,362,99,1,0
396,4,62,99,1,0
397,4,365,0,1,0
398,4,424,99,1,0
399,4,307,99,1,0
400,5,69,0,1,0
401,5,121,0,1,0
402,5,244,0,1,0
403,5,26,0,1,0
404,5,384,0,1,0
405,5,72,98,1,0
406,5,129,0,1,0
407,5,189,0,1,0
408,5,62,0,1,0
409,5,33,0,1,0
410,5,59,99,1,0
411,5,118,0,1,0
412,5,395,99,1,0
413,5,246,4,1,0
414,5,55,99,1,0
415,5,401,0,1,0
416,5,201,0,1,0
417,5,420,0,1,0
418,5,419,99,1,0
419,5,83,99,1,0
420,5,77,0,1,0
421,5,81,0,1,0
422,5,270,4,1,0
423,5,312,0,1,0
424,5,224,0,1,0
425,5,372,0,1,0
426,5,265,0,1,0
427,5,166,0,1,0
428,5,180,0,1,0
429,5,430,0,1,0
430,5,198,0,1,0
431,5,378,0,1,0
432,5,97,0,1,0
433,5,392,0,1,0
434,5,313,0,1,0
435,5,315,99,1,0
436,5,398,0,1,0
437,5,200,0,1,0
438,5,298,0,1,0
439,5,109,0,1,0
440,5,206,0,1,0
441,5,250,4,1,0
442,5,243,99,1,0
443,5,279,99,1,0
444,5,142,0,1,0
445,5,417,0,1,0
446,5,125,0,1,0
447,5,116,0,1,0
448,5,29,0,1,0
449,5,230,0,1,0
450,5,114,0,1,0
451,5,334,0,1,0
452,5,58,99,1,0
453,5,357,0,1,0
454,5,169,0,1,0
455,5,322,0,1,0
456,5,167,99,1,0
457,5,259,99,1,0
458,5,237,0,1,0
459,5,369,0,1,0
460,5,31,99,1,0
461,5,344,0,1,0
462,5,124,0,1,0
463,5,437,0,1,0
464,5,222,0,1,0
465,5,41,0,1,0
466,5,208,98,1,0
467,5,156,0,1,0
468,5,245,0,1,0
469,5,232,99,1,0
470,5,35,99,1,0
471,5,233,0,1,0
472,5,144,98,1,0
473,5,63,99,1,0
474,5,435,99,1,0
475,5,328,98,1,0
476,5,407,99,1,0
477,5,91,99,1,0
478,5,296,3,1,0
479,5,329,99,1,0
480,6,313,0,1,0
481,6,198,4,1,0
482,6,120,0,1,0
483,6,335,99,1,0
484,6,404,99,1,0
485,6,71,99,1,0
486,6,141,0,1,0
487,6,36,88,1,0
488,6,325,0,1,0
489,6,332,0,1,0
490,6,103,99,1,0
491,6,85,0,1,0
492,6,114,99,1,0
493,6,287,99,1,0
494,6,298,0,1,0
495,6,233,0,1,0
496,6,326,0,1,0
497,6,162,0,1,0
498,6,245,4,1,0
499,6,263,99,1,0
500,6,389,3,1,0
501,6,78,0,1,0
502,6,197,0,1,0
503,6,168,0,1,0
504,6,172,99,1,0
505,6,354,0,1,0
506,6,153,0,1,0
507,6,42,0,1,0
508,6,193,0,1,0
509,6,278,4,1,0
510,6,80,0,1,0
511,6,255,4,1,0
512,6,130,0,1,0
513,6,28,0,1,0
514,6,379,99,1,0
515,6,303,99,1,0
516,6,370,0,1,0
517,6,350,99,1,0
518,6,244,99,1,0
519,6,300,98,1,0
520,6,236,0,1,0
521,6,219,99,1,0
522,6,145,0,1,0
523,6,205,0,1,0
524,6,192,98,1,0
525,6,238,13,1,0
526,6,53,0,1,0
527,6,115,99,1,0
528,6,163,99,1,0
529,6,31,99,1,0
530,6,356,0,1,0
531,6,422,70,1,0
532,6,180,0,1,0
533,6,256,0,1,0
534,6,380,4,1,0
535,6,282,4,1,0
536,6,381,0,1,0
537,6,87,99,1,0
538,6,49,0,1,0
539,6,126,0,1,0
540,6,407,99,1,0
541,6,384,0,1,0
542,6,136,98,1,0
543,6,296,98,1,0
544,6,139,99,1,0
545,6,366,0,1,0
546,6,127,99,1,0
547,6,408,0,1,0
548,6,178,99,1,0
549,6,100,99,1,0
550,6,152,98,1,0
551,6,60,0,1,0
552,6,81,0,1,0
553,6,132,4,1,0
554,6,155,99,1,0
555,6,315,99,1,0
556,6,320,0,1,0
557,6,224,4,1,0
558,6,121,0,1,0
559,6,45,0,1,0
560,7,118,4,1,0
561,7,208,98,1,0
562,7,328,0,1,0
563,7,340,0,1,0
564,7,171,98,1,0
565,7,127,99,1,0
566,7,225,8,1,0
567,7,106,4,1,0
568,7,83,68,1,0
569,7,267,0,1,0
570,7,120,0,1,0
571,7,389,97,1,0
572,7,282,0,1,0
573,7,187,99,1,0
574,7,59,99,1,0
575,7,44,0,1,0
576,7,233,0,1,0
577,7,413,4,1,0
578,7,390,4,1,0
579,7,399,98,1,0
580,7,36,98,1,0
581,7,33,0,1,0
582,7,243,98,1,0
583,7,198,4,1,0
584,7,86,0,1,0
585,7,209,0,1,0
586,7,199,99,1,0
587,7,212,98,1,0
588,7,378,0,1,0
589,7,110,0,1,0
590,7,379,98,1,0
591,7,299,98,1,0
592,7,155,98,1,0
593,7,87,99,1,0
594,7,78,0,1,0
595,7,355,98,1,0
596,7,368,0,1,0
597,7,206,4,1,0
598,7,249,0,1,0
599,7,366,0,1,0
600,7,65,0,1,0
601,7,382,99,1,0
602,7,71,98,1,0
603,7,163,98,1,0
604,7,241,0,1,0
605,7,363,0,1,0
606,7,48,0,1,0
607,7,64,3,1,0
608,7,135,99,1,0
609,7,93,0,1,0
610,7,188,4,1,0
611,7,75,99,1,0
612,7,327,98,1,0
613,7,117,0,1,0
614,7,73,0,1,0
615,7,279,98,1,0
616,7,150,99,1,0
617,7,281,0,1,0
618,7,214,99,1,0
619,7,143,99,1,0
620,7,164,4,1,0
621,7,148,0,1,0
622,7,72,98,1,0
623,7,431,99,1,0
624,7,313,0,1,0
625,7,217,0,1,0
626,7,88,0,1,0
627,7,139,98,1,0
628,7,137,4,1,0
629,7,220,4,1,0
630,7,183,99,1,0
631,7,360,0,1,0
632,7,306,4,1,0
633,7,57,0,1,0
634,7,393,0,1,0
635,7,430,0,1,0
636,7,35,98,1,0
637,7,54,0,1,0
638,7,374,99,1,0
639,7,316,99,1,0
640,8,328,0,1,0
641,8,41,0,1,0
642,8,237,0,1,0
643,8,309,99,1,0
644,8,262,0,1,0
645,8,297,0,1,0
646,8,195,0,1,0
647,8,177,0,1,0
648,8,409,4,1,0
649,8,124,0,1,0
650,8,100,99,1,0
651,8,64,98,1,0
652,8,89,0,1,0
653,8,160,0,1,0
654,8,131,99,1,0
655,8,224,4,1,0
656,8,306,4,1,0
657,8,417,0,1,0
658,8,180,4,1,0
659,8,50,4,1,0
660,8,120,0,1,0
661,8,197,99,1,0
662,8,266,0,1,0
663,8,130,0,1,0
664,8,291,99,1,0
665,8,161,0,1,0
666,8,353,0,1,0
667,8,326,0,1,0
668,8,36,0,1,0
669,8,31,98,1,0
670,8,230,4,1,0
671,8,122,4,1,0
672,8,395,99,1,0
673,8,334,0,1,0
674,8,210,99,1,0
675,8,383,99,1,0
676,8,247,0,1,0
677,8,202,99,1,0
678,8,142,99,1,0
679,8,318,0,1,0
680,8,63,98,1,0
681,8,382,99,1,0
682,8,303,98,1,0
683,8,279,98,1,0
684,8,393,0,1,0
685,8,257,0,1,0
686,8,432,99,1,0
687,8,39,99,1,0
688,8,55,99,1,0
689,8,341,4,1,0
690,8,101,0,1,0
691,8,112,0,1,0
692,8,299,98,1,0
693,8,129,0,1,0
694,8,34,0,1,0
695,8,46,98,1,0
696,8,416,99,1,0
697,8,27,99,1,0
698,8,228,99,1,0
699,8,308,0,1,0
700,8,114,4,1,0
701,8,38,0,1,0
702,8,102,0,1,0
703,8,115,99,1,0
704,8,374,99,1,0
705,8,327,98,1,0
706,8,288,0,1,0
707,8,35,98,1,0
708,8,188,4,1,0
709,8,225,99,1,0
710,8,356,0,1,0
711,8,219,0,1,0
712,8,267,0,1,0
713,8,135,99,1,0
714,8,354,99,1,0
715,8,274,4,1,0
716,8,167,99,1,0
717,8,113,0,1,0
718,8,304,98,1,0
719,8,238,99,1,0
720,9,111,0,1,0
721,9,387,4,1,0
722,9,298,0,1,0
723,9,57,0,1,0
724,9,80,0,1,0
725,9,432,99,1,0
726,9,275,99,1,0
727,9,221,0,1,0
728,9,363,4,1,0
729,9,91,99,1,0
730,9,64,0,1,0
731,9,83,4,1,0
732,9,264,0,1,0
733,9,281,0,1,0
734,9,130,0,1,0
735,9,131,99,1,0
736,9,242,4,1,0
737,9,301,4,1,0
738,9,348,4,1,0
739,9,167,99,1,0
740,9,289,0,1,0
741,9,105,0,1,0
742,9,58,4,1,0
743,9,115,99,1,0
744,9,188,0,1,0
745,9,134,4,1,0
746,9,358,0,1,0
747,9,431,99,1,0
748,9,317,0,1,0
749,9,164,4,1,0
750,9,214,99,1,0
751,9,32,0,1,0
752,9,178,8,1,0
753,9,326,0,1,0
754,9,44,0,1,0
755,9,282,4,1,0
756,9,165,0,1,0
757,9,274,13,1,0
758,9,308,0,1,0
759,9,117,0,1,0
760,9,137,4,1,0
761,9,107,99,1,0
762,9,405,0,1,0
763,9,201,0,1,0
764,9,37,0,1,0
765,9,87,99,1,0
766,9,99,99,1,0
767,9,239,0,1,0
768,9,406,4,1,0
769,9,59,99,1,0
770,9,147,99,1,0
771,9,209,0,1,0
772,9,142,0,1,0
773,9,234,4,1,0
774,9,124,0,1,0
775,9,177,0,1,0
776,9,419,0,1,0
777,9,208,0,1,0
778,9,422,4,1,0
779,9,263,99,1,0
780,9,50,4,1,0
781,9,34,0,1,0
782,9,199,99,1,0
783,9,53,0,1,0
784,9,254,9,1,0
785,9,382,99,1,0
786,9,412,0,1,0
787,9,75,99,1,0
788,9,436,0,1,0
789,9,344,0,1,0
790,9,78,0,1,0
791,9,313,0,1,0
792,9,365,0,1,0
793,9,194,4,1,0
794,9,332,0,1,0
795,9,182,4,1,0
796,9,175,99,1,0
797,9,290,4,1,0
798,9,426,99,1,0
799,9,84,0,1,0
800,10,253,0,1,0
801,10,355,99,1,0
802,10,304,98,1,0
803,10,216,0,1,0
804,10,120,12,1,0
805,10,281,0,1,0
806,10,68,0,1,0
807,10,70,99,1,0
808,10,349,99,1,0
809,10,71,99,1,0
810,10,434,99,1,0
811,10,184,0,1,0
812,10,203,99,1,0
813,10,397,98,1,0
814,10,323,99,1,0
815,10,97,99,1,0
816,10,386,0,1,0
817,10,136,7,1,0
818,10,28,98,1,0
819,10,365,0,1,0
820,10,80,0,1,0
821,10,172,99,1,0
822,10,433,0,1,0
823,10,265,0,1,0
824,10,266,0,1,0
825,10,333,99,1,0
826,10,123,99,1,0
827,10,389,98,1,0
828,10,174,99,1,0
829,10,69,0,1,0
830,10,382,0,1,0
831,10,305,0,1,0
832,10,398,99,1,0
833,10,380,99,1,0
834,10,95,99,1,0
835,10,196,0,1,0
836,10,327,99,1,0
837,10,339,99,1,0
838,10,381,0,1,0
839,10,404,99,1,0
840,10,271,99,1,0
841,10,208,7,1,0
842,10,173,0,1,0
843,10,131,99,1,0
844,10,50,0,1,0
845,10,279,99,1,0
846,10,36,2,1,0
847,10,27,99,1,0
848,10,371,99,1,0
849,10,318,0,1,0
850,10,319,99,1,0
851,10,361,0,1,0
852,10,438,98,1,0
853,10,256,0,1,0
854,10,187,99,1,0
855,10,375,99,1,0
856,10,262,0,1,0
857,10,57,0,1,0
858,10,384,0,1,0
859,10,217,0,1,0
860,10,370,99,1,0
861,10,336,0,1,0
862,10,238,12,1,0
863,10,158,0,1,0
864,10,263,99,1,0
865,10,393,0,1,0
866,10,257,0,1,0
867,10,267,99,1,0
868,10,373,0,1,0
869,10,383,99,1,0
870,10,229,0,1,0
871,10,325,0,1,0
872,10,252,0,1,0
873,10,407,99,1,0
874,10,52,0,1,0
875,10,152,98,1,0
876,10,195,99,1,0
877,10,374,0,1,0
878,10,385,0,1,0
879,10,340,3,1,0
880,11,298,0,1,0
881,11,363,99,1,0
882,11,249,0,1,0
883,11,129,0,1,0
884,11,386,0,1,0
885,11,156,98,1,0
886,11,293,0,1,0
887,11,267,99,1,0
888,11,375,99,1,0
889,11,147,99,1,0
890,11,23,99,1,0
891,11,48,0,1,0
892,11,188,0,1,0
893,11,25,0,1,0
894,11,63,99,1,0
895,11,100,0,1,0
896,11,77,98,1,0
897,11,154,0,1,0
898,11,57,0,1,0
899,11,302,99,1,0
900,11,96,0,1,0
901,11,414,0,1,0
902,11,432,0,1,0
903,11,342,99,1,0
904,11,84,7,1,0
905,11,287,99,1,0
906,11,319,99,1,0
907,11,90,3,1,0
908,11,243,99,1,0
909,11,362,8,1,0
910,11,189,0,1,0
911,11,24,0,1,0
912,11,277,0,1,0
913,11,43,99,1,0
914,11,50,8,1,0
915,11,65,0,1,0
916,11,262,0,1,0
917,11,157,8,1,0
918,11,120,3,1,0
919,11,235,99,1,0
920,11,36,2,1,0
921,11,292,0,1,0
922,11,70,8,1,0
923,11,199,99,1,0
924,11,225,0,1,0
925,11,145,8,1,0
926,11,221,0,1,0
927,11,261,0,1,0
928,11,89,0,1,0
929,11,95,99,1,0
930,11,44,0,1,0
931,11,429,8,1,0
932,11,42,0,1,0
933,11,313,0,1,0
934,11,146,0,1,0
935,11,369,0,1,0
936,11,33,0,1,0
937,11,195,99,1,0
938,11,418,98,1,0
939,11,372,0,1,0
940,11,419,99,1,0
941,11,78,0,1,0
942,11,93,8,1,0
943,11,274,99,1,0
944,11,248,0,1,0
945,11,173,0,1,0
946,11,355,99,1,0
947,11,303,99,1,0
948,11,387,99,1,0
949,11,301,0,1,0
950,11,290,99,1,0
951,11,153,0,1,0
952,11,118,8,1,0
953,11,255,99,1,0
954,11,58,8,1,0
955,11,426,4,1,0
956,11,28,3,1,0
957,11,360,0,1,0
958,11,392,0,1,0
959,11,207,99,1,0
960,12,349,99,1,0
961,12,24,0,1,0
962,12,363,99,1,0
963,12,333,99,1,0
964,12,370,0,1,0
965,12,283,99,1,0
966,12,43,99,1,0
967,12,397,98,1,0
968,12,257,0,1,0
969,12,239,99,1,0
970,12,299,99,1,0
971,12,148,0,1,0
972,12,401,0,1,0
973,12,94,13,1,0
974,12,67,99,1,0
975,12,394,99,1,0
976,12,69,0,1,0
977,12,414,0,1,0
978,12,32,0,1,0
979,12,37,0,1,0
980,12,405,0,1,0
981,12,428,0,1,0
982,12,111,99,1,0
983,12,209,0,1,0
984,12,317,0,1,0
985,12,208,7,1,0
986,12,92,99,1,0
987,12,144,3,1,0
988,12,353,0,1,0
989,12,65,0,1,0
990,12,342,0,1,0
991,12,337,0,1,0
992,12,391,99,1,0
993,12,346,99,1,0
994,12,174,0,1,0
995,12,309,0,1,0
996,12,422,0,1,0
997,12,278,13,1,0
998,12,101,0,1,0
999,12,95,99,1,0
1000,12,89,0,1,0
1001,12,412,0,1,0
1002,12,139,99,1,0
1003,12,151,99,1,0
1004,12,313,0,1,0
1005,12,282,99,1,0
1006,12,166,0,1,0
1007,12,169,0,1,0
1008,12,387,99,1,0
1009,12,330,0,1,0
1010,12,390,0,1,0
1011,12,50,0,1,0
1012,12,399,99,1,0
1013,12,325,0,1,0
1014,12,49,0,1,0
1015,12,128,98,1,0
1016,12,74,0,1,0
1017,12,406,22,1,0
1018,12,289,0,1,0
1019,12,420,0,1,0
1020,12,263,99,1,0
1021,12,216,0,1,0
1022,12,186,0,1,0
1023,12,23,99,1,0
1024,12,226,0,1,0
1025,12,234,99,1,0
1026,12,222,99,1,0
1027,12,107,99,1,0
1028,12,163,99,1,0
1029,12,301,0,1,0
1030,12,60,98,1,0
1031,12,213,0,1,0
1032,12,113,0,1,0
1033,12,347,99,1,0
1034,12,195,99,1,0
1035,12,425,0,1,0
1036,12,260,0,1,0
1037,12,28,98,1,0
1038,12,276,99,1,0
1039,12,424,0,1,0
1040,13,34,0,1,0
1041,13,350,0,1,0
1042,13,383,99,1,0
1043,13,266,0,1,0
1044,13,334,0,1,0
1045,13,276,99,1,0
1046,13,76,0,1,0
1047,13,373,0,1,0
1048,13,283,99,1,0
1049,13,122,0,1,0
1050,13,66,8,1,0
1051,13,101,0,1,0
1052,13,52,0,1,0
1053,13,80,0,1,0
1054,13,321,0,1,0
1055,13,56,7,1,0
1056,13,165,0,1,0
1057,13,415,99,1,0
1058,13,315,99,1,0
1059,13,39,99,1,0
1060,13,195,99,1,0
1061,13,335,99,1,0
1062,13,412,0,1,0
1063,13,372,0,1,0
1064,13,88,0,1,0
1065,13,323,99,1,0
1066,13,235,99,1,0
1067,13,375,99,1,0
1068,13,384,0,1,0
1069,13,125,0,1,0
1070,13,83,99,1,0
1071,13,234,0,1,0
1072,13,65,0,1,0
1073,13,357,0,1,0
1074,13,90,3,1,0
1075,13,132,99,1,0
1076,13,50,0,1,0
1077,13,137,0,1,0
1078,13,156,98,1,0
1079,13,46,0,1,0
1080,13,120,3,1,0
1081,13,222,8,1,0
1082,13,347,99,1,0
1083,13,322,0,1,0
1084,13,114,8,1,0
1085,13,69,0,1,0
1086,13,380,0,1,0
1087,13,257,0,1,0
1088,13,158,0,1,0
1089,13,361,0,1,0
1090,13,247,99,1,0
1091,13,345,0,1,0
1092,13,242,8,1,0
1093,13,231,99,1,0
1094,13,102,8,1,0
1095,13,98,0,1,0
1096,13,295,99,1,0
1097,13,262,0,1,0
1098,13,162,0,1,0
1099,13,173,0,1,0
1100,13,244,0,1,0
1101,13,99,99,1,0
1102,13,35,99,1,0
1103,13,54,0,1,0
1104,13,161,0,1,0
1105,13,281,0,1,0
1106,13,26,8,1,0
1107,13,255,99,1,0
1108,13,368,0,1,0
1109,13,63,99,1,0
1110,13,390,0,1,0
1111,13,72,3,1,0
1112,13,238,4,1,0
1113,13,70,0,1,0
1114,13,306,0,1,0
1115,13,141,0,1,0
1116,13,251,99,1,0
1117,13,433,0,1,0
1118,13,275,99,1,0
1119,13,178,0,1,0
1120,14,312,0,1,0
1121,14,322,0,1,0
1122,14,51,99,1,0
1123,14,184,0,1,0
1124,14,434,0,1,0
1125,14,77,98,1,0
1126,14,128,98,1,0
1127,14,287,99,1,0
1128,14,122,0,1,0
1129,14,179,99,1,0
1130,14,435,67,1,0
1131,14,75,99,1,0
1132,14,416,0,1,0
1133,14,299,99,1,0
1134,14,23,99,1,0
1135,14,363,99,1,0
1136,14,286,99,1,0
1137,14,343,99,1,0
1138,14,420,0,1,0
1139,14,215,99,1,0
1140,14,95,99,1,0
1141,14,433,0,1,0
1142,14,110,99,1,0
1143,14,412,0,1,0
1144,14,143,99,1,0
1145,14,166,0,1,0
1146,14,80,0,1,0
1147,14,104,0,1,0
1148,14,309,0,1,0
1149,14,181,0,1,0
1150,14,34,0,1,0
1151,14,352,3,1,0
1152,14,61,0,1,0
1153,14,255,99,1,0
1154,14,60,98,1,0
1155,14,93,99,1,0
1156,14,73,0,1,0
1157,14,327,99,1,0
1158,14,353,0,1,0
1159,14,336,0,1,0
1160,14,54,0,1,0
1161,14,232,17,1,0
1162,14,408,0,1,0
1163,14,285,0,1,0
1164,14,193,0,1,0
1165,14,224,0,1,0
1166,14,439,99,1,0
1167,14,33,0,1,0
1168,14,191,99,1,0
1169,14,198,0,1,0
1170,14,218,0,1,0
1171,14,341,0,1,0
1172,14,316,0,1,0
1173,14,331,99,1,0
1174,14,381,0,1,0
1175,14,228,0,1,0
1176,14,364,0,1,0
1177,14,92,99,1,0
1178,14,245,0,1,0
1179,14,436,0,1,0
1180,14,134,13,1,0
1181,14,70,0,1,0
1182,14,47,99,1,0
1183,14,242,99,1,0
1184,14,254,99,1,0
1185,14,233,0,1,0
1186,14,152,0,1,0
1187,14,45,0,1,0
1188,14,244,0,1,0
1189,14,165,0,1,0
1190,14,138,0,1,0
1191,14,66,99,1,0
1192,14,430,0,1,0
1193,14,98,0,1,0
1194,14,141,0,1,0
1195,14,199,38,1,0
1196,14,182,0,1,0
1197,14,330,0,1,0
1198,14,282,99,1,0
1199,14,249,0,1,0
1200,15,259,99,1,0
1201,15,45,0,1,0
1202,15,189,0,1,0
1203,15,318,0,1,0
1204,15,212,3,1,0
1205,15,293,0,1,0
1206,15,320,0,1,0
1207,15,214,0,1,0
1208,15,67,0,1,0
1209,15,297,0,1,0
1210,15,393,0,1,0
1211,15,399,99,1,0
1212,15,416,3,1,0
1213,15,260,0,1,0
1214,15,328,7,1,0
1215,15,62,0,1,0
1216,15,430,0,1,0
1217,15,133,0,1,0
1218,15,35,99,1,0
1219,15,325,0,1,0
1220,15,34,0,1,0
1221,15,332,0,1,0
1222,15,41,0,1,0
1223,15,251,99,1,0
1224,15,135,0,1,0
1225,15,427,99,1,0
1226,15,128,3,1,0
1227,15,296,3,1,0
1228,15,410,99,1,0
1229,15,439,99,1,0
1230,15,68,0,1,0
1231,15,417,0,1,0
1232,15,54,0,1,0
1233,15,72,3,1,0
1234,15,363,20,1,0
1235,15,164,0,1,0
1236,15,231,99,1,0
1237,15,316,0,1,0
1238,15,159,99,1,0
1239,15,168,3,1,0
1240,15,331,8,1,0
1241,15,20,0,1,0
1242,15,76,0,1,0
1243,15,230,0,1,0
1244,15,155,0,1,0
1245,15,256,0,1,0
1246,15,324,0,1,0
1247,15,381,0,1,0
1248,15,115,0,1,0
1249,15,132,99,1,0
1250,15,350,0,1,0
1251,15,305,0,1,0
1252,15,425,0,1,0
1253,15,29,0,1,0
1254,15,250,99,1,0
1255,15,327,8,1,0
1256,15,229,0,1,0
1257,15,140,98,1,0
1258,15,413,0,1,0
1259,15,185,0,1,0
1260,15,199,0,1,0
1261,15,138,0,1,0
1262,15,326,0,1,0
1263,15,272,0,1,0
1264,15,92,8,1,0
1265,15,314,0,1,0
1266,15,146,0,1,0
1267,15,309,0,1,0
1268,15,299,0,1,0
1269,15,42,0,1,0
1270,15,265,0,1,0
1271,15,415,99,1,0
1272,15,43,99,1,0
1273,15,317,0,1,0
1274,15,129,0,1,0
1275,15,414,0,1,0
1276,15,202,0,1,0
1277,15,341,0,1,0
1278,15,218,0,1,0
1279,15,355,3,1,0
1280,16,390,99,1,0
1281,16,420,0,1,0
1282,16,230,99,1,0
1283,16,412,0,1,0
1284,16,255,99,1,0
1285,16,84,3,1,0
1286,16,30,99,1,0
1287,16,302,0,1,0
1288,16,76,8,1,0
1289,16,162,0,1,0
1290,16,197,0,1,0
1291,16,106,99,1,0
1292,16,133,0,1,0
1293,16,249,0,1,0
1294,16,128,98,1,0
1295,16,323,99,1,0
1296,16,215,99,1,0
1297,16,68,0,1,0
1298,16,63,17,1,0
1299,16,274,4,1,0
1300,16,182,99,1,0
1301,16,122,0,1,0
1302,16,93,4,1,0
1303,16,110,99,1,0
1304,16,212,3,1,0
1305,16,108,0,1,0
1306,16,340,3,1,0
1307,16,210,0,1,0
1308,16,329,18,1,0
1309,16,88,0,1,0
1310,16,127,99,1,0
1311,16,54,0,1,0
1312,16,172,99,1,0
1313,16,177,0,1,0
1314,16,235,99,1,0
1315,16,312,0,1,0
1316,16,395,99,1,0
1317,16,157,99,1,0
1318,16,90,98,1,0
1319,16,190,0,1,0
1320,16,130,0,1,0
1321,16,416,0,1,0
1322,16,433,0,1,0
1323,16,346,4,1,0
1324,16,227,99,1,0
1325,16,51,99,1,0
1326,16,349,4,1,0
1327,16,380,4,1,0
1328,16,273,99,1,0
1329,16,421,0,1,0
1330,16,267,99,1,0
1331,16,86,0,1,0
1332,16,119,99,1,0
1333,16,363,99,1,0
1334,16,234,4,1,0
1335,16,315,99,1,0
1336,16,155,99,1,0
1337,16,379,99,1,0
1338,16,305,0,1,0
1339,16,331,99,1,0
1340,16,400,99,1,0
1341,16,243,13,1,0
1342,16,72,8,1,0
1343,16,186,0,1,0
1344,16,316,0,1,0
1345,16,429,99,1,0
1346,16,36,7,1,0
1347,16,145,99,1,0
1348,16,70,4,1,0
1349,16,281,0,1,0
1350,16,48,0,1,0
1351,16,204,7,1,0
1352,16,361,99,1,0
1353,16,201,0,1,0
1354,16,260,0,1,0
1355,16,359,99,1,0
1356,16,343,99,1,0
1357,16,306,99,1,0
1358,16,385,0,1,0
1359,16,47,99,1,0
1360,17,65,0,1,0
1361,17,60,0,1,0
1362,17,259,99,1,0
1363,17,47,99,1,0
1364,17,244,0,1,0
1365,17,55,99,1,0
1366,17,23,90,1,0
1367,17,146,0,1,0
1368,17,297,0,1,0
1369,17,73,0,1,0
1370,17,384,0,1,0
1371,17,254,9,1,0
1372,17,191,99,1,0
1373,17,167,9,1,0
1374,17,138,0,1,0
1375,17,237,0,1,0
1376,17,285,0,1,0
1377,17,257,0,1,0
1378,17,123,99,1,0
1379,17,214,0,1,0
1380,17,175,99,1,0
1381,17,95,8,1,0
1382,17,261,0,1,0
1383,17,276,4,1,0
1384,17,200,8,1,0
1385,17,382,0,1,0
1386,17,426,8,1,0
1387,17,121,0,1,0
1388,17,373,0,1,0
1389,17,250,99,1,0
1390,17,180,0,1,0
1391,17,177,0,1,0
1392,17,77,0,1,0
1393,17,30,0,1,0
1394,17,294,99,1,0
1395,17,153,0,1,0
1396,17,127,8,1,0
1397,17,128,3,1,0
1398,17,185,0,1,0
1399,17,137,0,1,0
1400,17,284,3,1,0
1401,17,386,0,1,0
1402,17,370,0,1,0
1403,17,385,0,1,0
1404,17,270,99,1,0
1405,17,278,99,1,0
1406,17,251,99,1,0
1407,17,227,99,1,0
1408,17,347,99,1,0
1409,17,39,99,1,0
1410,17,61,0,1,0
1411,17,356,3,1,0
1412,17,125,0,1,0
1413,17,402,0,1,0
1414,17,430,0,1,0
1415,17,300,0,1,0
1416,17,89,0,1,0
1417,17,172,4,1,0
1418,17,163,99,1,0
1419,17,281,0,1,0
1420,17,309,0,1,0
1421,17,230,0,1,0
1422,17,247,99,1,0
1423,17,396,0,1,0
1424,17,246,8,1,0
1425,17,109,3,1,0
1426,17,217,0,1,0
1427,17,302,0,1,0
1428,17,366,0,1,0
1429,17,288,0,1,0
1430,17,203,99,1,0
1431,17,280,0,1,0
1432,17,372,0,1,0
1433,17,324,8,1,0
1434,17,199,9,1,0
1435,17,139,99,1,0
1436,17,298,0,1,0
1437,17,107,99,1,0
1438,17,140,98,1,0
1439,17,104,0,1,0
1440,18,342,0,1,0
1441,18,310,99,1,0
1442,18,295,99,1,0
1443,18,360,0,1,0
1444,18,408,0,1,0
1445,18,394,4,1,0
1446,18,148,0,1,0
1447,18,48,0,1,0
1448,18,349,4,1,0
1449,18,242,4,1,0
1450,18,383,13,1,0
1451,18,292,0,1,0
1452,18,382,0,1,0
1453,18,205,0,1,0
1454,18,129,0,1,0
1455,18,189,0,1,0
1456,18,319,99,1,0
1457,18,311,99,1,0
1458,18,415,99,1,0
1459,18,157,99,1,0
1460,18,60,0,1,0
1461,18,213,0,1,0
1462,18,44,0,1,0
1463,18,351,99,1,0
1464,18,181,0,1,0
1465,18,166,8,1,0
1466,18,337,0,1,0
1467,18,283,13,1,0
1468,18,85,3,1,0
1469,18,416,0,1,0
1470,18,34,0,1,0
1471,18,281,0,1,0
1472,18,198,99,1,0
1473,18,229,0,1,0
1474,18,51,99,1,0
1475,18,225,0,1,0
1476,18,259,99,1,0
1477,18,101,0,1,0
1478,18,134,99,1,0
1479,18,224,8,1,0
1480,18,209,0,1,0
1481,18,106,99,1,0
1482,18,339,99,1,0
1483,18,374,0,1,0
1484,18,366,0,1,0
1485,18,162,0,1,0
1486,18,89,0,1,0
1487,18,137,99,1,0
1488,18,81,0,1,0
1489,18,22,99,1,0
1490,18,201,0,1,0
1491,18,420,0,1,0
1492,18,336,0,1,0
1493,18,28,0,1,0
1494,18,102,99,1,0
1495,18,105,0,1,0
1496,18,91,99,1,0
1497,18,207,99,1,0
1498,18,246,13,1,0
1499,18,173,0,1,0
1500,18,362,8,1,0
1501,18,376,0,1,0
1502,18,237,0,1,0
1503,18,62,13,1,0
1504,18,67,99,1,0
1505,18,398,4,1,0
1506,18,409,0,1,0
1507,18,313,0,1,0
1508,18,94,99,1,0
1509,18,390,99,1,0
1510,18,400,99,1,0
1511,18,258,8,1,0
1512,18,75,13,1,0
1513,18,377,3,1,0
1514,18,312,0,1,0
1515,18,393,0,1,0
1516,18,118,13,1,0
1517,18,193,0,1,0
1518,18,185,0,1,0
1519,18,222,4,1,0
1520,19,300,0,1,0
1521,19,192,3,1,0
1522,19,106,13,1,0
1523,19,88,0,1,0
1524,19,260,0,1,0
1525,19,363,8,1,0
1526,19,399,8,1,0
1527,19,197,99,1,0
1528,19,159,99,1,0
1529,19,370,9,1,0
1530,19,279,8,1,0
1531,19,293,0,1,0
1532,19,361,4,1,0
1533,19,185,0,1,0
1534,19,351,99,1,0
1535,19,135,9,1,0
1536,19,338,9,1,0
1537,19,374,0,1,0
1538,19,241,0,1,0
1539,19,74,0,1,0
1540,19,348,8,1,0
1541,19,256,99,1,0
1542,19,68,0,1,0
1543,19,41,0,1,0
1544,19,376,0,1,0
1545,19,46,3,1,0
1546,19,152,0,1,0
1547,19,36,7,1,0
1548,19,23,8,1,0
1549,19,278,99,1,0
1550,19,247,99,1,0
1551,19,79,99,1,0
1552,19,438,0,1,0
1553,19,217,0,1,0
1554,19,115,9,1,0
1555,19,142,0,1,0
1556,19,402,0,1,0
1557,19,21,0,1,0
1558,19,423,99,1,0
1559,19,181,0,1,0
1560,19,294,4,1,0
1561,19,179,98,1,0
1562,19,271,8,1,0
1563,19,265,0,1,0
1564,19,395,9,1,0
1565,19,129,0,1,0
1566,19,190,0,1,0
1567,19,78,0,1,0
1568,19,267,3,1,0
1569,19,169,8,1,0
1570,19,236,0,1,0
1571,19,346,4,1,0
1572,19,117,0,1,0
1573,19,193,0,1,0
1574,19,206,99,1,0
1575,19,266,0,1,0
1576,19,230,4,1,0
1577,19,252,0,1,0
1578,19,111,98,1,0
1579,19,105,0,1,0
1580,19,75,9,1,0
1581,19,37,0,1,0
1582,19,83,8,1,0
1583,19,311,99,1,0
1584,19,261,0,1,0
1585,19,397,0,1,0
1586,19,366,0,1,0
1587,19,283,8,1,0
1588,19,273,99,1,0
1589,19,357,0,1,0
1590,19,200,8,1,0
1591,19,340,3,1,0
1592,19,268,0,1,0
1593,19,341,8,1,0
1594,19,316,0,1,0
1595,19,209,0,1,0
1596,19,408,0,1,0
1597,19,360,0,1,0
1598,19,343,45,1,0
1599,19,122,8,1,0
1600,66,288,0,1,0
1601,66,54,0,1,0
1602,66,106,56,1,0
1603,66,415,99,1,0
1604,66,243,99,1,0
1605,66,101,0,1,0
1606,66,352,3,1,0
1607,66,174,0,1,0
1608,66,362,0,1,0
1609,66,437,0,1,0
1610,66,296,3,1,0
1611,66,126,0,1,0
1612,66,397,98,1,0
1613,66,407,99,1,0
1614,66,86,0,1,0
1615,66,161,0,1,0
1616,66,59,99,1,0
1617,66,41,0,1,0
1618,66,79,99,1,0
1619,66,151,99,1,0
1620,70,304,98,1,0
1621,70,111,99,1,0
1622,70,405,0,1,0
1623,70,366,0,1,0
1624,70,349,99,1,0
1625,70,85,3,1,0
1626,70,153,0,1,0
1627,70,121,0,1,0
1628,70,409,1,1,0
1629,70,41,0,1,0
1630,70,371,99,1,0
1631,70,135,99,1,0
1632,70,100,0,1,0
1633,70,238,4,1,0
1634,70,157,31,1,0
1635,70,108,0,1,0
1636,70,291,99,1,0
1637,70,345,0,1,0
1638,70,332,0,1,0
1639,70,286,99,1,0
1640,71,288,0,1,0
1641,71,228,0,1,0
1642,71,37,0,1,0
1643,71,238,0,1,0
1644,71,275,90,1,0
1645,71,73,0,1,0
1646,71,189,0,1,0
1647,71,174,0,1,0
1648,71,336,0,1,0
1649,71,128,0,1,0
1650,71,133,0,1,0
1651,71,237,0,1,0
1652,71,29,0,1,0
1653,71,216,0,1,0
1654,71,339,0,1,0
1655,71,208,3,1,0
1656,71,322,0,1,0
1657,71,229,0,1,0
1658,71,116,0,1,0
1659,71,78,0,1,0
1660,81,92,97,1,0
1661,81,313,0,1,0
1662,81,295,98,1,0
1663,81,420,0,1,0
1664,81,340,0,1,0
1665,81,388,0,1,0
1666,81,381,0,1,0
1667,81,116,0,1,0
1668,81,257,0,1,0
1669,81,114,99,1,0
1670,81,25,0,1,0
1671,81,24,0,1,0
1672,81,308,0,1,0
1673,81,72,98,1,0
1674,81,199,99,1,0
1675,81,90,0,1,0
1676,81,227,99,1,0
1677,81,132,78,1,0
1678,81,357,0,1,0
1679,81,320,0,1,0
1680,91,177,0,1,0
1681,91,108,0,1,0
1682,91,299,0,1,0
1683,91,104,0,1,0
1684,91,174,0,1,0
1685,91,313,0,1,0
1686,91,191,91,1,0
1687,91,330,0,1,0
1688,91,337,0,1,0
1689,91,354,0,1,0
1690,91,184,0,1,0
1691,91,42,0,1,0
1692,91,203,17,1,0
1693,91,351,97,1,0
1694,91,279,0,1,0
1695,91,255,0,1,0
1696,91,198,0,1,0
1697,91,28,0,1,0
1698,91,74,0,1,0
1699,91,114,0,1,0
1700,93,201,0,1,0
1701,93,25,0,1,0
1702,93,129,0,1,0
1703,93,406,82,1,0
1704,93,177,0,1,0
1705,93,207,99,1,0
1706,93,167,99,1,0
1707,93,166,0,1,0
1708,93,249,0,1,0
1709,93,51,99,1,0
1710,93,191,99,1,0
1711,93,208,98,1,0
1712,93,320,0,1,0
1713,93,362,0,1,0
1714,93,351,99,1,0
1715,93,323,99,1,0
1716,93,205,0,1,0
1717,93,407,99,1,0
1718,93,386,0,1,0
1719,93,109,98,1,0
1720,97,419,99,1,0
1721,97,103,99,1,0
1722,97,187,99,1,0
1723,97,385,0,1,0
1724,97,420,0,1,0
1725,97,39,99,1,0
1726,97,263,99,1,0
1727,97,278,99,1,0
1728,97,25,0,1,0
1729,97,106,99,1,0
1730,97,285,0,1,0
1731,97,378,0,1,0
1732,97,72,3,1,0
1733,97,232,99,1,0
1734,97,179,99,1,0
1735,97,425,0,1,0
1736,97,388,0,1,0
1737,97,149,0,1,0
1738,97,326,0,1,0
1739,97,255,99,1,0
1740,98,227,99,1,0
1741,98,130,0,1,0
1742,98,87,99,1,0
1743,98,75,99,1,0
1744,98,358,94,1,0
1745,98,275,99,1,0
1746,98,399,95,1,0
1747,98,82,99,1,0
1748,98,246,99,1,0
1749,98,215,99,1,0
1750,98,174,0,1,0
1751,98,242,35,1,0
1752,98,151,99,1,0
1753,98,166,2,1,0
1754,98,73,0,1,0
1755,98,322,0,1,0
1756,98,51,73,1,0
1757,98,83,99,1,0
1758,98,273,0,1,0
1759,98,319,73,1,0
1760,119,377,0,1,0
1761,119,397,0,1,0
1762,119,431,0,1,0
1763,119,366,0,1,0
1764,119,40,0,1,0
1765,119,386,0,1,0
1766,119,36,0,1,0
1767,119,87,0,1,0
1768,119,203,0,1,0
1769,119,385,0,1,0
1770,119,300,0,1,0
1771,119,347,0,1,0
1772,119,261,0,1,0
1773,119,235,0,1,0
1774,119,257,0,1,0
1775,119,333,0,1,0
1776,119,151,4,1,0
1777,119,423,4,1,0
1778,119,158,0,1,0
1779,119,329,0,1,0
1780,122,136,90,1,0
1781,122,84,0,1,0
1782,122,125,0,1,0
1783,122,308,0,1,0
1784,122,322,0,1,0
1785,122,190,0,1,0
1786,122,337,0,1,0
1787,122,279,99,1,0
1788,122,226,0,1,0
1789,122,35,99,1,0
1790,122,40,0,1,0
1791,122,263,99,1,0
1792,122,201,0,1,0
1793,122,178,99,1,0
1794,122,205,0,1,0
1795,122,58,4,1,0
1796,122,248,0,1,0
1797,122,41,0,1,0
1798,122,426,99,1,0
1799,122,366,0,1,0
1800,127,129,0,1,0
1801,127,409,0,1,0
1802,127,386,0,1,0
1803,127,248,0,1,0
1804,127,406,4,1,0
1805,127,241,0,1,0
1806,127,232,4,1,0
1807,127,329,4,1,0
1808,127,432,0,1,0
1809,127,377,0,1,0
1810,127,67,31,1,0
1811,127,439,99,1,0
1812,127,250,36,1,0
1813,127,270,70,1,0
1814,127,325,0,1,0
1815,127,302,0,1,0
1816,127,229,0,1,0
1817,127,281,0,1,0
1818,127,69,0,1,0
1819,127,205,0,1,0
1820,137,439,99,1,0
1821,137,353,0,1,0
1822,137,357,0,1,0
1823,137,128,0,1,0
1824,137,313,0,1,0
1825,137,42,0,1,0
1826,137,287,99,1,0
1827,137,33,0,1,0
1828,137,151,99,1,0
1829,137,184,0,1,0
1830,137,390,0,1,0
1831,137,165,0,1,0
1832,137,430,0,1,0
1833,137,356,98,1,0
1834,137,248,0,1,0
1835,137,100,4,1,0
1836,137,240,0,1,0
1837,137,351,99,1,0
1838,137,426,99,1,0
1839,137,337,0,1,0
1840,142,420,0,1,0
1841,142,88,0,1,0
1842,142,51,92,1,0
1843,142,251,92,1,0
1844,142,130,0,1,0
1845,142,58,5,1,0
1846,142,330,0,1,0
1847,142,431,96,1,0
1848,142,414,0,1,0
1849,142,141,0,1,0
1850,142,288,0,1,0
1851,142,242,0,1,0
1852,142,272,0,1,0
1853,142,403,99,1,0
1854,142,438,50,1,0
1855,142,104,0,1,0
1856,142,305,0,1,0
1857,142,369,0,1,0
1858,142,280,0,1,0
1859,142,285,0,1,0
1860,145,207,99,1,0
1861,145,377,25,1,0
1862,145,128,98,1,0
1863,145,106,99,1,0
1864,145,308,0,1,0
1865,145,165,0,1,0
1866,145,108,0,1,0
1867,145,386,0,1,0
1868,145,156,0,1,0
1869,145,253,0,1,0
1870,145,291,99,1,0
1871,145,195,99,1,0
1872,145,403,98,1,0
1873,145,198,99,1,0
1874,145,330,0,1,0
1875,145,26,99,1,0
1876,145,280,0,1,0
1877,145,41,0,1,0
1878,145,219,99,1,0
1879,145,312,0,1,0
1880,147,60,0,1,0
1881,147,418,0,1,0
1882,147,72,0,1,0
1883,147,140,0,1,0
1884,147,251,0,1,0
1885,147,110,0,1,0
1886,147,28,0,1,0
1887,147,179,41,1,0
1888,147,203,4,1,0
1889,147,377,0,1,0
1890,147,322,0,1,0
1891,147,32,0,1,0
1892,147,410,0,1,0
1893,147,411,97,1,0
1894,147,349,0,1,0
1895,147,402,0,1,0
1896,147,23,0,1,0
1897,147,401,0,1,0
1898,147,46,0,1,0
1899,147,133,0,1,0
1900,148,78,0,0,0
1901,148,154,0,0,0
1902,148,60,0,0,0
1903,148,373,0,0,0
1904,148,345,0,0,0
1905,148,59,0,0,0
1906,148,430,0,0,0
1907,148,418,0,0,0
1908,148,189,0,0,0
1909,148,263,0,0,0
1910,148,34,0,0,0
1911,148,316,0,0,0
1912,148,198,0,0,0
1913,148,325,0,0,0
1914,148,295,0,0,0
1915,148,96,0,0,0
1916,148,104,0,0,0
1917,148,138,0,0,0
1918,148,108,0,0,0
1919,148,201,0,0,0
1920,150,215,60,1,0
1921,150,159,4,1,0
1922,150,102,4,1,0
1923,150,297,0,1,0
1924,150,117,0,1,0
1925,150,372,0,1,0
1926,150,387,59,1,0
1927,150,116,0,1,0
1928,150,232,0,1,0
1929,150,77,0,1,0
1930,150,44,0,1,0
1931,150,107,99,1,0
1932,150,355,79,1,0
1933,150,350,4,1,0
1934,150,358,0,1,0
1935,150,273,4,1,0
1936,150,401,0,1,0
1937,150,327,84,1,0
1938,150,190,0,1,0
1939,150,109,0,1,0
1940,155,40,0,1,0
1941,155,132,97,1,0
1942,155,39,99,1,0
1943,155,351,99,1,0
1944,155,364,0,1,0
1945,155,310,0,1,0
1946,155,90,0,1,0
1947,155,88,0,1,0
1948,155,297,0,1,0
1949,155,189,0,1,0
1950,155,27,99,1,0
1951,155,354,0,1,0
1952,155,389,0,1,0
1953,155,223,99,1,0
1954,155,397,0,1,0
1955,155,159,99,1,0
1956,155,69,0,1,0
1957,155,149,0,1,0
1958,155,241,0,1,0
1959,155,371,99,1,0
1960,164,25,0,1,0
1961,164,285,0,1,0
1962,164,287,99,1,0
1963,164,237,0,1,0
1964,164,35,99,1,0
1965,164,412,0,1,0
1966,164,107,99,1,0
1967,164,44,0,1,0
1968,164,349,77,1,0
1969,164,328,0,1,0
1970,164,74,0,1,0
1971,164,327,99,1,0
1972,164,129,0,1,0
1973,164,291,99,1,0
1974,164,397,0,1,0
1975,164,203,99,1,0
1976,164,356,0,1,0
1977,164,337,0,1,0
1978,164,42,0,1,0
1979,164,270,77,1,0
1980,169,100,99,1,0
1981,169,393,0,1,0
1982,169,354,93,1,0
1983,169,366,0,1,0
1984,169,159,99,1,0
1985,169,85,98,1,0
1986,169,49,0,1,0
1987,169,290,0,1,0
1988,169,45,0,1,0
1989,169,316,0,1,0
1990,169,134,6,1,0
1991,169,196,0,1,0
1992,169,296,85,1,0
1993,169,277,0,1,0
1994,169,215,99,1,0
1995,169,44,0,1,0
1996,169,156,9,1,0
1997,169,68,0,1,0
1998,169,190,0,1,0
1999,169,223,99,1,0
2000,170,340,0,1,0
2001,170,52,0,1,0
2002,170,207,99,1,0
2003,170,65,0,1,0
2004,170,437,0,1,0
2005,170,434,0,1,0
2006,170,55,98,1,0
2007,170,128,0,1,0
2008,170,371,99,1,0
2009,170,384,0,1,0
2010,170,260,0,1,0
2011,170,250,18,1,0
2012,170,151,99,1,0
2013,170,96,0,1,0
2014,170,241,0,1,0
2015,170,271,42,1,0
2016,170,21,0,1,0
2017,170,72,98,1,0
2018,170,39,89,1,0
2019,170,160,0,1,0
2020,180,40,0,1,0
2021,180,187,99,1,0
2022,180,247,99,1,0
2023,180,149,0,1,0
2024,180,22,4,1,0
2025,180,290,0,1,0
2026,180,367,99,1,0
2027,180,316,0,1,0
2028,180,402,0,1,0
2029,180,264,0,1,0
2030,180,432,8,1,0
2031,180,375,99,1,0
2032,180,82,99,1,0
2033,180,204,96,1,0
2034,180,106,4,1,0
2035,180,298,0,1,0
2036,180,433,0,1,0
2037,180,228,0,1,0
2038,180,291,99,1,0
2039,180,125,0,1,0
2040,183,289,0,1,0
2041,183,428,0,1,0
2042,183,221,0,1,0
2043,183,228,0,1,0
2044,183,354,0,1,0
2045,183,235,0,1,0
2046,183,57,0,1,0
2047,183,160,0,1,0
2048,183,273,0,1,0
2049,183,154,0,1,0
2050,183,251,0,1,0
2051,183,312,0,1,0
2052,183,272,0,1,0
2053,183,388,0,1,0
2054,183,288,0,1,0
2055,183,212,0,1,0
2056,183,283,0,1,0
2057,183,73,0,1,0
2058,183,373,0,1,0
2059,183,31,0,1,0
2060,188,432,99,1,0
2061,188,195,95,1,0
2062,188,76,99,1,0
2063,188,229,0,1,0
2064,188,46,3,1,0
2065,188,115,99,1,0
2066,188,173,0,1,0
2067,188,131,99,1,0
2068,188,325,0,1,0
2069,188,433,0,1,0
2070,188,52,0,1,0
2071,188,411,99,1,0
2072,188,55,99,1,0
2073,188,323,98,1,0
2074,188,238,90,1,0
2075,188,387,99,1,0
2076,188,388,0,1,0
2077,188,187,99,1,0
2078,188,54,0,1,0
2079,188,257,0,1,0
2080,194,389,3,1,0
2081,194,299,97,1,0
2082,194,44,0,1,0
2083,194,358,98,1,0
2084,194,39,99,1,0
2085,194,146,0,1,0
2086,194,116,0,1,0
2087,194,47,91,1,0
2088,194,49,0,1,0
2089,194,107,98,1,0
2090,194,357,0,1,0
2091,194,367,99,1,0
2092,194,371,99,1,0
2093,194,317,0,1,0
2094,194,231,97,1,0
2095,194,95,89,1,0
2096,194,228,0,1,0
2097,194,333,77,1,0
2098,194,263,99,1,0
2099,194,404,99,1,0
2100,200,347,95,1,0
2101,200,385,0,1,0
2102,200,435,99,1,0
2103,200,195,77,1,0
2104,200,421,0,1,0
2105,200,79,99,1,0
2106,200,330,0,1,0
2107,200,297,0,1,0
2108,200,349,77,1,0
2109,200,187,99,1,0
2110,200,179,99,1,0
2111,200,351,99,1,0
2112,200,231,99,1,0
2113,200,282,82,1,0
2114,200,423,99,1,0
2115,200,378,0,1,0
2116,200,379,99,1,0
2117,200,52,0,1,0
2118,200,102,6,1,0
2119,200,83,99,1,0
2120,202,428,0,1,0
2121,202,240,0,1,0
2122,202,403,99,1,0
2123,202,67,95,1,0
2124,202,237,0,1,0
2125,202,138,0,1,0
2126,202,69,0,1,0
2127,202,116,0,1,0
2128,202,427,99,1,0
2129,202,411,99,1,0
2130,202,287,95,1,0
2131,202,22,4,1,0
2132,202,404,95,1,0
2133,202,315,82,1,0
2134,202,20,0,1,0
2135,202,94,4,1,0
2136,202,276,8,1,0
2137,202,185,0,1,0
2138,202,179,92,1,0
2139,202,221,0,1,0
2140,210,37,0,1,0
2141,210,290,71,1,0
2142,210,54,0,1,0
2143,210,381,0,1,0
2144,210,190,0,1,0
2145,210,129,0,1,0
2146,210,141,0,1,0
2147,210,269,0,1,0
2148,210,314,0,1,0
2149,210,379,86,1,0
2150,210,77,0,1,0
2151,210,124,0,1,0
2152,210,339,91,1,0
2153,210,418,64,1,0
2154,210,337,0,1,0
2155,210,39,91,1,0
2156,210,401,0,1,0
2157,210,104,0,1,0
2158,210,22,31,1,0
2159,210,208,0,1,0
2160,211,25,0,1,0
2161,211,94,0,1,0
2162,211,270,0,1,0
2163,211,276,0,1,0
2164,211,82,0,1,0
2165,211,371,99,1,0
2166,211,322,0,1,0
2167,211,161,0,1,0
2168,211,248,0,1,0
2169,211,61,0,1,0
2170,211,312,0,1,0
2171,211,198,0,1,0
2172,211,72,0,1,0
2173,211,325,0,1,0
2174,211,327,0,1,0
2175,211,304,0,1,0
2176,211,131,0,1,0
2177,211,249,0,1,0
2178,211,291,99,1,0
2179,211,92,0,1,0
2180,218,130,0,1,0
2181,218,107,99,1,0
2182,218,260,0,1,0
2183,218,73,0,1,0
2184,218,191,95,1,0
2185,218,231,99,1,0
2186,218,402,0,1,0
2187,218,282,41,1,0
2188,218,87,99,1,0
2189,218,418,0,1,0
2190,218,177,0,1,0
2191,218,208,95,1,0
2192,218,347,82,1,0
2193,218,84,70,1,0
2194,218,293,0,1,0
2195,218,56,0,1,0
2196,218,228,0,1,0
2197,218,132,97,1,0
2198,218,138,0,1,0
2199,218,167,99,1,0
2200,220,95,99,1,0
2201,220,407,99,1,0
2202,220,165,0,1,0
2203,220,315,99,1,0
2204,220,423,99,1,0
2205,220,243,99,1,0
2206,220,313,0,1,0
2207,220,261,0,1,0
2208,220,199,99,1,0
2209,220,384,0,1,0
2210,220,319,99,1,0
2211,220,359,99,1,0
2212,220,167,99,1,0
2213,220,53,0,1,0
2214,220,161,0,1,0
2215,220,328,96,1,0
2216,220,282,82,1,0
2217,220,351,99,1,0
2218,220,372,0,1,0
2219,220,186,0,1,0
2220,222,100,0,1,0
2221,222,433,0,1,0
2222,222,240,0,1,0
2223,222,174,0,1,0
2224,222,312,0,1,0
2225,222,115,28,1,0
2226,222,136,3,1,0
2227,222,74,0,1,0
2228,222,212,3,1,0
2229,222,257,0,1,0
2230,222,262,0,1,0
2231,222,405,0,1,0
2232,222,373,0,1,0
2233,222,161,0,1,0
2234,222,94,31,1,0
2235,222,89,0,1,0
2236,222,59,99,1,0
2237,222,381,0,1,0
2238,222,162,0,1,0
2239,222,290,92,1,0
2240,224,33,0,1,0
2241,224,160,0,1,0
2242,224,73,0,1,0
2243,224,337,0,1,0
2244,224,279,99,1,0
2245,224,251,99,1,0
2246,224,265,0,1,0
2247,224,159,99,1,0
2248,224,297,0,1,0
2249,224,223,99,1,0
2250,224,38,0,1,0
2251,224,231,99,1,0
2252,224,27,99,1,0
2253,224,36,96,1,0
2254,224,60,0,1,0
2255,224,77,0,1,0
2256,224,366,0,1,0
2257,224,360,0,1,0
2258,224,34,0,1,0
2259,224,176,96,1,0
2260,225,270,41,1,0
2261,225,250,27,1,0
2262,225,118,6,1,0
2263,225,407,98,1,0
2264,225,262,0,1,0
2265,225,42,0,1,0
2266,225,373,0,1,0
2267,225,275,99,1,0
2268,225,299,92,1,0
2269,225,248,0,1,0
2270,225,432,99,1,0
2271,225,174,99,1,0
2272,225,24,0,1,0
2273,225,439,98,1,0
2274,225,36,0,1,0
2275,225,34,0,1,0
2276,225,281,0,1,0
2277,225,33,0,1,0
2278,225,357,0,1,0
2279,225,187,99,1,0
2280,230,141,0,1,0
2281,230,433,0,1,0
2282,230,415,99,1,0
2283,230,233,0,1,0
2284,230,421,0,1,0
2285,230,85,3,1,0
2286,230,207,99,1,0
2287,230,174,4,1,0
2288,230,397,0,1,0
2289,230,117,0,1,0
2290,230,157,99,1,0
2291,230,437,0,1,0
2292,230,290,0,1,0
2293,230,386,0,1,0
2294,230,88,0,1,0
2295,230,166,8,1,0
2296,230,105,0,1,0
2297,230,418,0,1,0
2298,230,92,4,1,0
2299,230,284,3,1,0
2300,234,124,23,1,0
2301,234,249,0,1,0
2302,234,140,98,1,0
2303,234,401,0,1,0
2304,234,173,0,1,0
2305,234,182,37,1,0
2306,234,58,99,1,0
2307,234,314,0,1,0
2308,234,52,0,1,0
2309,234,408,0,1,0
2310,234,34,0,1,0
2311,234,310,92,1,0
2312,234,134,99,1,0
2313,234,291,99,1,0
2314,234,241,0,1,0
2315,234,103,99,1,0
2316,234,85,3,1,0
2317,234,336,0,1,0
2318,234,330,0,1,0
2319,234,406,99,1,0
2320,244,49,0,1,0
2321,244,217,0,1,0
2322,244,158,0,1,0
2323,244,252,0,1,0
2324,244,77,0,1,0
2325,244,314,0,1,0
2326,244,96,0,1,0
2327,244,100,99,1,0
2328,244,247,96,1,0
2329,244,25,0,1,0
2330,244,123,97,1,0
2331,244,212,0,1,0
2332,244,114,4,1,0
2333,244,262,0,1,0
2334,244,294,47,1,0
2335,244,182,0,1,0
2336,244,133,0,1,0
2337,244,327,99,1,0
2338,244,54,0,1,0
2339,244,46,98,1,0
2340,245,233,0,1,0
2341,245,95,99,1,0
2342,245,379,99,1,0
2343,245,223,99,1,0
2344,245,367,99,1,0
2345,245,286,4,1,0
2346,245,280,0,1,0
2347,245,430,0,1,0
2348,245,350,99,1,0
2349,245,270,4,1,0
2350,245,106,0,1,0
2351,245,29,0,1,0
2352,245,207,99,1,0
2353,245,215,99,1,0
2354,245,252,0,1,0
2355,245,279,99,1,0
2356,245,198,0,1,0
2357,245,402,0,1,0
2358,245,264,0,1,0
2359,245,261,0,1,0
2360,254,207,98,1,0
2361,254,118,0,1,0
2362,254,437,0,1,0
2363,254,221,0,1,0
2364,254,184,0,1,0
2365,254,250,97,1,0
2366,254,74,0,1,0
2367,254,88,0,1,0
2368,254,317,0,1,0
2369,254,293,0,1,0
2370,254,243,46,1,0
2371,254,193,0,1,0
2372,254,373,0,1,0
2373,254,345,0,1,0
2374,254,199,62,1,0
2375,254,249,0,1,0
2376,254,192,0,1,0
2377,254,428,0,1,0
2378,254,308,0,1,0
2379,254,79,98,1,0
2380,256,42,0,1,0
2381,256,80,0,1,0
2382,256,62,8,1,0
2383,256,428,0,1,0
2384,256,384,0,1,0
2385,256,282,4,1,0
2386,256,350,86,1,0
2387,256,376,0,1,0
2388,256,353,0,1,0
2389,256,291,99,1,0
2390,256,134,4,1,0
2391,256,31,8,1,0
2392,256,112,0,1,0
2393,256,27,9,1,0
2394,256,232,8,1,0
2395,256,373,0,1,0
2396,256,113,0,1,0
2397,256,227,99,1,0
2398,256,219,8,1,0
2399,256,32,0,1,0
2400,259,65,0,1,0
2401,259,409,0,1,0
2402,259,436,0,1,0
2403,259,334,0,1,0
2404,259,156,0,1,0
2405,259,161,0,1,0
2406,259,236,0,1,0
2407,259,325,0,1,0
2408,259,134,0,1,0
2409,259,320,0,1,0
2410,259,338,0,1,0
2411,259,69,0,1,0
2412,259,423,99,1,0
2413,259,113,0,1,0
2414,259,56,0,1,0
2415,259,182,0,1,0
2416,259,368,0,1,0
2417,259,149,0,1,0
2418,259,304,0,1,0
2419,259,27,0,1,0
2420,266,276,0,0,0
2421,266,237,0,0,0
2422,266,228,0,0,0
2423,266,192,0,0,0
2424,266,295,0,0,0
2425,266,31,0,0,0
2426,266,231,0,0,0
2427,266,393,0,0,0
2428,266,358,0,0,0
2429,266,251,0,0,0
2430,266,203,0,0,0
2431,266,107,0,0,0
2432,266,88,0,0,0
2433,266,242,0,0,0
2434,266,369,0,0,0
2435,266,356,0,0,0
2436,266,235,0,0,0
2437,266,72,0,0,0
2438,266,172,0,0,0
2439,266,143,0,0,0
2440,267,133,0,1,0
2441,267,20,0,1,0
2442,267,160,0,1,0
2443,267,408,0,1,0
2444,267,426,0,1,0
2445,267,53,0,1,0
2446,267,32,0,1,0
2447,267,261,0,1,0
2448,267,21,0,1,0
2449,267,251,22,1,0
2450,267,89,0,1,0
2451,267,189,0,1,0
2452,267,349,0,1,0
2453,267,132,0,1,0
2454,267,165,0,1,0
2455,267,425,0,1,0
2456,267,159,86,1,0
2457,267,156,0,1,0
2458,267,316,0,1,0
2459,267,388,0,1,0
2460,268,386,0,0,0
2461,268,257,0,0,0
2462,268,151,0,0,0
2463,268,123,0,0,0
2464,268,312,0,0,0
2465,268,388,0,0,0
2466,268,58,0,0,0
2467,268,40,0,0,0
2468,268,263,0,0,0
2469,268,110,0,0,0
2470,268,120,0,0,0
2471,268,291,0,0,0
2472,268,393,0,0,0
2473,268,95,0,0,0
2474,268,373,0,0,0
2475,268,209,0,0,0
2476,268,208,0,0,0
2477,268,364,0,0,0
2478,268,336,0,0,0
2479,268,395,0,0,0
2480,274,174,4,1,0
2481,274,426,4,1,0
2482,274,116,0,1,0
2483,274,149,0,1,0
2484,274,432,0,1,0
2485,274,84,24,1,0
2486,274,196,0,1,0
2487,274,423,97,1,0
2488,274,195,99,1,0
2489,274,340,3,1,0
2490,274,236,0,1,0
2491,274,411,97,1,0
2492,274,57,0,1,0
2493,274,364,0,1,0
2494,274,56,29,1,0
2495,274,386,0,1,0
2496,274,78,0,1,0
2497,274,417,0,1,0
2498,274,134,86,1,0
2499,274,86,0,1,0
2500,301,286,4,1,0
2501,301,55,99,1,0
2502,301,106,4,1,0
2503,301,110,4,1,0
2504,301,124,0,1,0
2505,301,232,99,1,0
2506,301,253,0,1,0
2507,301,293,0,1,0
2508,301,156,9,1,0
2509,301,393,0,1,0
2510,301,154,0,1,0
2511,301,185,0,1,0
2512,301,206,4,1,0
2513,301,74,0,1,0
2514,301,133,0,1,0
2515,301,85,3,1,0
2516,301,439,98,1,0
2517,301,409,99,1,0
2518,301,261,0,1,0
2519,301,291,99,1,0
2520,303,101,0,1,0
2521,303,436,0,1,0
2522,303,347,30,1,0
2523,303,375,95,1,0
2524,303,360,0,1,0
2525,303,438,0,1,0
2526,303,99,98,1,0
2527,303,295,91,1,0
2528,303,35,32,1,0
2529,303,134,0,1,0
2530,303,401,0,1,0
2531,303,24,0,1,0
2532,303,55,98,1,0
2533,303,226,0,1,0
2534,303,47,8,1,0
2535,303,316,0,1,0
2536,303,154,0,1,0
2537,303,51,91,1,0
2538,303,317,0,1,0
2539,303,238,0,1,0
2540,306,433,0,1,0
2541,306,287,99,1,0
2542,306,247,99,1,0
2543,306,270,4,1,0
2544,306,26,99,1,0
2545,306,322,0,1,0
2546,306,325,0,1,0
2547,306,295,99,1,0
2548,306,349,4,1,0
2549,306,167,99,1,0
2550,306,265,0,1,0
2551,306,40,0,1,0
2552,306,326,0,1,0
2553,306,334,0,1,0
2554,306,181,0,1,0
2555,306,328,38,1,0
2556,306,103,99,1,0
2557,306,85,3,1,0
2558,306,99,99,1,0
2559,306,386,0,1,0
2560,307,198,0,1,0
2561,307,401,0,1,0
2562,307,411,49,1,0
2563,307,275,0,1,0
2564,307,73,0,1,0
2565,307,216,0,1,0
2566,307,133,0,1,0
2567,307,37,0,1,0
2568,307,68,0,1,0
2569,307,189,0,1,0
2570,307,280,0,1,0
2571,307,87,0,1,0
2572,307,112,0,1,0
2573,307,432,4,1,0
2574,307,368,0,1,0
2575,307,35,0,1,0
2576,307,356,0,1,0
2577,307,96,0,1,0
2578,307,354,0,1,0
2579,307,265,0,1,0
2580,309,255,97,1,0
2581,309,56,0,1,0
2582,309,33,0,1,0
2583,309,323,92,1,0
2584,309,401,0,1,0
2585,309,100,1,1,0
2586,309,366,0,1,0
2587,309,288,0,1,0
2588,309,20,0,1,0
2589,309,435,85,1,0
2590,309,118,6,1,0
2591,309,273,4,1,0
2592,309,182,77,1,0
2593,309,94,77,1,0
2594,309,217,0,1,0
2595,309,352,0,1,0
2596,309,436,0,1,0
2597,309,212,0,1,0
2598,309,115,97,1,0
2599,309,300,0,1,0
2600,311,260,0,1,0
2601,311,217,0,1,0
2602,311,64,0,1,0
2603,311,77,0,1,0
2604,311,315,0,1,0
2605,311,280,0,1,0
2606,311,107,0,1,0
2607,311,433,0,1,0
2608,311,305,0,1,0
2609,311,358,0,1,0
2610,311,143,0,1,0
2611,311,100,4,1,0
2612,311,253,0,1,0
2613,311,219,0,1,0
2614,311,215,0,1,0
2615,311,184,0,1,0
2616,311,208,0,1,0
2617,311,49,0,1,0
2618,311,381,0,1,0
2619,311,179,47,1,0
2620,324,42,0,1,0
2621,324,302,0,1,0
2622,324,331,99,1,0
2623,324,132,78,1,0
2624,324,430,0,1,0
2625,324,434,0,1,0
2626,324,105,0,1,0
2627,324,251,99,1,0
2628,324,107,99,1,0
2629,324,104,0,1,0
2630,324,233,0,1,0
2631,324,189,0,1,0
2632,324,290,1,1,0
2633,324,101,0,1,0
2634,324,423,99,1,0
2635,324,293,0,1,0
2636,324,304,96,1,0
2637,324,61,0,1,0
2638,324,124,2,1,0
2639,324,125,0,1,0
2640,335,95,0,1,0
2641,335,154,0,1,0
2642,335,128,0,1,0
2643,335,248,0,1,0
2644,335,151,99,1,0
2645,335,56,0,1,0
2646,335,387,0,1,0
2647,335,399,0,1,0
2648,335,72,0,1,0
2649,335,420,0,1,0
2650,335,61,0,1,0
2651,335,317,0,1,0
2652,335,190,0,1,0
2653,335,85,0,1,0
2654,335,410,0,1,0
2655,335,32,0,1,0
2656,335,418,0,1,0
2657,335,162,0,1,0
2658,335,159,0,1,0
2659,335,38,0,1,0
2660,341,253,0,1,0
2661,341,387,99,1,0
2662,341,336,0,1,0
2663,341,102,6,1,0
2664,341,51,99,1,0
2665,341,331,99,1,0
2666,341,36,96,1,0
2667,341,366,0,1,0
2668,341,300,98,1,0
2669,341,314,0,1,0
2670,341,77,0,1,0
2671,341,108,0,1,0
2672,341,352,79,1,0
2673,341,136,98,1,0
2674,341,40,0,1,0
2675,341,233,0,1,0
2676,341,33,0,1,0
2677,341,216,0,1,0
2678,341,276,73,1,0
2679,341,275,99,1,0
2680,342,160,0,1,0
2681,342,229,0,1,0
2682,342,407,97,1,0
2683,342,172,4,1,0
2684,342,182,4,1,0
2685,342,397,96,1,0
2686,342,31,40,1,0
2687,342,415,97,1,0
2688,342,89,0,1,0
2689,342,146,0,1,0
2690,342,166,4,1,0
2691,342,36,2,1,0
2692,342,149,0,1,0
2693,342,123,97,1,0
2694,342,104,0,1,0
2695,342,359,97,1,0
2696,342,414,0,1,0
2697,342,90,0,1,0
2698,342,92,99,1,0
2699,342,241,0,1,0
2700,343,105,0,1,0
2701,343,89,0,1,0
2702,343,111,97,1,0
2703,343,213,0,1,0
2704,343,323,76,1,0
2705,343,88,0,1,0
2706,343,104,0,1,0
2707,343,161,0,1,0
2708,343,336,0,1,0
2709,343,128,0,1,0
2710,343,262,0,1,0
2711,343,315,28,1,0
2712,343,283,3,1,0
2713,343,129,0,1,0
2714,343,322,0,1,0
2715,343,178,0,1,0
2716,343,37,0,1,0
2717,343,140,0,1,0
2718,343,294,4,1,0
2719,343,135,0,1,0
2720,346,326,0,1,0
2721,346,111,99,1,0
2722,346,215,99,1,0
2723,346,154,0,1,0
2724,346,389,98,1,0
2725,346,196,0,1,0
2726,346,285,0,1,0
2727,346,417,0,1,0
2728,346,192,3,1,0
2729,346,283,99,1,0
2730,346,328,29,1,0
2731,346,290,0,1,0
2732,346,128,98,1,0
2733,346,21,0,1,0
2734,346,41,0,1,0
2735,346,160,0,1,0
2736,346,237,0,1,0
2737,346,421,0,1,0
2738,346,59,99,1,0
2739,346,423,99,1,0
2740,348,401,0,1,0
2741,348,208,98,1,0
2742,348,146,0,1,0
2743,348,21,0,1,0
2744,348,186,0,1,0
2745,348,112,0,1,0
2746,348,109,0,1,0
2747,348,102,6,1,0
2748,348,399,99,1,0
2749,348,408,0,1,0
2750,348,333,77,1,0
2751,348,59,99,1,0
2752,348,269,0,1,0
2753,348,389,3,1,0
2754,348,284,98,1,0
2755,348,411,99,1,0
2756,348,417,0,1,0
2757,348,282,82,1,0
2758,348,134,6,1,0
2759,348,329,99,1,0
2760,361,111,99,1,0
2761,361,99,99,1,0
2762,361,323,99,1,0
2763,361,227,99,1,0
2764,361,253,0,1,0
2765,361,260,0,1,0
2766,361,270,99,1,0
2767,361,196,0,1,0
2768,361,237,0,1,0
2769,361,86,0,1,0
2770,361,41,0,1,0
2771,361,118,99,1,0
2772,361,369,0,1,0
2773,361,352,3,1,0
2774,361,79,99,1,0
2775,361,381,0,1,0
2776,361,399,99,1,0
2777,361,55,99,1,0
2778,361,40,0,1,0
2779,361,52,0,1,0
2780,363,76,0,1,0
2781,363,23,91,1,0
2782,363,171,99,1,0
2783,363,386,0,1,0
2784,363,358,3,1,0
2785,363,265,0,1,0
2786,363,297,0,1,0
2787,363,319,97,1,0
2788,363,57,0,1,0
2789,363,282,0,1,0
2790,363,389,0,1,0
2791,363,246,8,1,0
2792,363,390,0,1,0
2793,363,69,0,1,0
2794,363,312,0,1,0
2795,363,20,0,1,0
2796,363,345,0,1,0
2797,363,163,47,1,0
2798,363,186,0,1,0
2799,363,326,0,1,0
2800,370,318,0,1,0
2801,370,399,97,1,0
2802,370,423,99,1,0
2803,370,314,0,1,0
2804,370,296,0,1,0
2805,370,349,99,1,0
2806,370,235,97,1,0
2807,370,59,97,1,0
2808,370,411,97,1,0
2809,370,100,1,1,0
2810,370,133,0,1,0
2811,370,121,0,1,0
2812,370,286,97,1,0
2813,370,117,0,1,0
2814,370,255,97,1,0
2815,370,284,1,1,0
2816,370,384,0,1,0
2817,370,321,0,1,0
2818,370,178,94,1,0
2819,370,48,0,1,0
2820,374,359,99,1,0
2821,374,372,0,1,0
2822,374,379,64,1,0
2823,374,212,0,1,0
2824,374,298,0,1,0
2825,374,82,4,1,0
2826,374,22,0,1,0
2827,374,65,0,1,0
2828,374,207,99,1,0
2829,374,139,77,1,0
2830,374,318,0,1,0
2831,374,275,99,1,0
2832,374,107,99,1,0
2833,374,436,0,1,0
2834,374,99,99,1,0
2835,374,30,4,1,0
2836,374,31,30,1,0
2837,374,294,0,1,0
2838,374,90,0,1,0
2839,374,201,0,1,0
2840,380,159,99,1,0
2841,380,355,99,1,0
2842,380,118,92,1,0
2843,380,65,0,1,0
2844,380,412,0,1,0
2845,380,339,99,1,0
2846,380,167,99,1,0
2847,380,315,99,1,0
2848,380,288,0,1,0
2849,380,53,0,1,0
2850,380,290,92,1,0
2851,380,289,0,1,0
2852,380,189,0,1,0
2853,380,174,0,1,0
2854,380,344,98,1,0
2855,380,286,99,1,0
2856,380,41,0,1,0
2857,380,426,8,1,0
2858,380,212,3,1,0
2859,380,270,99,1,0
2860,382,360,0,1,0
2861,382,89,0,1,0
2862,382,73,0,1,0
2863,382,133,0,1,0
2864,382,208,0,1,0
2865,382,151,99,1,0
2866,382,253,0,1,0
2867,382,110,4,1,0
2868,382,292,0,1,0
2869,382,126,0,1,0
2870,382,49,0,1,0
2871,382,86,0,1,0
2872,382,158,0,1,0
2873,382,38,0,1,0
2874,382,31,4,1,0
2875,382,152,0,1,0
2876,382,87,97,1,0
2877,382,105,0,1,0
2878,382,125,0,1,0
2879,382,409,4,1,0
2880,383,114,0,1,0
2881,383,226,0,1,0
2882,383,196,0,1,0
2883,383,178,0,1,0
2884,383,411,99,1,0
2885,383,85,0,1,0
2886,383,350,0,1,0
2887,383,364,0,1,0
2888,383,33,0,1,0
2889,383,302,0,1,0
2890,383,414,0,1,0
2891,383,239,97,1,0
2892,383,151,99,1,0
2893,383,282,4,1,0
2894,383,248,0,1,0
2895,383,263,69,1,0
2896,383,402,0,1,0
2897,383,87,0,1,0
2898,383,59,99,1,0
2899,383,410,44,1,0
2900,391,414,0,1,0
2901,391,251,0,1,0
2902,391,385,0,1,0
2903,391,235,0,1,0
2904,391,64,3,1,0
2905,391,39,14,1,0
2906,391,260,0,1,0
2907,391,314,0,1,0
2908,391,153,0,1,0
2909,391,255,0,1,0
2910,391,227,99,1,0
2911,391,350,0,1,0
2912,391,171,2,1,0
2913,391,308,0,1,0
2914,391,421,0,1,0
2915,391,372,0,1,0
2916,391,333,0,1,0
2917,391,75,0,1,0
2918,391,187,0,1,0
2919,391,160,0,1,0
2920,392,334,0,1,0
2921,392,54,0,1,0
2922,392,242,77,1,0
2923,392,277,0,1,0
2924,392,358,34,1,0
2925,392,20,0,1,0
2926,392,52,0,1,0
2927,392,376,0,1,0
2928,392,313,0,1,0
2929,392,72,98,1,0
2930,392,247,96,1,0
2931,392,410,77,1,0
2932,392,49,0,1,0
2933,392,190,0,1,0
2934,392,379,99,1,0
2935,392,138,0,1,0
2936,392,79,99,1,0
2937,392,281,0,1,0
2938,392,257,0,1,0
2939,392,107,99,1,0
2940,394,83,99,1,0
2941,394,133,0,1,0
2942,394,235,99,1,0
2943,394,405,0,1,0
2944,394,347,99,1,0
2945,394,345,0,1,0
2946,394,327,99,1,0
2947,394,296,0,1,0
2948,394,157,36,1,0
2949,394,128,98,1,0
2950,394,178,19,1,0
2951,394,206,0,1,0
2952,394,153,0,1,0
2953,394,228,0,1,0
2954,394,80,0,1,0
2955,394,249,0,1,0
2956,394,216,0,1,0
2957,394,282,99,1,0
2958,394,423,99,1,0
2959,394,428,0,1,0
2960,396,278,0,0,0
2961,396,178,0,0,0
2962,396,138,0,0,0
2963,396,419,0,0,0
2964,396,323,0,0,0
2965,396,388,0,0,0
2966,396,420,0,0,0
2967,396,349,0,0,0
2968,396,24,0,0,0
2969,396,74,0,0,0
2970,396,282,0,0,0
2971,396,417,0,0,0
2972,396,48,0,0,0
2973,396,229,0,0,0
2974,396,195,0,0,0
2975,396,435,0,0,0
2976,396,316,0,0,0
2977,396,297,0,0,0
2978,396,36,0,0,0
2979,396,385,0,0,0
2980,398,208,98,1,0
2981,398,43,99,1,0
2982,398,437,0,1,0
2983,398,62,11,1,0
2984,398,388,0,1,0
2985,398,347,99,1,0
2986,398,149,0,1,0
2987,398,46,0,1,0
2988,398,106,92,1,0
2989,398,65,0,1,0
2990,398,260,0,1,0
2991,398,378,0,1,0
2992,398,286,99,1,0
2993,398,36,71,1,0
2994,398,214,6,1,0
2995,398,213,0,1,0
2996,398,100,0,1,0
2997,398,367,99,1,0
2998,398,141,0,1,0
2999,398,325,0,1,0
3000,400,359,99,1,0
3001,400,330,0,1,0
3002,400,304,0,1,0
3003,400,347,99,1,0
3004,400,419,99,1,0
3005,400,393,0,1,0
3006,400,279,99,1,0
3007,400,146,0,1,0
3008,400,250,99,1,0
3009,400,406,99,1,0
3010,400,99,99,1,0
3011,400,199,99,1,0
3012,400,20,0,1,0
3013,400,430,0,1,0
3014,400,68,0,1,0
3015,400,198,23,1,0
3016,400,349,4,1,0
3017,400,153,0,1,0
3018,400,105,0,1,0
3019,400,338,92,1,0
3020,413,38,0,1,0
3021,413,431,99,1,0
3022,413,192,98,1,0
3023,413,360,0,1,0
3024,413,337,0,1,0
3025,413,162,0,1,0
3026,413,395,99,1,0
3027,413,134,69,1,0
3028,413,313,0,1,0
3029,413,339,97,1,0
3030,413,351,99,1,0
3031,413,251,95,1,0
3032,413,326,0,1,0
3033,413,190,0,1,0
3034,413,172,99,1,0
3035,413,131,99,1,0
3036,413,126,0,1,0
3037,413,336,0,1,0
3038,413,157,77,1,0
3039,413,290,95,1,0
3040,416,190,0,1,0
3041,416,239,92,1,0
3042,416,375,92,1,0
3043,416,159,5,1,0
3044,416,280,0,1,0
3045,416,349,97,1,0
3046,416,61,0,1,0
3047,416,49,0,1,0
3048,416,213,0,1,0
3049,416,55,99,1,0
3050,416,96,0,1,0
3051,416,336,0,1,0
3052,416,62,6,1,0
3053,416,317,0,1,0
3054,416,45,0,1,0
3055,416,285,0,1,0
3056,416,295,92,1,0
3057,416,94,77,1,0
3058,416,47,92,1,0
3059,416,373,0,1,0
3060,422,173,0,1,0
3061,422,255,97,1,0
3062,422,227,99,1,0
3063,422,26,8,1,0
3064,422,231,99,1,0
3065,422,223,99,1,0
3066,422,217,0,1,0
3067,422,300,98,1,0
3068,422,37,0,1,0
3069,422,125,0,1,0
3070,422,112,0,1,0
3071,422,387,97,1,0
3072,422,139,99,1,0
3073,422,280,0,1,0
3074,422,251,99,1,0
3075,422,138,0,1,0
3076,422,201,0,1,0
3077,422,299,99,1,0
3078,422,389,3,1,0
3079,422,42,0,1,0
3080,424,436,0,1,0
3081,424,408,0,1,0
3082,424,339,97,1,0
3083,424,196,0,1,0
3084,424,384,0,1,0
3085,424,67,77,1,0
3086,424,273,4,1,0
3087,424,108,0,1,0
3088,424,159,96,1,0
3089,424,190,0,1,0
3090,424,199,99,1,0
3091,424,334,0,1,0
3092,424,73,0,1,0
3093,424,38,0,1,0
3094,424,78,0,1,0
3095,424,378,0,1,0
3096,424,31,99,1,0
3097,424,139,99,1,0
3098,424,133,0,1,0
3099,424,258,4,1,0
3100,429,246,99,1,0
3101,429,252,0,1,0
3102,429,248,0,1,0
3103,429,46,3,1,0
3104,429,379,99,1,0
3105,429,265,0,1,0
3106,429,153,0,1,0
3107,429,221,0,1,0
3108,429,232,99,1,0
3109,429,333,4,1,0
3110,429,275,99,1,0
3111,429,264,0,1,0
3112,429,41,0,1,0
3113,429,158,0,1,0
3114,429,166,26,1,0
3115,429,411,99,1,0
3116,429,60,92,1,0
3117,429,187,99,1,0
3118,429,405,0,1,0
3119,429,216,0,1,0
3120,20,249,0,0,0
3121,20,196,0,0,0
3122,20,268,0,0,0
3123,20,173,0,0,0
3124,20,109,0,0,0
3125,20,88,0,0,0
3126,20,260,0,0,0
3127,20,356,0,0,0
3128,20,103,0,0,0
3129,20,104,0,0,0
3130,20,162,0,0,0
3131,20,399,0,0,0
3132,20,206,0,0,0
3133,20,286,0,0,0
3134,20,144,0,0,0
3135,20,301,0,0,0
3136,20,344,0,0,0
3137,20,437,0,0,0
3138,20,366,0,0,0
3139,20,415,0,0,0
3140,20,290,0,0,0
3141,20,139,0,0,0
3142,20,157,0,0,0
3143,20,143,0,0,0
3144,20,252,0,0,0
3145,20,292,0,0,0
3146,20,387,0,0,0
3147,20,422,0,0,0
3148,20,203,0,0,0
3149,20,315,0,0,0
3150,20,238,0,0,0
3151,20,67,0,0,0
3152,20,40,0,0,0
3153,20,226,0,0,0
3154,20,87,0,0,0
3155,20,193,0,0,0
3156,20,436,0,0,0
3157,20,123,0,0,0
3158,20,38,0,0,0
3159,20,75,0,0,0
3160,21,301,0,0,0
3161,21,157,0,0,0
3162,21,417,0,0,0
3163,21,198,0,0,0
3164,21,105,0,0,0
3165,21,244,0,0,0
3166,21,186,0,0,0
3167,21,261,0,0,0
3168,21,432,0,0,0
3169,21,253,0,0,0
3170,21,413,0,0,0
3171,21,103,0,0,0
3172,21,229,0,0,0
3173,21,37,0,0,0
3174,21,167,0,0,0
3175,21,268,0,0,0
3176,21,423,0,0,0
3177,21,185,0,0,0
3178,21,83,0,0,0
3179,21,344,0,0,0
3180,21,26,0,0,0
3181,21,365,0,0,0
3182,21,174,0,0,0
3183,21,42,0,0,0
3184,21,270,0,0,0
3185,21,329,0,0,0
3186,21,231,0,0,0
3187,21,381,0,0,0
3188,21,352,0,0,0
3189,21,322,0,0,0
3190,21,263,0,0,0
3191,21,252,0,0,0
3192,21,65,0,0,0
3193,21,293,0,0,0
3194,21,87,0,0,0
3195,21,248,0,0,0
3196,21,222,0,0,0
3197,21,184,0,0,0
3198,21,286,0,0,0
3199,21,69,0,0,0
3200,22,298,0,1,0
3201,22,260,0,1,0
3202,22,181,0,1,0
3203,22,281,0,1,0
3204,22,126,0,1,0
3205,22,170,99,1,0
3206,22,237,0,1,0
3207,22,275,99,1,0
3208,22,212,3,1,0
3209,22,112,0,1,0
3210,22,397,0,1,0
3211,22,341,0,1,0
3212,22,130,0,1,0
3213,22,323,99,1,0
3214,22,293,0,1,0
3215,22,419,99,1,0
3216,22,188,2,1,0
3217,22,98,87,1,0
3218,22,381,0,1,0
3219,22,154,0,1,0
3220,22,430,0,1,0
3221,22,233,0,1,0
3222,22,306,0,1,0
3223,22,206,92,1,0
3224,22,106,92,1,0
3225,22,244,0,1,0
3226,22,375,99,1,0
3227,22,272,0,1,0
3228,22,67,92,1,0
3229,22,74,0,1,0
3230,22,345,0,1,0
3231,22,269,0,1,0
3232,22,204,62,1,0
3233,22,76,0,1,0
3234,22,284,3,1,0
3235,22,38,0,1,0
3236,22,333,0,1,0
3237,22,388,0,1,0
3238,22,423,99,1,0
3239,22,68,0,1,0
3240,23,421,0,1,0
3241,23,265,0,1,0
3242,23,331,37,1,0
3243,23,409,1,1,0
3244,23,177,0,1,0
3245,23,116,0,1,0
3246,23,211,99,1,0
3247,23,268,0,1,0
3248,23,26,0,1,0
3249,23,184,0,1,0
3250,23,77,0,1,0
3251,23,404,0,1,0
3252,23,206,0,1,0
3253,23,140,0,1,0
3254,23,131,3,1,0
3255,23,128,0,1,0
3256,23,252,0,1,0
3257,23,20,0,1,0
3258,23,188,0,1,0
3259,23,438,0,1,0
3260,23,359,99,1,0
3261,23,251,99,1,0
3262,23,178,0,1,0
3263,23,190,0,1,0
3264,23,213,0,1,0
3265,23,124,2,1,0
3266,23,398,0,1,0
3267,23,392,0,1,0
3268,23,383,0,1,0
3269,23,333,0,1,0
3270,23,137,0,1,0
3271,23,254,0,1,0
3272,23,336,0,1,0
3273,23,290,0,1,0
3274,23,56,0,1,0
3275,23,232,0,1,0
3276,23,415,99,1,0
3277,23,47,22,1,0
3278,23,267,51,1,0
3279,23,369,0,1,0
3280,24,55,0,0,0
3281,24,396,0,0,0
3282,24,144,0,0,0
3283,24,102,0,0,0
3284,24,52,0,0,0
3285,24,348,0,0,0
3286,24,87,0,0,0
3287,24,354,0,0,0
3288,24,29,0,0,0
3289,24,218,0,0,0
3290,24,232,0,0,0
3291,24,407,0,0,0
3292,24,355,0,0,0
3293,24,255,0,0,0
3294,24,295,0,0,0
3295,24,337,0,0,0
3296,24,235,0,0,0
3297,24,207,0,0,0
3298,24,287,0,0,0
3299,24,290,0,0,0
3300,24,371,0,0,0
3301,24,138,0,0,0
3302,24,297,0,0,0
3303,24,389,0,0,0
3304,24,416,0,0,0
3305,24,33,0,0,0
3306,24,252,0,0,0
3307,24,72,0,0,0
3308,24,312,0,0,0
3309,24,385,0,0,0
3310,24,174,0,0,0
3311,24,164,0,0,0
3312,24,147,0,0,0
3313,24,107,0,0,0
3314,24,302,0,0,0
3315,24,61,0,0,0
3316,24,410,0,0,0
3317,24,139,0,0,0
3318,24,417,0,0,0
3319,24,39,0,0,0
3320,25,141,0,0,0
3321,25,416,0,0,0
3322,25,408,0,0,0
3323,25,318,0,0,0
3324,25,173,0,0,0
3325,25,43,0,0,0
3326,25,409,0,0,0
3327,25,195,0,0,0
3328,25,20,0,0,0
3329,25,203,0,0,0
3330,25,208,0,0,0
3331,25,211,0,0,0
3332,25,244,0,0,0
3333,25,26,0,0,0
3334,25,100,0,0,0
3335,25,245,0,0,0
3336,25,402,0,0,0
3337,25,286,0,0,0
3338,25,137,0,0,0
3339,25,436,0,0,0
3340,25,230,0,0,0
3341,25,52,0,0,0
3342,25,388,0,0,0
3343,25,310,0,0,0
3344,25,89,0,0,0
3345,25,140,0,0,0
3346,25,102,0,0,0
3347,25,131,0,0,0
3348,25,180,0,0,0
3349,25,146,0,0,0
3350,25,206,0,0,0
3351,25,181,0,0,0
3352,25,281,0,0,0
3353,25,48,0,0,0
3354,25,331,0,0,0
3355,25,307,0,0,0
3356,25,366,0,0,0
3357,25,330,0,0,0
3358,25,190,0,0,0
3359,25,415,0,0,0
3360,26,370,0,1,0
3361,26,70,0,1,0
3362,26,186,0,1,0
3363,26,52,0,1,0
3364,26,208,98,1,0
3365,26,356,0,1,0
3366,26,337,0,1,0
3367,26,439,99,1,0
3368,26,123,99,1,0
3369,26,294,4,1,0
3370,26,367,99,1,0
3371,26,220,0,1,0
3372,26,383,92,1,0
3373,26,321,0,1,0
3374,26,417,0,1,0
3375,26,50,0,1,0
3376,26,365,0,1,0
3377,26,95,95,1,0
3378,26,241,0,1,0
3379,26,258,90,1,0
3380,26,347,99,1,0
3381,26,437,0,1,0
3382,26,307,99,1,0
3383,26,201,0,1,0
3384,26,116,0,1,0
3385,26,199,93,1,0
3386,26,276,33,1,0
3387,26,80,0,1,0
3388,26,353,0,1,0
3389,26,245,0,1,0
3390,26,164,0,1,0
3391,26,244,0,1,0
3392,26,156,9,1,0
3393,26,234,0,1,0
3394,26,324,0,1,0
3395,26,358,33,1,0
3396,26,100,68,1,0
3397,26,384,0,1,0
3398,26,53,0,1,0
3399,26,130,0,1,0
3400,27,305,0,1,0
3401,27,251,4,1,0
3402,27,144,0,1,0
3403,27,289,0,1,0
3404,27,263,0,1,0
3405,27,266,0,1,0
3406,27,316,0,1,0
3407,27,401,0,1,0
3408,27,193,0,1,0
3409,27,417,0,1,0
3410,27,405,0,1,0
3411,27,37,0,1,0
3412,27,171,0,1,0
3413,27,286,4,1,0
3414,27,410,0,1,0
3415,27,372,0,1,0
3416,27,228,0,1,0
3417,27,215,97,1,0
3418,27,182,0,1,0
3419,27,358,0,1,0
3420,27,386,0,1,0
3421,27,160,0,1,0
3422,27,321,0,1,0
3423,27,108,0,1,0
3424,27,412,0,1,0
3425,27,299,0,1,0
3426,27,355,0,1,0
3427,27,380,0,1,0
3428,27,219,0,1,0
3429,27,403,99,1,0
3430,27,114,0,1,0
3431,27,376,0,1,0
3432,27,185,0,1,0
3433,27,204,0,1,0
3434,27,420,0,1,0
3435,27,65,0,1,0
3436,27,229,0,1,0
3437,27,141,0,1,0
3438,27,328,0,1,0
3439,27,109,0,1,0
3440,28,341,3,1,0
3441,28,112,0,1,0
3442,28,401,0,1,0
3443,28,340,3,1,0
3444,28,71,98,1,0
3445,28,49,0,1,0
3446,28,207,98,1,0
3447,28,79,98,1,0
3448,28,25,0,1,0
3449,28,343,98,1,0
3450,28,134,98,1,0
3451,28,400,98,1,0
3452,28,216,0,1,0
3453,28,171,98,1,0
3454,28,148,0,1,0
3455,28,160,0,1,0
3456,28,194,3,1,0
3457,28,200,3,1,0
3458,28,104,0,1,0
3459,28,111,98,1,0
3460,28,149,0,1,0
3461,28,72,98,1,0
3462,28,35,98,1,0
3463,28,439,98,1,0
3464,28,268,0,1,0
3465,28,277,0,1,0
3466,28,364,0,1,0
3467,28,410,98,1,0
3468,28,159,98,1,0
3469,28,327,98,1,0
3470,28,32,0,1,0
3471,28,396,0,1,0
3472,28,273,98,1,0
3473,28,129,0,1,0
3474,28,380,3,1,0
3475,28,421,0,1,0
3476,28,265,0,1,0
3477,28,232,98,1,0
3478,28,274,0,1,0
3479,28,155,98,1,0
3480,29,222,0,0,0
3481,29,262,0,0,0
3482,29,203,0,0,0
3483,29,168,0,0,0
3484,29,151,0,0,0
3485,29,439,0,0,0
3486,29,34,0,0,0
3487,29,368,0,0,0
3488,29,210,0,0,0
3489,29,78,0,0,0
3490,29,53,0,0,0
3491,29,392,0,0,0
3492,29,24,0,0,0
3493,29,380,0,0,0
3494,29,65,0,0,0
3495,29,68,0,0,0
3496,29,103,0,0,0
3497,29,419,0,0,0
3498,29,193,0,0,0
3499,29,204,0,0,0
3500,29,249,0,0,0
3501,29,370,0,0,0
3502,29,95,0,0,0
3503,29,184,0,0,0
3504,29,139,0,0,0
3505,29,420,0,0,0
3506,29,202,0,0,0
3507,29,125,0,0,0
3508,29,97,0,0,0
3509,29,43,0,0,0
3510,29,272,0,0,0
3511,29,283,0,0,0
3512,29,402,0,0,0
3513,29,54,0,0,0
3514,29,58,0,0,0
3515,29,224,0,0,0
3516,29,436,0,0,0
3517,29,430,0,0,0
3518,29,381,0,0,0
3519,29,48,0,0,0
3520,30,94,4,1,0
3521,30,335,99,1,0
3522,30,279,99,1,0
3523,30,324,99,1,0
3524,30,70,4,1,0
3525,30,111,99,1,0
3526,30,241,0,1,0
3527,30,407,99,1,0
3528,30,427,99,1,0
3529,30,156,0,1,0
3530,30,230,0,1,0
3531,30,344,98,1,0
3532,30,336,0,1,0
3533,30,276,4,1,0
3534,30,188,0,1,0
3535,30,364,0,1,0
3536,30,128,0,1,0
3537,30,195,99,1,0
3538,30,106,17,1,0
3539,30,271,99,1,0
3540,30,284,3,1,0
3541,30,274,0,1,0
3542,30,86,0,1,0
3543,30,69,0,1,0
3544,30,122,0,1,0
3545,30,123,99,1,0
3546,30,282,4,1,0
3547,30,248,0,1,0
3548,30,388,0,1,0
3549,30,20,0,1,0
3550,30,109,54,1,0
3551,30,249,0,1,0
3552,30,342,0,1,0
3553,30,226,0,1,0
3554,30,413,0,1,0
3555,30,117,0,1,0
3556,30,150,93,1,0
3557,30,55,99,1,0
3558,30,273,0,1,0
3559,30,401,0,1,0
3560,31,257,0,1,0
3561,31,303,17,1,0
3562,31,130,0,1,0
3563,31,299,0,1,0
3564,31,244,0,1,0
3565,31,393,0,1,0
3566,31,247,0,1,0
3567,31,381,0,1,0
3568,31,197,0,1,0
3569,31,52,0,1,0
3570,31,176,0,1,0
3571,31,333,0,1,0
3572,31,26,0,1,0
3573,31,404,0,1,0
3574,31,377,0,1,0
3575,31,432,0,1,0
3576,31,207,99,1,0
3577,31,53,0,1,0
3578,31,219,12,1,0
3579,31,249,0,1,0
3580,31,254,0,1,0
3581,31,145,0,1,0
3582,31,213,0,1,0
3583,31,38,0,1,0
3584,31,338,0,1,0
3585,31,413,0,1,0
3586,31,376,0,1,0
3587,31,265,0,1,0
3588,31,406,0,1,0
3589,31,379,30,1,0
3590,31,415,95,1,0
3591,31,148,0,1,0
3592,31,215,97,1,0
3593,31,51,95,1,0
3594,31,261,0,1,0
3595,31,201,0,1,0
3596,31,111,56,1,0
3597,31,302,0,1,0
3598,31,103,99,1,0
3599,31,72,0,1,0
3600,32,79,0,1,0
3601,32,49,0,1,0
3602,32,147,0,1,0
3603,32,130,0,1,0
3604,32,404,0,1,0
3605,32,339,0,1,0
3606,32,91,0,1,0
3607,32,141,0,1,0
3608,32,311,0,1,0
3609,32,233,0,1,0
3610,32,205,0,1,0
3611,32,381,0,1,0
3612,32,293,0,1,0
3613,32,215,0,1,0
3614,32,438,0,1,0
3615,32,306,0,1,0
3616,32,57,0,1,0
3617,32,408,0,1,0
3618,32,350,0,1,0
3619,32,47,0,1,0
3620,32,115,0,1,0
3621,32,44,0,1,0
3622,32,114,0,1,0
3623,32,200,0,1,0
3624,32,276,0,1,0
3625,32,63,0,1,0
3626,32,247,0,1,0
3627,32,58,0,1,0
3628,32,210,0,1,0
3629,32,319,0,1,0
3630,32,367,0,1,0
3631,32,64,0,1,0
3632,32,421,0,1,0
3633,32,163,0,1,0
3634,32,370,0,1,0
3635,32,144,0,1,0
3636,32,90,0,1,0
3637,32,36,0,1,0
3638,32,406,0,1,0
3639,32,331,0,1,0
3640,33,423,0,0,0
3641,33,291,0,0,0
3642,33,113,0,0,0
3643,33,101,0,0,0
3644,33,286,0,0,0
3645,33,353,0,0,0
3646,33,145,0,0,0
3647,33,397,0,0,0
3648,33,293,0,0,0
3649,33,345,0,0,0
3650,33,202,0,0,0
3651,33,300,0,0,0
3652,33,425,0,0,0
3653,33,20,0,0,0
3654,33,421,0,0,0
3655,33,429,0,0,0
3656,33,162,0,0,0
3657,33,73,0,0,0
3658,33,239,0,0,0
3659,33,277,0,0,0
3660,33,235,0,0,0
3661,33,285,0,0,0
3662,33,414,0,0,0
3663,33,147,0,0,0
3664,33,47,0,0,0
3665,33,395,0,0,0
3666,33,307,0,0,0
3667,33,232,0,0,0
3668,33,241,0,0,0
3669,33,125,0,0,0
3670,33,410,0,0,0
3671,33,89,0,0,0
3672,33,115,0,0,0
3673,33,133,0,0,0
3674,33,27,0,0,0
3675,33,356,0,0,0
3676,33,189,0,0,0
3677,33,137,0,0,0
3678,33,213,0,0,0
3679,33,183,0,0,0
3680,34,335,0,0,0
3681,34,98,0,0,0
3682,34,393,0,0,0
3683,34,27,0,0,0
3684,34,78,0,0,0
3685,34,54,0,0,0
3686,34,244,0,0,0
3687,34,374,0,0,0
3688,34,305,0,0,0
3689,34,304,0,0,0
3690,34,434,0,0,0
3691,34,224,0,0,0
3692,34,428,0,0,0
3693,34,258,0,0,0
3694,34,81,0,0,0
3695,34,59,0,0,0
3696,34,166,0,0,0
3697,34,179,0,0,0
3698,34,313,0,0,0
3699,34,173,0,0,0
3700,34,380,0,0,0
3701,34,108,0,0,0
3702,34,437,0,0,0
3703,34,45,0,0,0
3704,34,58,0,0,0
3705,34,170,0,0,0
3706,34,372,0,0,0
3707,34,269,0,0,0
3708,34,197,0,0,0
3709,34,157,0,0,0
3710,34,39,0,0,0
3711,34,278,0,0,0
3712,34,194,0,0,0
3713,34,367,0,0,0
3714,34,323,0,0,0
3715,34,314,0,0,0
3716,34,60,0,0,0
3717,34,259,0,0,0
3718,34,370,0,0,0
3719,34,133,0,0,0
3720,35,324,0,1,0
3721,35,257,0,1,0
3722,35,238,0,1,0
3723,35,209,0,1,0
3724,35,21,0,1,0
3725,35,228,19,1,0
3726,35,146,0,1,0
3727,35,114,0,1,0
3728,35,42,0,1,0
3729,35,220,0,1,0
3730,35,368,0,1,0
3731,35,148,0,1,0
3732,35,384,0,1,0
3733,35,200,0,1,0
3734,35,311,98,1,0
3735,35,432,0,1,0
3736,35,226,0,1,0
3737,35,125,0,1,0
3738,35,416,0,1,0
3739,35,141,0,1,0
3740,35,387,0,1,0
3741,35,386,0,1,0
3742,35,124,0,1,0
3743,35,349,0,1,0
3744,35,70,0,1,0
3745,35,167,3,1,0
3746,35,408,0,1,0
3747,35,363,0,1,0
3748,35,300,0,1,0
3749,35,393,0,1,0
3750,35,29,0,1,0
3751,35,242,0,1,0
3752,35,277,0,1,0
3753,35,121,0,1,0
3754,35,430,0,1,0
3755,35,188,0,1,0
3756,35,149,0,1,0
3757,35,398,0,1,0
3758,35,80,0,1,0
3759,35,137,0,1,0
3760,36,366,0,1,0
3761,36,114,5,1,0
3762,36,41,0,1,0
3763,36,40,0,1,0
3764,36,96,0,1,0
3765,36,323,98,1,0
3766,36,217,0,1,0
3767,36,297,0,1,0
3768,36,162,0,1,0
3769,36,314,0,1,0
3770,36,22,0,1,0
3771,36,62,0,1,0
3772,36,324,0,1,0
3773,36,427,99,1,0
3774,36,277,0,1,0
3775,36,58,4,1,0
3776,36,124,0,1,0
3777,36,406,1,1,0
3778,36,76,0,1,0
3779,36,220,0,1,0
3780,36,85,0,1,0
3781,36,241,0,1,0
3782,36,65,0,1,0
3783,36,134,0,1,0
3784,36,310,0,1,0
3785,36,88,0,1,0
3786,36,260,0,1,0
3787,36,343,39,1,0
3788,36,161,0,1,0
3789,36,63,98,1,0
3790,36,293,0,1,0
3791,36,320,0,1,0
3792,36,202,99,1,0
3793,36,152,97,1,0
3794,36,165,0,1,0
3795,36,386,0,1,0
3796,36,78,0,1,0
3797,36,369,0,1,0
3798,36,138,0,1,0
3799,36,329,0,1,0
3800,37,318,0,0,0
3801,37,91,0,0,0
3802,37,295,0,0,0
3803,37,299,0,0,0
3804,37,315,0,0,0
3805,37,78,0,0,0
3806,37,420,0,0,0
3807,37,143,0,0,0
3808,37,189,0,0,0
3809,37,285,0,0,0
3810,37,198,0,0,0
3811,37,184,0,0,0
3812,37,407,0,0,0
3813,37,40,0,0,0
3814,37,376,0,0,0
3815,37,219,0,0,0
3816,37,243,0,0,0
3817,37,287,0,0,0
3818,37,237,0,0,0
3819,37,93,0,0,0
3820,37,391,0,0,0
3821,37,414,0,0,0
3822,37,399,0,0,0
3823,37,263,0,0,0
3824,37,190,0,0,0
3825,37,306,0,0,0
3826,37,170,0,0,0
3827,37,104,0,0,0
3828,37,323,0,0,0
3829,37,99,0,0,0
3830,37,95,0,0,0
3831,37,207,0,0,0
3832,37,121,0,0,0
3833,37,113,0,0,0
3834,37,423,0,0,0
3835,37,403,0,0,0
3836,37,327,0,0,0
3837,37,437,0,0,0
3838,37,227,0,0,0
3839,37,349,0,0,0
3840,38,420,0,0,0
3841,38,316,0,0,0
3842,38,224,0,0,0
3843,38,68,0,0,0
3844,38,118,0,0,0
3845,38,366,0,0,0
3846,38,221,0,0,0
3847,38,267,0,0,0
3848,38,21,0,0,0
3849,38,82,0,0,0
3850,38,247,0,0,0
3851,38,322,0,0,0
3852,38,380,0,0,0
3853,38,219,0,0,0
3854,38,23,0,0,0
3855,38,435,0,0,0
3856,38,29,0,0,0
3857,38,297,0,0,0
3858,38,333,0,0,0
3859,38,40,0,0,0
3860,38,371,0,0,0
3861,38,310,0,0,0
3862,38,439,0,0,0
3863,38,430,0,0,0
3864,38,228,0,0,0
3865,38,138,0,0,0
3866,38,265,0,0,0
3867,38,83,0,0,0
3868,38,107,0,0,0
3869,38,272,0,0,0
3870,38,327,0,0,0
3871,38,362,0,0,0
3872,38,95,0,0,0
3873,38,134,0,0,0
3874,38,276,0,0,0
3875,38,273,0,0,0
3876,38,151,0,0,0
3877,38,74,0,0,0
3878,38,240,0,0,0
3879,38,209,0,0,0
3880,39,328,0,1,0
3881,39,271,0,1,0
3882,39,93,0,1,0
3883,39,50,0,1,0
3884,39,56,0,1,0
3885,39,351,99,1,0
3886,39,372,0,1,0
3887,39,76,0,1,0
3888,39,112,0,1,0
3889,39,169,0,1,0
3890,39,110,0,1,0
3891,39,20,0,1,0
3892,39,412,0,1,0
3893,39,414,0,1,0
3894,39,358,0,1,0
3895,39,437,0,1,0
3896,39,377,0,1,0
3897,39,66,0,1,0
3898,39,202,0,1,0
3899,39,82,0,1,0
3900,39,324,0,1,0
3901,39,299,0,1,0
3902,39,32,0,1,0
3903,39,128,0,1,0
3904,39,162,0,1,0
3905,39,43,4,1,0
3906,39,379,4,1,0
3907,39,148,0,1,0
3908,39,234,0,1,0
3909,39,80,0,1,0
3910,39,346,0,1,0
3911,39,21,0,1,0
3912,39,229,0,1,0
3913,39,317,0,1,0
3914,39,319,4,1,0
3915,39,26,0,1,0
3916,39,343,7,1,0
3917,39,54,0,1,0
3918,39,348,0,1,0
3919,39,208,0,1,0
3920,40,413,0,0,0
3921,40,380,0,0,0
3922,40,288,0,0,0
3923,40,330,0,0,0
3924,40,155,0,0,0
3925,40,395,0,0,0
3926,40,216,0,0,0
3927,40,52,0,0,0
3928,40,91,0,0,0
3929,40,50,0,0,0
3930,40,204,0,0,0
3931,40,172,0,0,0
3932,40,143,0,0,0
3933,40,376,0,0,0
3934,40,396,0,0,0
3935,40,277,0,0,0
3936,40,412,0,0,0
3937,40,164,0,0,0
3938,40,82,0,0,0
3939,40,416,0,0,0
3940,40,179,0,0,0
3941,40,56,0,0,0
3942,40,434,0,0,0
3943,40,236,0,0,0
3944,40,199,0,0,0
3945,40,115,0,0,0
3946,40,421,0,0,0
3947,40,373,0,0,0
3948,40,246,0,0,0
3949,40,166,0,0,0
3950,40,276,0,0,0
3951,40,285,0,0,0
3952,40,263,0,0,0
3953,40,324,0,0,0
3954,40,370,0,0,0
3955,40,292,0,0,0
3956,40,122,0,0,0
3957,40,430,0,0,0
3958,40,97,0,0,0
3959,40,61,0,0,0
3960,41,221,0,0,0
3961,41,387,0,0,0
3962,41,136,0,0,0
3963,41,183,0,0,0
3964,41,428,0,0,0
3965,41,386,0,0,0
3966,41,298,0,0,0
3967,41,31,0,0,0
3968,41,409,0,0,0
3969,41,345,0,0,0
3970,41,350,0,0,0
3971,41,89,0,0,0
3972,41,177,0,0,0
3973,41,108,0,0,0
3974,41,439,0,0,0
3975,41,365,0,0,0
3976,41,107,0,0,0
3977,41,332,0,0,0
3978,41,211,0,0,0
3979,41,219,0,0,0
3980,41,128,0,0,0
3981,41,187,0,0,0
3982,41,393,0,0,0
3983,41,191,0,0,0
3984,41,153,0,0,0
3985,41,199,0,0,0
3986,41,329,0,0,0
3987,41,401,0,0,0
3988,41,347,0,0,0
3989,41,212,0,0,0
3990,41,394,0,0,0
3991,41,178,0,0,0
3992,41,303,0,0,0
3993,41,208,0,0,0
3994,41,273,0,0,0
3995,41,246,0,0,0
3996,41,224,0,0,0
3997,41,400,0,0,0
3998,41,129,0,0,0
3999,41,320,0,0,0
4000,42,56,0,1,0
4001,42,299,0,1,0
4002,42,260,0,1,0
4003,42,389,0,1,0
4004,42,429,0,1,0
4005,42,64,0,1,0
4006,42,317,0,1,0
4007,42,435,0,1,0
4008,42,251,0,1,0
4009,42,400,0,1,0
4010,42,154,0,1,0
4011,42,122,0,1,0
4012,42,179,0,1,0
4013,42,210,0,1,0
4014,42,320,0,1,0
4015,42,215,0,1,0
4016,42,311,0,1,0
4017,42,185,0,1,0
4018,42,244,0,1,0
4019,42,26,0,1,0
4020,42,25,0,1,0
4021,42,301,0,1,0
4022,42,249,0,1,0
4023,42,258,0,1,0
4024,42,384,0,1,0
4025,42,143,0,1,0
4026,42,37,0,1,0
4027,42,92,0,1,0
4028,42,394,0,1,0
4029,42,99,0,1,0
4030,42,72,0,1,0
4031,42,398,0,1,0
4032,42,67,0,1,0
4033,42,353,0,1,0
4034,42,48,0,1,0
4035,42,138,0,1,0
4036,42,379,0,1,0
4037,42,328,0,1,0
4038,42,279,0,1,0
4039,42,51,0,1,0
4040,43,346,0,1,0
4041,43,421,0,1,0
4042,43,382,0,1,0
4043,43,68,0,1,0
4044,43,37,0,1,0
4045,43,299,0,1,0
4046,43,36,3,1,0
4047,43,30,0,1,0
4048,43,33,0,1,0
4049,43,170,0,1,0
4050,43,342,0,1,0
4051,43,276,0,1,0
4052,43,87,0,1,0
4053,43,259,99,1,0
4054,43,60,0,1,0
4055,43,208,3,1,0
4056,43,423,99,1,0
4057,43,190,0,1,0
4058,43,324,0,1,0
4059,43,313,0,1,0
4060,43,135,0,1,0
4061,43,261,0,1,0
4062,43,251,99,1,0
4063,43,333,0,1,0
4064,43,71,40,1,0
4065,43,95,0,1,0
4066,43,23,0,1,0
4067,43,238,0,1,0
4068,43,127,0,1,0
4069,43,250,29,1,0
4070,43,286,4,1,0
4071,43,294,4,1,0
4072,43,159,99,1,0
4073,43,84,3,1,0
4074,43,348,0,1,0
4075,43,173,0,1,0
4076,43,360,0,1,0
4077,43,302,0,1,0
4078,43,317,0,1,0
4079,43,428,0,1,0
4080,44,128,0,0,0
4081,44,295,0,0,0
4082,44,25,0,0,0
4083,44,57,0,0,0
4084,44,398,0,0,0
4085,44,27,0,0,0
4086,44,353,0,0,0
4087,44,163,0,0,0
4088,44,438,0,0,0
4089,44,61,0,0,0
4090,44,41,0,0,0
4091,44,351,0,0,0
4092,44,260,0,0,0
4093,44,218,0,0,0
4094,44,143,0,0,0
4095,44,107,0,0,0
4096,44,173,0,0,0
4097,44,380,0,0,0
4098,44,72,0,0,0
4099,44,40,0,0,0
4100,44,287,0,0,0
4101,44,34,0,0,0
4102,44,290,0,0,0
4103,44,90,0,0,0
4104,44,249,0,0,0
4105,44,334,0,0,0
4106,44,285,0,0,0
4107,44,214,0,0,0
4108,44,140,0,0,0
4109,44,417,0,0,0
4110,44,216,0,0,0
4111,44,306,0,0,0
4112,44,411,0,0,0
4113,44,118,0,0,0
4114,44,141,0,0,0
4115,44,142,0,0,0
4116,44,431,0,0,0
4117,44,153,0,0,0
4118,44,202,0,0,0
4119,44,399,0,0,0
4120,45,370,0,0,0
4121,45,239,0,0,0
4122,45,279,0,0,0
4123,45,254,0,0,0
4124,45,366,0,0,0
4125,45,38,0,0,0
4126,45,248,0,0,0
4127,45,75,0,0,0
4128,45,429,0,0,0
4129,45,360,0,0,0
4130,45,187,0,0,0
4131,45,379,0,0,0
4132,45,322,0,0,0
4133,45,78,0,0,0
4134,45,37,0,0,0
4135,45,382,0,0,0
4136,45,44,0,0,0
4137,45,317,0,0,0
4138,45,199,0,0,0
4139,45,259,0,0,0
4140,45,362,0,0,0
4141,45,210,0,0,0
4142,45,224,0,0,0
4143,45,415,0,0,0
4144,45,350,0,0,0
4145,45,265,0,0,0
4146,45,310,0,0,0
4147,45,363,0,0,0
4148,45,58,0,0,0
4149,45,186,0,0,0
4150,45,127,0,0,0
4151,45,206,0,0,0
4152,45,330,0,0,0
4153,45,386,0,0,0
4154,45,288,0,0,0
4155,45,232,0,0,0
4156,45,283,0,0,0
4157,45,285,0,0,0
4158,45,102,0,0,0
4159,45,428,0,0,0
4160,46,57,0,1,0
4161,46,85,0,1,0
4162,46,247,92,1,0
4163,46,322,0,1,0
4164,46,100,96,1,0
4165,46,304,98,1,0
4166,46,279,98,1,0
4167,46,418,0,1,0
4168,46,103,99,1,0
4169,46,246,92,1,0
4170,46,381,0,1,0
4171,46,84,0,1,0
4172,46,358,0,1,0
4173,46,88,0,1,0
4174,46,134,0,1,0
4175,46,150,11,1,0
4176,46,260,0,1,0
4177,46,226,0,1,0
4178,46,158,0,1,0
4179,46,374,1,1,0
4180,46,115,99,1,0
4181,46,28,98,1,0
4182,46,396,0,1,0
4183,46,66,51,1,0
4184,46,77,0,1,0
4185,46,174,96,1,0
4186,46,369,0,1,0
4187,46,323,92,1,0
4188,46,87,99,1,0
4189,46,163,62,1,0
4190,46,438,33,1,0
4191,46,315,92,1,0
4192,46,390,0,1,0
4193,46,328,0,1,0
4194,46,395,99,1,0
4195,46,341,0,1,0
4196,46,56,0,1,0
4197,46,388,0,1,0
4198,46,71,92,1,0
4199,46,225,0,1,0
4200,47,152,0,1,0
4201,47,239,99,1,0
4202,47,271,0,1,0
4203,47,165,0,1,0
4204,47,171,41,1,0
4205,47,348,0,1,0
4206,47,432,0,1,0
4207,47,244,0,1,0
4208,47,389,0,1,0
4209,47,105,0,1,0
4210,47,431,99,1,0
4211,47,77,0,1,0
4212,47,256,0,1,0
4213,47,303,3,1,0
4214,47,434,0,1,0
4215,47,325,0,1,0
4216,47,50,0,1,0
4217,47,182,0,1,0
4218,47,83,20,1,0
4219,47,394,0,1,0
4220,47,333,0,1,0
4221,47,32,0,1,0
4222,47,120,0,1,0
4223,47,386,0,1,0
4224,47,290,0,1,0
4225,47,336,0,1,0
4226,47,70,0,1,0
4227,47,405,0,1,0
4228,47,230,0,1,0
4229,47,417,0,1,0
4230,47,153,0,1,0
4231,47,232,8,1,0
4232,47,219,0,1,0
4233,47,164,0,1,0
4234,47,364,0,1,0
4235,47,423,99,1,0
4236,47,437,0,1,0
4237,47,340,0,1,0
4238,47,339,4,1,0
4239,47,390,0,1,0
4240,48,264,0,0,0
4241,48,119,0,0,0
4242,48,25,0,0,0
4243,48,357,0,0,0
4244,48,284,0,0,0
4245,48,83,0,0,0
4246,48,412,0,0,0
4247,48,390,0,0,0
4248,48,88,0,0,0
4249,48,286,0,0,0
4250,48,52,0,0,0
4251,48,180,0,0,0
4252,48,335,0,0,0
4253,48,99,0,0,0
4254,48,292,0,0,0
4255,48,38,0,0,0
4256,48,415,0,0,0
4257,48,337,0,0,0
4258,48,368,0,0,0
4259,48,270,0,0,0
4260,48,153,0,0,0
4261,48,251,0,0,0
4262,48,189,0,0,0
4263,48,165,0,0,0
4264,48,156,0,0,0
4265,48,439,0,0,0
4266,48,271,0,0,0
4267,48,302,0,0,0
4268,48,144,0,0,0
4269,48,120,0,0,0
4270,48,388,0,0,0
4271,48,343,0,0,0
4272,48,296,0,0,0
4273,48,280,0,0,0
4274,48,323,0,0,0
4275,48,98,0,0,0
4276,48,266,0,0,0
4277,48,104,0,0,0
4278,48,135,0,0,0
4279,48,279,0,0,0
4280,49,432,0,0,0
4281,49,83,0,0,0
4282,49,360,0,0,0
4283,49,105,0,0,0
4284,49,165,0,0,0
4285,49,144,0,0,0
4286,49,55,0,0,0
4287,49,438,0,0,0
4288,49,30,0,0,0
4289,49,237,0,0,0
4290,49,370,0,0,0
4291,49,125,0,0,0
4292,49,160,0,0,0
4293,49,426,0,0,0
4294,49,58,0,0,0
4295,49,113,0,0,0
4296,49,245,0,0,0
4297,49,92,0,0,0
4298,49,411,0,0,0
4299,49,97,0,0,0
4300,49,195,0,0,0
4301,49,151,0,0,0
4302,49,43,0,0,0
4303,49,29,0,0,0
4304,49,137,0,0,0
4305,49,77,0,0,0
4306,49,89,0,0,0
4307,49,199,0,0,0
4308,49,143,0,0,0
4309,49,253,0,0,0
4310,49,146,0,0,0
4311,49,424,0,0,0
4312,49,332,0,0,0
4313,49,271,0,0,0
4314,49,363,0,0,0
4315,49,177,0,0,0
4316,49,305,0,0,0
4317,49,436,0,0,0
4318,49,319,0,0,0
4319,49,70,0,0,0
4320,50,427,99,1,0
4321,50,410,77,1,0
4322,50,136,33,1,0
4323,50,316,0,1,0
4324,50,251,99,1,0
4325,50,236,0,1,0
4326,50,54,0,1,0
4327,50,323,99,1,0
4328,50,245,4,1,0
4329,50,223,99,1,0
4330,50,193,0,1,0
4331,50,425,0,1,0
4332,50,230,4,1,0
4333,50,351,99,1,0
4334,50,291,99,1,0
4335,50,271,99,1,0
4336,50,134,4,1,0
4337,50,181,0,1,0
4338,50,247,99,1,0
4339,50,332,0,1,0
4340,50,314,0,1,0
4341,50,173,0,1,0
4342,50,106,4,1,0
4343,50,376,0,1,0
4344,50,57,0,1,0
4345,50,255,99,1,0
4346,50,174,31,1,0
4347,50,234,4,1,0
4348,50,89,0,1,0
4349,50,42,0,1,0
4350,50,438,0,1,0
4351,50,75,99,1,0
4352,50,222,4,1,0
4353,50,354,67,1,0
4354,50,372,0,1,0
4355,50,165,0,1,0
4356,50,371,99,1,0
4357,50,128,0,1,0
4358,50,362,87,1,0
4359,50,331,99,1,0
4360,51,145,0,1,0
4361,51,303,2,1,0
4362,51,286,0,1,0
4363,51,324,0,1,0
4364,51,33,0,1,0
4365,51,335,0,1,0
4366,51,336,0,1,0
4367,51,254,0,1,0
4368,51,396,0,1,0
4369,51,430,0,1,0
4370,51,91,3,1,0
4371,51,317,0,1,0
4372,51,175,93,1,0
4373,51,235,0,1,0
4374,51,387,0,1,0
4375,51,320,0,1,0
4376,51,179,99,1,0
4377,51,74,0,1,0
4378,51,368,0,1,0
4379,51,80,0,1,0
4380,51,49,0,1,0
4381,51,115,0,1,0
4382,51,194,0,1,0
4383,51,128,0,1,0
4384,51,434,0,1,0
4385,51,248,0,1,0
4386,51,366,0,1,0
4387,51,182,0,1,0
4388,51,191,99,1,0
4389,51,187,0,1,0
4390,51,308,0,1,0
4391,51,379,2,1,0
4392,51,139,0,1,0
4393,51,360,0,1,0
4394,51,300,0,1,0
4395,51,252,0,1,0
4396,51,238,0,1,0
4397,51,352,0,1,0
4398,51,332,0,1,0
4399,51,156,0,1,0
4400,52,81,0,0,0
4401,52,385,0,0,0
4402,52,335,0,0,0
4403,52,376,0,0,0
4404,52,73,0,0,0
4405,52,395,0,0,0
4406,52,57,0,0,0
4407,52,169,0,0,0
4408,52,128,0,0,0
4409,52,438,0,0,0
4410,52,46,0,0,0
4411,52,332,0,0,0
4412,52,48,0,0,0
4413,52,139,0,0,0
4414,52,65,0,0,0
4415,52,410,0,0,0
4416,52,61,0,0,0
4417,52,339,0,0,0
4418,52,436,0,0,0
4419,52,67,0,0,0
4420,52,87,0,0,0
4421,52,191,0,0,0
4422,52,257,0,0,0
4423,52,271,0,0,0
4424,52,331,0,0,0
4425,52,229,0,0,0
4426,52,358,0,0,0
4427,52,157,0,0,0
4428,52,388,0,0,0
4429,52,221,0,0,0
4430,52,372,0,0,0
4431,52,138,0,0,0
4432,52,95,0,0,0
4433,52,106,0,0,0
4434,52,370,0,0,0
4435,52,118,0,0,0
4436,52,290,0,0,0
4437,52,398,0,0,0
4438,52,401,0,0,0
4439,52,171,0,0,0
4440,53,135,0,0,0
4441,53,333,0,0,0
4442,53,130,0,0,0
4443,53,402,0,0,0
4444,53,415,0,0,0
4445,53,306,0,0,0
4446,53,200,0,0,0
4447,53,392,0,0,0
4448,53,125,0,0,0
4449,53,105,0,0,0
4450,53,397,0,0,0
4451,53,57,0,0,0
4452,53,304,0,0,0
4453,53,272,0,0,0
4454,53,359,0,0,0
4455,53,151,0,0,0
4456,53,297,0,0,0
4457,53,58,0,0,0
4458,53,227,0,0,0
4459,53,310,0,0,0
4460,53,296,0,0,0
4461,53,412,0,0,0
4462,53,76,0,0,0
4463,53,94,0,0,0
4464,53,82,0,0,0
4465,53,254,0,0,0
4466,53,126,0,0,0
4467,53,66,0,0,0
4468,53,111,0,0,0
4469,53,267,0,0,0
4470,53,124,0,0,0
4471,53,179,0,0,0
4472,53,221,0,0,0
4473,53,88,0,0,0
4474,53,198,0,0,0
4475,53,40,0,0,0
4476,53,123,0,0,0
4477,53,101,0,0,0
4478,53,429,0,0,0
4479,53,143,0,0,0
4480,54,26,0,0,0
4481,54,84,0,0,0
4482,54,122,0,0,0
4483,54,421,0,0,0
4484,54,112,0,0,0
4485,54,91,0,0,0
4486,54,195,0,0,0
4487,54,56,0,0,0
4488,54,432,0,0,0
4489,54,152,0,0,0
4490,54,296,0,0,0
4491,54,304,0,0,0
4492,54,153,0,0,0
4493,54,428,0,0,0
4494,54,269,0,0,0
4495,54,411,0,0,0
4496,54,272,0,0,0
4497,54,388,0,0,0
4498,54,187,0,0,0
4499,54,394,0,0,0
4500,54,371,0,0,0
4501,54,376,0,0,0
4502,54,59,0,0,0
4503,54,188,0,0,0
4504,54,261,0,0,0
4505,54,52,0,0,0
4506,54,353,0,0,0
4507,54,240,0,0,0
4508,54,198,0,0,0
4509,54,294,0,0,0
4510,54,116,0,0,0
4511,54,425,0,0,0
4512,54,25,0,0,0
4513,54,67,0,0,0
4514,54,139,0,0,0
4515,54,267,0,0,0
4516,54,408,0,0,0
4517,54,55,0,0,0
4518,54,20,0,0,0
4519,54,370,0,0,0
4520,55,64,0,1,0
4521,55,227,22,1,0
4522,55,395,0,1,0
4523,55,108,0,1,0
4524,55,434,0,1,0
4525,55,388,0,1,0
4526,55,53,0,1,0
4527,55,263,0,1,0
4528,55,286,0,1,0
4529,55,197,0,1,0
4530,55,301,0,1,0
4531,55,216,0,1,0
4532,55,346,0,1,0
4533,55,143,0,1,0
4534,55,376,0,1,0
4535,55,367,99,1,0
4536,55,266,0,1,0
4537,55,46,0,1,0
4538,55,157,0,1,0
4539,55,418,0,1,0
4540,55,375,4,1,0
4541,55,61,0,1,0
4542,55,76,0,1,0
4543,55,264,0,1,0
4544,55,413,0,1,0
4545,55,91,0,1,0
4546,55,382,4,1,0
4547,55,381,0,1,0
4548,55,296,0,1,0
4549,55,275,0,1,0
4550,55,129,0,1,0
4551,55,400,0,1,0
4552,55,363,0,1,0
4553,55,351,99,1,0
4554,55,364,0,1,0
4555,55,130,0,1,0
4556,55,246,0,1,0
4557,55,213,0,1,0
4558,55,201,0,1,0
4559,55,159,0,1,0
4560,56,47,3,1,0
4561,56,271,98,1,0
4562,56,391,98,1,0
4563,56,265,0,1,0
4564,56,435,98,1,0
4565,56,397,0,1,0
4566,56,363,78,1,0
4567,56,305,0,1,0
4568,56,371,99,1,0
4569,56,49,0,1,0
4570,56,412,0,1,0
4571,56,166,96,1,0
4572,56,314,0,1,0
4573,56,39,78,1,0
4574,56,242,0,1,0
4575,56,357,0,1,0
4576,56,161,0,1,0
4577,56,266,0,1,0
4578,56,217,0,1,0
4579,56,207,99,1,0
4580,56,427,99,1,0
4581,56,70,0,1,0
4582,56,205,0,1,0
4583,56,330,0,1,0
4584,56,120,98,1,0
4585,56,319,78,1,0
4586,56,409,98,1,0
4587,56,75,96,1,0
4588,56,369,0,1,0
4589,56,301,98,1,0
4590,56,370,4,1,0
4591,56,436,0,1,0
4592,56,152,0,1,0
4593,56,415,78,1,0
4594,56,102,0,1,0
4595,56,274,0,1,0
4596,56,209,0,1,0
4597,56,385,0,1,0
4598,56,30,0,1,0
4599,56,106,3,1,0
4600,57,373,0,0,0
4601,57,336,0,0,0
4602,57,350,0,0,0
4603,57,310,0,0,0
4604,57,69,0,0,0
4605,57,319,0,0,0
4606,57,75,0,0,0
4607,57,66,0,0,0
4608,57,212,0,0,0
4609,57,34,0,0,0
4610,57,237,0,0,0
4611,57,155,0,0,0
4612,57,325,0,0,0
4613,57,35,0,0,0
4614,57,165,0,0,0
4615,57,387,0,0,0
4616,57,97,0,0,0
4617,57,252,0,0,0
4618,57,351,0,0,0
4619,57,235,0,0,0
4620,57,30,0,0,0
4621,57,433,0,0,0
4622,57,142,0,0,0
4623,57,121,0,0,0
4624,57,191,0,0,0
4625,57,222,0,0,0
4626,57,216,0,0,0
4627,57,227,0,0,0
4628,57,93,0,0,0
4629,57,231,0,0,0
4630,57,156,0,0,0
4631,57,173,0,0,0
4632,57,276,0,0,0
4633,57,389,0,0,0
4634,57,414,0,0,0
4635,57,244,0,0,0
4636,57,143,0,0,0
4637,57,229,0,0,0
4638,57,399,0,0,0
4639,57,70,0,0,0
4640,58,232,0,1,0
4641,58,229,0,1,0
4642,58,436,0,1,0
4643,58,312,0,1,0
4644,58,162,0,1,0
4645,58,408,0,1,0
4646,58,219,86,1,0
4647,58,231,99,1,0
4648,58,241,0,1,0
4649,58,261,0,1,0
4650,58,330,0,1,0
4651,58,67,4,1,0
4652,58,412,0,1,0
4653,58,70,0,1,0
4654,58,331,97,1,0
4655,58,235,92,1,0
4656,58,158,0,1,0
4657,58,338,0,1,0
4658,58,321,0,1,0
4659,58,369,0,1,0
4660,58,192,96,1,0
4661,58,68,0,1,0
4662,58,339,86,1,0
4663,58,371,99,1,0
4664,58,22,0,1,0
4665,58,406,0,1,0
4666,58,303,92,1,0
4667,58,293,0,1,0
4668,58,275,99,1,0
4669,58,173,0,1,0
4670,58,104,0,1,0
4671,58,263,93,1,0
4672,58,286,4,1,0
4673,58,88,0,1,0
4674,58,81,0,1,0
4675,58,203,99,1,0
4676,58,200,0,1,0
4677,58,234,0,1,0
4678,58,285,0,1,0
4679,58,341,0,1,0
4680,59,279,0,1,0
4681,59,21,0,1,0
4682,59,104,0,1,0
4683,59,183,99,1,0
4684,59,64,0,1,0
4685,59,185,0,1,0
4686,59,70,0,1,0
4687,59,256,0,1,0
4688,59,348,0,1,0
4689,59,198,0,1,0
4690,59,98,0,1,0
4691,59,311,98,1,0
4692,59,86,0,1,0
4693,59,274,0,1,0
4694,59,383,0,1,0
4695,59,210,9,1,0
4696,59,330,0,1,0
4697,59,238,0,1,0
4698,59,314,0,1,0
4699,59,178,0,1,0
4700,59,257,0,1,0
4701,59,371,99,1,0
4702,59,419,0,1,0
4703,59,145,0,1,0
4704,59,357,0,1,0
4705,59,359,99,1,0
4706,59,230,0,1,0
4707,59,315,0,1,0
4708,59,126,0,1,0
4709,59,323,9,1,0
4710,59,82,0,1,0
4711,59,96,0,1,0
4712,59,414,0,1,0
4713,59,201,0,1,0
4714,59,143,0,1,0
4715,59,386,0,1,0
4716,59,141,0,1,0
4717,59,235,0,1,0
4718,59,362,0,1,0
4719,59,214,4,1,0
4720,60,80,0,1,0
4721,60,368,0,1,0
4722,60,361,0,1,0
4723,60,24,0,1,0
4724,60,136,7,1,0
4725,60,344,98,1,0
4726,60,433,0,1,0
4727,60,218,30,1,0
4728,60,374,79,1,0
4729,60,178,20,1,0
4730,60,330,0,1,0
4731,60,302,98,1,0
4732,60,132,0,1,0
4733,60,198,98,1,0
4734,60,109,98,1,0
4735,60,277,0,1,0
4736,60,413,7,1,0
4737,60,439,98,1,0
4738,60,429,3,1,0
4739,60,346,0,1,0
4740,60,87,99,1,0
4741,60,242,0,1,0
4742,60,372,0,1,0
4743,60,217,0,1,0
4744,60,387,98,1,0
4745,60,137,26,1,0
4746,60,98,31,1,0
4747,60,36,98,1,0
4748,60,170,98,1,0
4749,60,248,0,1,0
4750,60,48,0,1,0
4751,60,227,99,1,0
4752,60,97,0,1,0
4753,60,304,0,1,0
4754,60,366,0,1,0
4755,60,138,0,1,0
4756,60,209,0,1,0
4757,60,327,98,1,0
4758,60,68,0,1,0
4759,60,84,98,1,0
4760,61,422,0,0,0
4761,61,133,0,0,0
4762,61,66,0,0,0
4763,61,365,0,0,0
4764,61,375,0,0,0
4765,61,206,0,0,0
4766,61,393,0,0,0
4767,61,311,0,0,0
4768,61,386,0,0,0
4769,61,437,0,0,0
4770,61,170,0,0,0
4771,61,215,0,0,0
4772,61,335,0,0,0
4773,61,59,0,0,0
4774,61,256,0,0,0
4775,61,251,0,0,0
4776,61,279,0,0,0
4777,61,82,0,0,0
4778,61,406,0,0,0
4779,61,207,0,0,0
4780,61,368,0,0,0
4781,61,305,0,0,0
4782,61,240,0,0,0
4783,61,288,0,0,0
4784,61,34,0,0,0
4785,61,357,0,0,0
4786,61,78,0,0,0
4787,61,152,0,0,0
4788,61,356,0,0,0
4789,61,290,0,0,0
4790,61,250,0,0,0
4791,61,312,0,0,0
4792,61,299,0,0,0
4793,61,374,0,0,0
4794,61,247,0,0,0
4795,61,160,0,0,0
4796,61,267,0,0,0
4797,61,339,0,0,0
4798,61,151,0,0,0
4799,61,281,0,0,0
4800,62,374,19,1,0
4801,62,425,0,1,0
4802,62,199,99,1,0
4803,62,290,95,1,0
4804,62,163,99,1,0
4805,62,23,95,1,0
4806,62,276,73,1,0
4807,62,405,0,1,0
4808,62,407,99,1,0
4809,62,152,0,1,0
4810,62,190,0,1,0
4811,62,324,4,1,0
4812,62,244,92,1,0
4813,62,209,0,1,0
4814,62,372,0,1,0
4815,62,286,4,1,0
4816,62,436,0,1,0
4817,62,170,4,1,0
4818,62,165,0,1,0
4819,62,431,99,1,0
4820,62,230,4,1,0
4821,62,401,0,1,0
4822,62,282,4,1,0
4823,62,341,4,1,0
4824,62,410,77,1,0
4825,62,408,0,1,0
4826,62,354,18,1,0
4827,62,137,4,1,0
4828,62,173,0,1,0
4829,62,26,4,1,0
4830,62,134,4,1,0
4831,62,307,99,1,0
4832,62,229,0,1,0
4833,62,223,99,1,0
4834,62,435,99,1,0
4835,62,160,0,1,0
4836,62,98,4,1,0
4837,62,63,99,1,0
4838,62,271,97,1,0
4839,62,156,9,1,0
4840,63,326,0,1,0
4841,63,133,0,1,0
4842,63,424,0,1,0
4843,63,397,0,1,0
4844,63,276,0,1,0
4845,63,25,0,1,0
4846,63,171,0,1,0
4847,63,429,0,1,0
4848,63,391,4,1,0
4849,63,148,0,1,0
4850,63,291,99,1,0
4851,63,334,0,1,0
4852,63,256,0,1,0
4853,63,319,97,1,0
4854,63,138,0,1,0
4855,63,359,99,1,0
4856,63,159,68,1,0
4857,63,430,0,1,0
4858,63,56,0,1,0
4859,63,48,0,1,0
4860,63,74,0,1,0
4861,63,341,0,1,0
4862,63,139,0,1,0
4863,63,121,0,1,0
4864,63,305,0,1,0
4865,63,107,93,1,0
4866,63,317,0,1,0
4867,63,304,0,1,0
4868,63,228,0,1,0
4869,63,132,0,1,0
4870,63,196,0,1,0
4871,63,297,0,1,0
4872,63,262,0,1,0
4873,63,232,0,1,0
4874,63,51,97,1,0
4875,63,246,0,1,0
4876,63,328,0,1,0
4877,63,311,99,1,0
4878,63,372,0,1,0
4879,63,211,97,1,0
4880,64,311,99,1,0
4881,64,99,99,1,0
4882,64,273,0,1,0
4883,64,81,0,1,0
4884,64,308,0,1,0
4885,64,433,0,1,0
4886,64,49,0,1,0
4887,64,204,0,1,0
4888,64,170,0,1,0
4889,64,31,98,1,0
4890,64,435,98,1,0
4891,64,323,92,1,0
4892,64,398,32,1,0
4893,64,50,0,1,0
4894,64,155,98,1,0
4895,64,280,0,1,0
4896,64,254,97,1,0
4897,64,117,0,1,0
4898,64,135,99,1,0
4899,64,88,0,1,0
4900,64,392,0,1,0
4901,64,346,72,1,0
4902,64,244,0,1,0
4903,64,386,0,1,0
4904,64,91,99,1,0
4905,64,290,92,1,0
4906,64,422,0,1,0
4907,64,299,98,1,0
4908,64,418,0,1,0
4909,64,213,0,1,0
4910,64,353,0,1,0
4911,64,358,0,1,0
4912,64,154,0,1,0
4913,64,229,0,1,0
4914,64,164,0,1,0
4915,64,396,0,1,0
4916,64,221,0,1,0
4917,64,246,56,1,0
4918,64,425,0,1,0
4919,64,89,0,1,0
4920,65,182,0,0,0
4921,65,205,0,0,0
4922,65,224,0,0,0
4923,65,348,0,0,0
4924,65,279,0,0,0
4925,65,82,0,0,0
4926,65,258,0,0,0
4927,65,121,0,0,0
4928,65,168,0,0,0
4929,65,157,0,0,0
4930,65,118,0,0,0
4931,65,225,0,0,0
4932,65,439,0,0,0
4933,65,80,0,0,0
4934,65,94,0,0,0
4935,65,51,0,0,0
4936,65,38,0,0,0
4937,65,165,0,0,0
4938,65,404,0,0,0
4939,65,46,0,0,0
4940,65,320,0,0,0
4941,65,57,0,0,0
4942,65,274,0,0,0
4943,65,303,0,0,0
4944,65,108,0,0,0
4945,65,419,0,0,0
4946,65,290,0,0,0
4947,65,67,0,0,0
4948,65,190,0,0,0
4949,65,163,0,0,0
4950,65,339,0,0,0
4951,65,415,0,0,0
4952,65,299,0,0,0
4953,65,219,0,0,0
4954,65,198,0,0,0
4955,65,368,0,0,0
4956,65,223,0,0,0
4957,65,89,0,0,0
4958,65,117,0,0,0
4959,65,325,0,0,0
4960,67,85,3,1,0
4961,67,204,11,1,0
4962,67,429,0,1,0
4963,67,106,0,1,0
4964,67,405,0,1,0
4965,67,70,0,1,0
4966,67,385,0,1,0
4967,67,260,0,1,0
4968,67,148,0,1,0
4969,67,202,0,1,0
4970,67,141,0,1,0
4971,67,411,99,1,0
4972,67,162,0,1,0
4973,67,364,0,1,0
4974,67,33,0,1,0
4975,67,69,0,1,0
4976,67,373,0,1,0
4977,67,89,0,1,0
4978,67,121,0,1,0
4979,67,25,0,1,0
4980,67,229,0,1,0
4981,67,119,99,1,0
4982,67,176,45,1,0
4983,67,132,4,1,0
4984,67,397,0,1,0
4985,67,354,0,1,0
4986,67,24,0,1,0
4987,67,298,0,1,0
4988,67,424,0,1,0
4989,67,274,0,1,0
4990,67,349,0,1,0
4991,67,432,0,1,0
4992,67,262,0,1,0
4993,67,59,99,1,0
4994,67,255,69,1,0
4995,67,410,4,1,0
4996,67,348,0,1,0
4997,67,402,0,1,0
4998,67,281,0,1,0
4999,67,184,0,1,0
5000,68,54,0,0,0
5001,68,306,0,0,0
5002,68,67,0,0,0
5003,68,115,0,0,0
5004,68,32,0,0,0
5005,68,255,0,0,0
5006,68,406,0,0,0
5007,68,176,0,0,0
5008,68,234,0,0,0
5009,68,405,0,0,0
5010,68,380,0,0,0
5011,68,31,0,0,0
5012,68,95,0,0,0
5013,68,315,0,0,0
5014,68,369,0,0,0
5015,68,85,0,0,0
5016,68,28,0,0,0
5017,68,238,0,0,0
5018,68,81,0,0,0
5019,68,266,0,0,0
5020,68,106,0,0,0
5021,68,77,0,0,0
5022,68,249,0,0,0
5023,68,348,0,0,0
5024,68,129,0,0,0
5025,68,328,0,0,0
5026,68,260,0,0,0
5027,68,166,0,0,0
5028,68,318,0,0,0
5029,68,183,0,0,0
5030,68,429,0,0,0
5031,68,322,0,0,0
5032,68,299,0,0,0
5033,68,438,0,0,0
5034,68,181,0,0,0
5035,68,407,0,0,0
5036,68,221,0,0,0
5037,68,365,0,0,0
5038,68,401,0,0,0
5039,68,342,0,0,0
5040,69,410,0,0,0
5041,69,259,0,0,0
5042,69,368,0,0,0
5043,69,242,0,0,0
5044,69,57,0,0,0
5045,69,98,0,0,0
5046,69,114,0,0,0
5047,69,430,0,0,0
5048,69,83,0,0,0
5049,69,212,0,0,0
5050,69,56,0,0,0
5051,69,316,0,0,0
5052,69,328,0,0,0
5053,69,367,0,0,0
5054,69,386,0,0,0
5055,69,392,0,0,0
5056,69,218,0,0,0
5057,69,305,0,0,0
5058,69,148,0,0,0
5059,69,46,0,0,0
5060,69,302,0,0,0
5061,69,267,0,0,0
5062,69,372,0,0,0
5063,69,45,0,0,0
5064,69,117,0,0,0
5065,69,281,0,0,0
5066,69,233,0,0,0
5067,69,30,0,0,0
5068,69,44,0,0,0
5069,69,59,0,0,0
5070,69,237,0,0,0
5071,69,407,0,0,0
5072,69,363,0,0,0
5073,69,122,0,0,0
5074,69,297,0,0,0
5075,69,287,0,0,0
5076,69,52,0,0,0
5077,69,268,0,0,0
5078,69,234,0,0,0
5079,69,76,0,0,0
5080,72,273,0,1,0
5081,72,167,99,1,0
5082,72,163,67,1,0
5083,72,114,0,1,0
5084,72,395,99,1,0
5085,72,329,0,1,0
5086,72,424,0,1,0
5087,72,290,92,1,0
5088,72,126,0,1,0
5089,72,131,99,1,0
5090,72,137,0,1,0
5091,72,373,0,1,0
5092,72,165,0,1,0
5093,72,178,96,1,0
5094,72,421,0,1,0
5095,72,383,98,1,0
5096,72,142,96,1,0
5097,72,249,0,1,0
5098,72,66,0,1,0
5099,72,35,98,1,0
5100,72,413,0,1,0
5101,72,379,98,1,0
5102,72,193,0,1,0
5103,72,350,96,1,0
5104,72,228,0,1,0
5105,72,288,0,1,0
5106,72,392,0,1,0
5107,72,323,92,1,0
5108,72,396,0,1,0
5109,72,202,96,1,0
5110,72,431,99,1,0
5111,72,360,0,1,0
5112,72,182,0,1,0
5113,72,278,43,1,0
5114,72,227,99,1,0
5115,72,295,92,1,0
5116,72,325,0,1,0
5117,72,377,0,1,0
5118,72,378,0,1,0
5119,72,283,92,1,0
5120,73,91,0,0,0
5121,73,416,0,0,0
5122,73,381,0,0,0
5123,73,358,0,0,0
5124,73,181,0,0,0
5125,73,320,0,0,0
5126,73,106,0,0,0
5127,73,67,0,0,0
5128,73,360,0,0,0
5129,73,87,0,0,0
5130,73,165,0,0,0
5131,73,143,0,0,0
5132,73,100,0,0,0
5133,73,162,0,0,0
5134,73,427,0,0,0
5135,73,289,0,0,0
5136,73,255,0,0,0
5137,73,283,0,0,0
5138,73,334,0,0,0
5139,73,306,0,0,0
5140,73,231,0,0,0
5141,73,42,0,0,0
5142,73,417,0,0,0
5143,73,415,0,0,0
5144,73,404,0,0,0
5145,73,233,0,0,0
5146,73,48,0,0,0
5147,73,72,0,0,0
5148,73,354,0,0,0
5149,73,389,0,0,0
5150,73,227,0,0,0
5151,73,130,0,0,0
5152,73,121,0,0,0
5153,73,204,0,0,0
5154,73,331,0,0,0
5155,73,240,0,0,0
5156,73,138,0,0,0
5157,73,397,0,0,0
5158,73,188,0,0,0
5159,73,190,0,0,0
5160,74,36,0,0,0
5161,74,241,0,0,0
5162,74,110,0,0,0
5163,74,261,0,0,0
5164,74,359,0,0,0
5165,74,252,0,0,0
5166,74,412,0,0,0
5167,74,333,0,0,0
5168,74,158,0,0,0
5169,74,384,0,0,0
5170,74,371,0,0,0
5171,74,78,0,0,0
5172,74,59,0,0,0
5173,74,219,0,0,0
5174,74,101,0,0,0
5175,74,310,0,0,0
5176,74,83,0,0,0
5177,74,315,0,0,0
5178,74,385,0,0,0
5179,74,236,0,0,0
5180,74,286,0,0,0
5181,74,427,0,0,0
5182,74,91,0,0,0
5183,74,148,0,0,0
5184,74,52,0,0,0
5185,74,220,0,0,0
5186,74,209,0,0,0
5187,74,383,0,0,0
5188,74,428,0,0,0
5189,74,123,0,0,0
5190,74,408,0,0,0
5191,74,203,0,0,0
5192,74,416,0,0,0
5193,74,264,0,0,0
5194,74,31,0,0,0
5195,74,213,0,0,0
5196,74,421,0,0,0
5197,74,61,0,0,0
5198,74,211,0,0,0
5199,74,87,0,0,0
5200,75,416,0,1,0
5201,75,95,0,1,0
5202,75,59,99,1,0
5203,75,21,0,1,0
5204,75,87,16,1,0
5205,75,218,0,1,0
5206,75,197,0,1,0
5207,75,144,0,1,0
5208,75,221,0,1,0
5209,75,40,0,1,0
5210,75,47,0,1,0
5211,75,214,0,1,0
5212,75,172,0,1,0
5213,75,253,0,1,0
5214,75,323,99,1,0
5215,75,88,0,1,0
5216,75,20,0,1,0
5217,75,61,0,1,0
5218,75,67,0,1,0
5219,75,210,3,1,0
5220,75,187,35,1,0
5221,75,209,0,1,0
5222,75,123,53,1,0
5223,75,39,46,1,0
5224,75,335,97,1,0
5225,75,185,0,1,0
5226,75,200,0,1,0
5227,75,188,0,1,0
5228,75,207,99,1,0
5229,75,397,0,1,0
5230,75,225,0,1,0
5231,75,418,0,1,0
5232,75,179,99,1,0
5233,75,273,0,1,0
5234,75,86,0,1,0
5235,75,175,99,1,0
5236,75,304,0,1,0
5237,75,345,0,1,0
5238,75,36,0,1,0
5239,75,373,0,1,0
5240,76,214,93,1,0
5241,76,57,0,1,0
5242,76,128,0,1,0
5243,76,231,99,1,0
5244,76,349,77,1,0
5245,76,333,33,1,0
5246,76,344,0,1,0
5247,76,94,0,1,0
5248,76,153,0,1,0
5249,76,26,4,1,0
5250,76,439,99,1,0
5251,76,380,0,1,0
5252,76,52,0,1,0
5253,76,230,0,1,0
5254,76,209,0,1,0
5255,76,413,42,1,0
5256,76,312,0,1,0
5257,76,186,0,1,0
5258,76,53,0,1,0
5259,76,103,99,1,0
5260,76,105,0,1,0
5261,76,274,0,1,0
5262,76,181,0,1,0
5263,76,419,99,1,0
5264,76,276,19,1,0
5265,76,429,0,1,0
5266,76,142,92,1,0
5267,76,275,99,1,0
5268,76,371,99,1,0
5269,76,265,0,1,0
5270,76,229,0,1,0
5271,76,195,56,1,0
5272,76,236,0,1,0
5273,76,281,0,1,0
5274,76,45,0,1,0
5275,76,393,0,1,0
5276,76,115,99,1,0
5277,76,256,0,1,0
5278,76,132,97,1,0
5279,76,438,0,1,0
5280,77,224,97,1,0
5281,77,264,0,1,0
5282,77,293,0,1,0
5283,77,68,0,1,0
5284,77,344,98,1,0
5285,77,273,96,1,0
5286,77,396,0,1,0
5287,77,40,0,1,0
5288,77,167,89,1,0
5289,77,415,98,1,0
5290,77,96,0,1,0
5291,77,143,99,1,0
5292,77,146,0,1,0
5293,77,163,98,1,0
5294,77,343,98,1,0
5295,77,419,89,1,0
5296,77,403,99,1,0
5297,77,27,99,1,0
5298,77,254,4,1,0
5299,77,398,0,1,0
5300,77,116,0,1,0
5301,77,176,98,1,0
5302,77,280,0,1,0
5303,77,310,96,1,0
5304,77,417,0,1,0
5305,77,420,0,1,0
5306,77,227,99,1,0
5307,77,41,0,1,0
5308,77,219,98,1,0
5309,77,189,0,1,0
5310,77,239,98,1,0
5311,77,430,0,1,0
5312,77,111,98,1,0
5313,77,268,0,1,0
5314,77,300,0,1,0
5315,77,372,0,1,0
5316,77,309,89,1,0
5317,77,129,0,1,0
5318,77,265,0,1,0
5319,77,76,94,1,0
5320,78,245,0,0,0
5321,78,382,0,0,0
5322,78,354,0,0,0
5323,78,286,0,0,0
5324,78,319,0,0,0
5325,78,254,0,0,0
5326,78,82,0,0,0
5327,78,243,0,0,0
5328,78,375,0,0,0
5329,78,239,0,0,0
5330,78,179,0,0,0
5331,78,400,0,0,0
5332,78,177,0,0,0
5333,78,365,0,0,0
5334,78,203,0,0,0
5335,78,77,0,0,0
5336,78,194,0,0,0
5337,78,383,0,0,0
5338,78,205,0,0,0
5339,78,207,0,0,0
5340,78,312,0,0,0
5341,78,109,0,0,0
5342,78,265,0,0,0
5343,78,70,0,0,0
5344,78,416,0,0,0
5345,78,308,0,0,0
5346,78,266,0,0,0
5347,78,384,0,0,0
5348,78,124,0,0,0
5349,78,161,0,0,0
5350,78,272,0,0,0
5351,78,248,0,0,0
5352,78,318,0,0,0
5353,78,21,0,0,0
5354,78,414,0,0,0
5355,78,127,0,0,0
5356,78,366,0,0,0
5357,78,360,0,0,0
5358,78,285,0,0,0
5359,78,115,0,0,0
5360,79,228,0,1,0
5361,79,106,0,1,0
5362,79,279,0,1,0
5363,79,292,0,1,0
5364,79,222,0,1,0
5365,79,381,0,1,0
5366,79,144,0,1,0
5367,79,219,0,1,0
5368,79,211,0,1,0
5369,79,107,0,1,0
5370,79,162,0,1,0
5371,79,241,0,1,0
5372,79,390,0,1,0
5373,79,214,0,1,0
5374,79,407,0,1,0
5375,79,202,0,1,0
5376,79,272,0,1,0
5377,79,346,0,1,0
5378,79,77,0,1,0
5379,79,117,0,1,0
5380,79,251,0,1,0
5381,79,300,0,1,0
5382,79,181,0,1,0
5383,79,154,0,1,0
5384,79,281,0,1,0
5385,79,23,0,1,0
5386,79,34,0,1,0
5387,79,270,0,1,0
5388,79,401,0,1,0
5389,79,100,0,1,0
5390,79,134,0,1,0
5391,79,108,0,1,0
5392,79,248,0,1,0
5393,79,304,0,1,0
5394,79,151,99,1,0
5395,79,331,0,1,0
5396,79,328,0,1,0
5397,79,362,0,1,0
5398,79,403,98,1,0
5399,79,157,0,1,0
5400,80,154,0,0,0
5401,80,339,0,0,0
5402,80,69,0,0,0
5403,80,309,0,0,0
5404,80,233,0,0,0
5405,80,146,0,0,0
5406,80,155,0,0,0
5407,80,349,0,0,0
5408,80,27,0,0,0
5409,80,22,0,0,0
5410,80,76,0,0,0
5411,80,206,0,0,0
5412,80,107,0,0,0
5413,80,202,0,0,0
5414,80,314,0,0,0
5415,80,150,0,0,0
5416,80,353,0,0,0
5417,80,32,0,0,0
5418,80,54,0,0,0
5419,80,167,0,0,0
5420,80,252,0,0,0
5421,80,212,0,0,0
5422,80,308,0,0,0
5423,80,387,0,0,0
5424,80,209,0,0,0
5425,80,224,0,0,0
5426,80,90,0,0,0
5427,80,33,0,0,0
5428,80,125,0,0,0
5429,80,231,0,0,0
5430,80,258,0,0,0
5431,80,89,0,0,0
5432,80,196,0,0,0
5433,80,143,0,0,0
5434,80,140,0,0,0
5435,80,215,0,0,0
5436,80,72,0,0,0
5437,80,132,0,0,0
5438,80,232,0,0,0
5439,80,29,0,0,0
5440,82,409,0,1,0
5441,82,151,99,1,0
5442,82,105,0,1,0
5443,82,371,99,1,0
5444,82,289,0,1,0
5445,82,301,0,1,0
5446,82,377,0,1,0
5447,82,420,0,1,0
5448,82,135,93,1,0
5449,82,369,0,1,0
5450,82,21,0,1,0
5451,82,114,15,1,0
5452,82,190,0,1,0
5453,82,121,0,1,0
5454,82,418,0,1,0
5455,82,346,0,1,0
5456,82,41,0,1,0
5457,82,341,0,1,0
5458,82,307,99,1,0
5459,82,201,0,1,0
5460,82,332,0,1,0
5461,82,269,0,1,0
5462,82,95,6,1,0
5463,82,133,0,1,0
5464,82,38,0,1,0
5465,82,329,99,1,0
5466,82,98,0,1,0
5467,82,337,0,1,0
5468,82,437,0,1,0
5469,82,350,2,1,0
5470,82,251,99,1,0
5471,82,366,0,1,0
5472,82,386,0,1,0
5473,82,412,0,1,0
5474,82,37,0,1,0
5475,82,263,93,1,0
5476,82,52,0,1,0
5477,82,268,0,1,0
5478,82,73,0,1,0
5479,82,281,0,1,0
5480,83,28,0,1,0
5481,83,236,0,1,0
5482,83,353,0,1,0
5483,83,288,0,1,0
5484,83,104,0,1,0
5485,83,290,0,1,0
5486,83,346,0,1,0
5487,83,416,3,1,0
5488,83,367,99,1,0
5489,83,382,0,1,0
5490,83,265,0,1,0
5491,83,295,97,1,0
5492,83,154,0,1,0
5493,83,105,0,1,0
5494,83,263,0,1,0
5495,83,370,0,1,0
5496,83,36,3,1,0
5497,83,373,0,1,0
5498,83,341,0,1,0
5499,83,216,0,1,0
5500,83,174,0,1,0
5501,83,254,0,1,0
5502,83,92,4,1,0
5503,83,20,0,1,0
5504,83,114,0,1,0
5505,83,272,0,1,0
5506,83,155,0,1,0
5507,83,173,0,1,0
5508,83,391,99,1,0
5509,83,95,0,1,0
5510,83,413,0,1,0
5511,83,323,99,1,0
5512,83,269,0,1,0
5513,83,303,2,1,0
5514,83,30,0,1,0
5515,83,268,0,1,0
5516,83,364,0,1,0
5517,83,108,0,1,0
5518,83,159,71,1,0
5519,83,53,0,1,0
5520,84,236,0,1,0
5521,84,30,0,1,0
5522,84,285,0,1,0
5523,84,355,96,1,0
5524,84,35,96,1,0
5525,84,422,0,1,0
5526,84,237,0,1,0
5527,84,58,0,1,0
5528,84,247,13,1,0
5529,84,386,0,1,0
5530,84,122,98,1,0
5531,84,335,98,1,0
5532,84,43,91,1,0
5533,84,306,0,1,0
5534,84,212,98,1,0
5535,84,52,0,1,0
5536,84,214,99,1,0
5537,84,377,0,1,0
5538,84,272,0,1,0
5539,84,94,0,1,0
5540,84,47,0,1,0
5541,84,385,0,1,0
5542,84,191,98,1,0
5543,84,73,0,1,0
5544,84,430,0,1,0
5545,84,206,0,1,0
5546,84,81,0,1,0
5547,84,66,0,1,0
5548,84,255,0,1,0
5549,84,132,0,1,0
5550,84,68,0,1,0
5551,84,331,0,1,0
5552,84,304,0,1,0
5553,84,286,0,1,0
5554,84,78,0,1,0
5555,84,127,98,1,0
5556,84,116,0,1,0
5557,84,234,0,1,0
5558,84,103,99,1,0
5559,84,178,96,1,0
5560,85,267,98,1,0
5561,85,224,0,1,0
5562,85,142,98,1,0
5563,85,370,4,1,0
5564,85,245,0,1,0
5565,85,117,0,1,0
5566,85,92,9,1,0
5567,85,437,0,1,0
5568,85,424,98,1,0
5569,85,80,0,1,0
5570,85,340,0,1,0
5571,85,335,98,1,0
5572,85,232,0,1,0
5573,85,35,98,1,0
5574,85,346,0,1,0
5575,85,313,0,1,0
5576,85,188,0,1,0
5577,85,84,96,1,0
5578,85,181,0,1,0
5579,85,178,98,1,0
5580,85,27,99,1,0
5581,85,358,46,1,0
5582,85,46,98,1,0
5583,85,63,98,1,0
5584,85,372,0,1,0
5585,85,258,0,1,0
5586,85,283,98,1,0
5587,85,158,0,1,0
5588,85,354,99,1,0
5589,85,261,0,1,0
5590,85,145,9,1,0
5591,85,136,98,1,0
5592,85,337,0,1,0
5593,85,105,0,1,0
5594,85,182,0,1,0
5595,85,162,0,1,0
5596,85,417,0,1,0
5597,85,91,99,1,0
5598,85,110,4,1,0
5599,85,199,99,1,0
5600,86,163,0,0,0
5601,86,156,0,0,0
5602,86,378,0,0,0
5603,86,303,0,0,0
5604,86,307,0,0,0
5605,86,49,0,0,0
5606,86,348,0,0,0
5607,86,325,0,0,0
5608,86,265,0,0,0
5609,86,364,0,0,0
5610,86,396,0,0,0
5611,86,432,0,0,0
5612,86,268,0,0,0
5613,86,213,0,0,0
5614,86,61,0,0,0
5615,86,91,0,0,0
5616,86,393,0,0,0
5617,86,48,0,0,0
5618,86,21,0,0,0
5619,86,177,0,0,0
5620,86,424,0,0,0
5621,86,99,0,0,0
5622,86,299,0,0,0
5623,86,361,0,0,0
5624,86,391,0,0,0
5625,86,188,0,0,0
5626,86,381,0,0,0
5627,86,164,0,0,0
5628,86,338,0,0,0
5629,86,43,0,0,0
5630,86,301,0,0,0
5631,86,194,0,0,0
5632,86,150,0,0,0
5633,86,385,0,0,0
5634,86,439,0,0,0
5635,86,235,0,0,0
5636,86,64,0,0,0
5637,86,42,0,0,0
5638,86,129,0,0,0
5639,86,58,0,0,0
5640,87,245,0,1,0
5641,87,250,97,1,0
5642,87,390,0,1,0
5643,87,325,0,1,0
5644,87,283,97,1,0
5645,87,322,0,1,0
5646,87,397,0,1,0
5647,87,384,0,1,0
5648,87,24,0,1,0
5649,87,424,0,1,0
5650,87,115,7,1,0
5651,87,298,0,1,0
5652,87,138,0,1,0
5653,87,425,0,1,0
5654,87,237,0,1,0
5655,87,376,0,1,0
5656,87,301,0,1,0
5657,87,284,0,1,0
5658,87,38,0,1,0
5659,87,95,4,1,0
5660,87,161,0,1,0
5661,87,254,9,1,0
5662,87,207,97,1,0
5663,87,249,0,1,0
5664,87,61,0,1,0
5665,87,437,0,1,0
5666,87,45,0,1,0
5667,87,243,7,1,0
5668,87,272,0,1,0
5669,87,432,0,1,0
5670,87,40,0,1,0
5671,87,205,0,1,0
5672,87,172,0,1,0
5673,87,439,97,1,0
5674,87,263,99,1,0
5675,87,62,0,1,0
5676,87,358,0,1,0
5677,87,219,97,1,0
5678,87,112,0,1,0
5679,87,79,98,1,0
5680,88,264,0,0,0
5681,88,161,0,0,0
5682,88,67,0,0,0
5683,88,263,0,0,0
5684,88,384,0,0,0
5685,88,317,0,0,0
5686,88,157,0,0,0
5687,88,129,0,0,0
5688,88,106,0,0,0
5689,88,97,0,0,0
5690,88,372,0,0,0
5691,88,430,0,0,0
5692,88,101,0,0,0
5693,88,304,0,0,0
5694,88,99,0,0,0
5695,88,359,0,0,0
5696,88,91,0,0,0
5697,88,114,0,0,0
5698,88,435,0,0,0
5699,88,393,0,0,0
5700,88,351,0,0,0
5701,88,275,0,0,0
5702,88,403,0,0,0
5703,88,191,0,0,0
5704,88,172,0,0,0
5705,88,57,0,0,0
5706,88,68,0,0,0
5707,88,250,0,0,0
5708,88,324,0,0,0
5709,88,366,0,0,0
5710,88,226,0,0,0
5711,88,131,0,0,0
5712,88,327,0,0,0
5713,88,361,0,0,0
5714,88,379,0,0,0
5715,88,152,0,0,0
5716,88,337,0,0,0
5717,88,135,0,0,0
5718,88,104,0,0,0
5719,88,306,0,0,0
5720,89,266,0,0,0
5721,89,309,0,0,0
5722,89,358,0,0,0
5723,89,236,0,0,0
5724,89,364,0,0,0
5725,89,402,0,0,0
5726,89,84,0,0,0
5727,89,386,0,0,0
5728,89,297,0,0,0
5729,89,344,0,0,0
5730,89,184,0,0,0
5731,89,407,0,0,0
5732,89,206,0,0,0
5733,89,411,0,0,0
5734,89,113,0,0,0
5735,89,413,0,0,0
5736,89,100,0,0,0
5737,89,62,0,0,0
5738,89,105,0,0,0
5739,89,269,0,0,0
5740,89,238,0,0,0
5741,89,283,0,0,0
5742,89,409,0,0,0
5743,89,394,0,0,0
5744,89,438,0,0,0
5745,89,301,0,0,0
5746,89,437,0,0,0
5747,89,29,0,0,0
5748,89,232,0,0,0
5749,89,427,0,0,0
5750,89,325,0,0,0
5751,89,306,0,0,0
5752,89,147,0,0,0
5753,89,165,0,0,0
5754,89,93,0,0,0
5755,89,33,0,0,0
5756,89,212,0,0,0
5757,89,223,0,0,0
5758,89,78,0,0,0
5759,89,276,0,0,0
5760,90,214,99,1,0
5761,90,439,98,1,0
5762,90,69,0,1,0
5763,90,410,0,1,0
5764,90,212,3,1,0
5765,90,411,99,1,0
5766,90,135,99,1,0
5767,90,109,98,1,0
5768,90,184,0,1,0
5769,90,236,0,1,0
5770,90,240,0,1,0
5771,90,216,0,1,0
5772,90,267,98,1,0
5773,90,314,0,1,0
5774,90,277,0,1,0
5775,90,409,18,1,0
5776,90,297,0,1,0
5777,90,220,96,1,0
5778,90,48,0,1,0
5779,90,310,98,1,0
5780,90,105,0,1,0
5781,90,164,3,1,0
5782,90,353,0,1,0
5783,90,53,0,1,0
5784,90,279,98,1,0
5785,90,273,48,1,0
5786,90,403,99,1,0
5787,90,405,0,1,0
5788,90,381,0,1,0
5789,90,247,98,1,0
5790,90,92,0,1,0
5791,90,338,98,1,0
5792,90,266,0,1,0
5793,90,372,0,1,0
5794,90,101,0,1,0
5795,90,37,0,1,0
5796,90,337,0,1,0
5797,90,39,99,1,0
5798,90,312,0,1,0
5799,90,28,0,1,0
5800,92,174,0,1,0
5801,92,113,0,1,0
5802,92,96,0,1,0
5803,92,253,0,1,0
5804,92,33,0,1,0
5805,92,231,99,1,0
5806,92,391,99,1,0
5807,92,128,98,1,0
5808,92,95,14,1,0
5809,92,403,99,1,0
5810,92,170,4,1,0
5811,92,188,98,1,0
5812,92,413,0,1,0
5813,92,139,92,1,0
5814,92,379,99,1,0
5815,92,352,3,1,0
5816,92,433,0,1,0
5817,92,342,0,1,0
5818,92,88,0,1,0
5819,92,373,0,1,0
5820,92,412,0,1,0
5821,92,278,92,1,0
5822,92,155,2,1,0
5823,92,116,0,1,0
5824,92,345,0,1,0
5825,92,418,0,1,0
5826,92,250,99,1,0
5827,92,130,0,1,0
5828,92,269,0,1,0
5829,92,262,0,1,0
5830,92,426,67,1,0
5831,92,44,0,1,0
5832,92,51,99,1,0
5833,92,249,0,1,0
5834,92,30,92,1,0
5835,92,311,99,1,0
5836,92,257,0,1,0
5837,92,43,99,1,0
5838,92,112,0,1,0
5839,92,327,99,1,0
5840,94,425,0,1,0
5841,94,433,0,1,0
5842,94,275,99,1,0
5843,94,316,0,1,0
5844,94,322,0,1,0
5845,94,36,44,1,0
5846,94,402,0,1,0
5847,94,258,13,1,0
5848,94,135,99,1,0
5849,94,71,99,1,0
5850,94,56,98,1,0
5851,94,228,0,1,0
5852,94,201,0,1,0
5853,94,182,0,1,0
5854,94,230,0,1,0
5855,94,405,0,1,0
5856,94,143,99,1,0
5857,94,274,0,1,0
5858,94,206,92,1,0
5859,94,255,99,1,0
5860,94,356,98,1,0
5861,94,348,0,1,0
5862,94,238,34,1,0
5863,94,231,99,1,0
5864,94,27,99,1,0
5865,94,70,0,1,0
5866,94,381,0,1,0
5867,94,125,0,1,0
5868,94,147,99,1,0
5869,94,309,0,1,0
5870,94,39,99,1,0
5871,94,102,92,1,0
5872,94,363,99,1,0
5873,94,288,0,1,0
5874,94,295,99,1,0
5875,94,391,99,1,0
5876,94,129,0,1,0
5877,94,351,99,1,0
5878,94,279,99,1,0
5879,94,106,64,1,0
5880,95,428,0,1,0
5881,95,189,0,1,0
5882,95,44,0,1,0
5883,95,370,0,1,0
5884,95,36,9,1,0
5885,95,383,18,1,0
5886,95,343,99,1,0
5887,95,90,0,1,0
5888,95,71,99,1,0
5889,95,257,0,1,0
5890,95,126,0,1,0
5891,95,250,31,1,0
5892,95,401,0,1,0
5893,95,213,0,1,0
5894,95,325,0,1,0
5895,95,278,0,1,0
5896,95,28,0,1,0
5897,95,432,1,1,0
5898,95,121,0,1,0
5899,95,86,0,1,0
5900,95,431,99,1,0
5901,95,338,0,1,0
5902,95,76,0,1,0
5903,95,297,0,1,0
5904,95,119,99,1,0
5905,95,353,0,1,0
5906,95,69,0,1,0
5907,95,308,0,1,0
5908,95,227,99,1,0
5909,95,206,0,1,0
5910,95,102,0,1,0
5911,95,130,0,1,0
5912,95,377,0,1,0
5913,95,143,99,1,0
5914,95,103,99,1,0
5915,95,48,0,1,0
5916,95,239,99,1,0
5917,95,108,0,1,0
5918,95,399,99,1,0
5919,95,60,0,1,0
5920,96,263,0,0,0
5921,96,398,0,0,0
5922,96,399,0,0,0
5923,96,42,0,0,0
5924,96,251,0,0,0
5925,96,208,0,0,0
5926,96,185,0,0,0
5927,96,322,0,0,0
5928,96,99,0,0,0
5929,96,67,0,0,0
5930,96,184,0,0,0
5931,96,369,0,0,0
5932,96,128,0,0,0
5933,96,172,0,0,0
5934,96,58,0,0,0
5935,96,20,0,0,0
5936,96,180,0,0,0
5937,96,132,0,0,0
5938,96,250,0,0,0
5939,96,117,0,0,0
5940,96,296,0,0,0
5941,96,341,0,0,0
5942,96,331,0,0,0
5943,96,202,0,0,0
5944,96,434,0,0,0
5945,96,396,0,0,0
5946,96,228,0,0,0
5947,96,411,0,0,0
5948,96,286,0,0,0
5949,96,211,0,0,0
5950,96,137,0,0,0
5951,96,198,0,0,0
5952,96,267,0,0,0
5953,96,112,0,0,0
5954,96,224,0,0,0
5955,96,106,0,0,0
5956,96,426,0,0,0
5957,96,78,0,0,0
5958,96,53,0,0,0
5959,96,91,0,0,0
5960,99,371,99,1,0
5961,99,364,0,1,0
5962,99,185,0,1,0
5963,99,425,0,1,0
5964,99,142,0,1,0
5965,99,267,0,1,0
5966,99,368,0,1,0
5967,99,413,0,1,0
5968,99,402,0,1,0
5969,99,125,0,1,0
5970,99,203,0,1,0
5971,99,135,0,1,0
5972,99,359,0,1,0
5973,99,64,0,1,0
5974,99,93,0,1,0
5975,99,339,0,1,0
5976,99,356,0,1,0
5977,99,343,0,1,0
5978,99,62,0,1,0
5979,99,438,0,1,0
5980,99,277,0,1,0
5981,99,223,99,1,0
5982,99,39,0,1,0
5983,99,287,0,1,0
5984,99,138,0,1,0
5985,99,292,0,1,0
5986,99,331,0,1,0
5987,99,77,0,1,0
5988,99,168,0,1,0
5989,99,108,0,1,0
5990,99,32,0,1,0
5991,99,230,0,1,0
5992,99,299,0,1,0
5993,99,376,0,1,0
5994,99,379,0,1,0
5995,99,296,0,1,0
5996,99,268,0,1,0
5997,99,117,0,1,0
5998,99,75,0,1,0
5999,99,406,0,1,0
6000,100,63,12,1,0
6001,100,280,0,1,0
6002,100,147,99,1,0
6003,100,184,0,1,0
6004,100,326,0,1,0
6005,100,20,0,1,0
6006,100,253,0,1,0
6007,100,343,18,1,0
6008,100,308,0,1,0
6009,100,44,0,1,0
6010,100,172,98,1,0
6011,100,426,0,1,0
6012,100,361,0,1,0
6013,100,209,0,1,0
6014,100,332,0,1,0
6015,100,399,62,1,0
6016,100,53,0,1,0
6017,100,310,0,1,0
6018,100,211,92,1,0
6019,100,140,0,1,0
6020,100,344,0,1,0
6021,100,380,96,1,0
6022,100,84,0,1,0
6023,100,273,0,1,0
6024,100,131,99,1,0
6025,100,365,0,1,0
6026,100,198,0,1,0
6027,100,169,0,1,0
6028,100,313,0,1,0
6029,100,123,92,1,0
6030,100,164,0,1,0
6031,100,25,0,1,0
6032,100,91,99,1,0
6033,100,423,99,1,0
6034,100,213,0,1,0
6035,100,437,0,1,0
6036,100,336,0,1,0
6037,100,193,0,1,0
6038,100,406,6,1,0
6039,100,196,0,1,0
6040,101,388,0,0,0
6041,101,144,0,0,0
6042,101,427,0,0,0
6043,101,180,0,0,0
6044,101,165,0,0,0
6045,101,307,0,0,0
6046,101,213,0,0,0
6047,101,57,0,0,0
6048,101,55,0,0,0
6049,101,64,0,0,0
6050,101,293,0,0,0
6051,101,295,0,0,0
6052,101,393,0,0,0
6053,101,197,0,0,0
6054,101,61,0,0,0
6055,101,258,0,0,0
6056,101,200,0,0,0
6057,101,230,0,0,0
6058,101,424,0,0,0
6059,101,407,0,0,0
6060,101,361,0,0,0
6061,101,231,0,0,0
6062,101,158,0,0,0
6063,101,26,0,0,0
6064,101,244,0,0,0
6065,101,157,0,0,0
6066,101,315,0,0,0
6067,101,223,0,0,0
6068,101,139,0,0,0
6069,101,178,0,0,0
6070,101,286,0,0,0
6071,101,146,0,0,0
6072,101,384,0,0,0
6073,101,333,0,0,0
6074,101,310,0,0,0
6075,101,420,0,0,0
6076,101,389,0,0,0
6077,101,314,0,0,0
6078,101,352,0,0,0
6079,101,362,0,0,0
6080,102,432,1,1,0
6081,102,105,0,1,0
6082,102,321,0,1,0
6083,102,299,99,1,0
6084,102,371,99,1,0
6085,102,222,0,1,0
6086,102,260,0,1,0
6087,102,29,0,1,0
6088,102,372,0,1,0
6089,102,144,3,1,0
6090,102,340,3,1,0
6091,102,202,0,1,0
6092,102,358,3,1,0
6093,102,145,0,1,0
6094,102,282,4,1,0
6095,102,86,0,1,0
6096,102,429,0,1,0
6097,102,22,4,1,0
6098,102,245,61,1,0
6099,102,46,3,1,0
6100,102,103,99,1,0
6101,102,32,0,1,0
6102,102,397,0,1,0
6103,102,233,0,1,0
6104,102,159,99,1,0
6105,102,265,0,1,0
6106,102,294,4,1,0
6107,102,382,59,1,0
6108,102,247,99,1,0
6109,102,317,0,1,0
6110,102,124,98,1,0
6111,102,90,0,1,0
6112,102,243,99,1,0
6113,102,281,0,1,0
6114,102,307,99,1,0
6115,102,198,0,1,0
6116,102,434,1,1,0
6117,102,250,77,1,0
6118,102,404,0,1,0
6119,102,366,0,1,0
6120,103,273,0,1,0
6121,103,342,0,1,0
6122,103,270,0,1,0
6123,103,242,0,1,0
6124,103,344,0,1,0
6125,103,388,0,1,0
6126,103,145,0,1,0
6127,103,55,0,1,0
6128,103,303,0,1,0
6129,103,91,0,1,0
6130,103,30,0,1,0
6131,103,236,0,1,0
6132,103,314,0,1,0
6133,103,205,0,1,0
6134,103,45,0,1,0
6135,103,98,0,1,0
6136,103,254,0,1,0
6137,103,58,0,1,0
6138,103,374,0,1,0
6139,103,257,0,1,0
6140,103,290,0,1,0
6141,103,324,0,1,0
6142,103,349,0,1,0
6143,103,160,0,1,0
6144,103,213,0,1,0
6145,103,27,0,1,0
6146,103,118,0,1,0
6147,103,155,0,1,0
6148,103,173,0,1,0
6149,103,263,0,1,0
6150,103,221,0,1,0
6151,103,390,0,1,0
6152,103,137,0,1,0
6153,103,186,0,1,0
6154,103,79,61,1,0
6155,103,48,0,1,0
6156,103,149,0,1,0
6157,103,53,0,1,0
6158,103,141,0,1,0
6159,103,168,0,1,0
6160,104,376,0,0,0
6161,104,397,0,0,0
6162,104,112,0,0,0
6163,104,221,0,0,0
6164,104,348,0,0,0
6165,104,119,0,0,0
6166,104,102,0,0,0
6167,104,37,0,0,0
6168,104,380,0,0,0
6169,104,304,0,0,0
6170,104,51,0,0,0
6171,104,165,0,0,0
6172,104,308,0,0,0
6173,104,173,0,0,0
6174,104,287,0,0,0
6175,104,200,0,0,0
6176,104,159,0,0,0
6177,104,369,0,0,0
6178,104,65,0,0,0
6179,104,126,0,0,0
6180,104,154,0,0,0
6181,104,128,0,0,0
6182,104,225,0,0,0
6183,104,357,0,0,0
6184,104,299,0,0,0
6185,104,403,0,0,0
6186,104,283,0,0,0
6187,104,382,0,0,0
6188,104,229,0,0,0
6189,104,114,0,0,0
6190,104,378,0,0,0
6191,104,69,0,0,0
6192,104,289,0,0,0
6193,104,203,0,0,0
6194,104,354,0,0,0
6195,104,237,0,0,0
6196,104,343,0,0,0
6197,104,44,0,0,0
6198,104,271,0,0,0
6199,104,291,0,0,0
6200,105,277,0,0,0
6201,105,212,0,0,0
6202,105,308,0,0,0
6203,105,370,0,0,0
6204,105,143,0,0,0
6205,105,72,0,0,0
6206,105,36,0,0,0
6207,105,77,0,0,0
6208,105,377,0,0,0
6209,105,27,0,0,0
6210,105,372,0,0,0
6211,105,253,0,0,0
6212,105,409,0,0,0
6213,105,151,0,0,0
6214,105,34,0,0,0
6215,105,363,0,0,0
6216,105,237,0,0,0
6217,105,219,0,0,0
6218,105,238,0,0,0
6219,105,31,0,0,0
6220,105,270,0,0,0
6221,105,180,0,0,0
6222,105,374,0,0,0
6223,105,380,0,0,0
6224,105,57,0,0,0
6225,105,343,0,0,0
6226,105,96,0,0,0
6227,105,179,0,0,0
6228,105,58,0,0,0
6229,105,279,0,0,0
6230,105,375,0,0,0
6231,105,425,0,0,0
6232,105,226,0,0,0
6233,105,367,0,0,0
6234,105,376,0,0,0
6235,105,170,0,0,0
6236,105,25,0,0,0
6237,105,403,0,0,0
6238,105,81,0,0,0
6239,105,369,0,0,0
6240,106,37,0,1,0
6241,106,276,4,1,0
6242,106,22,4,1,0
6243,106,213,0,1,0
6244,106,95,99,1,0
6245,106,305,0,1,0
6246,106,199,99,1,0
6247,106,429,0,1,0
6248,106,238,14,1,0
6249,106,292,0,1,0
6250,106,311,99,1,0
6251,106,209,0,1,0
6252,106,358,3,1,0
6253,106,112,0,1,0
6254,106,329,99,1,0
6255,106,257,0,1,0
6256,106,260,0,1,0
6257,106,282,4,1,0
6258,106,168,98,1,0
6259,106,420,0,1,0
6260,106,191,99,1,0
6261,106,316,0,1,0
6262,106,403,99,1,0
6263,106,121,0,1,0
6264,106,322,0,1,0
6265,106,385,0,1,0
6266,106,145,0,1,0
6267,106,321,0,1,0
6268,106,377,98,1,0
6269,106,195,97,1,0
6270,106,290,0,1,0
6271,106,411,99,1,0
6272,106,57,0,1,0
6273,106,307,99,1,0
6274,106,192,3,1,0
6275,106,70,4,1,0
6276,106,76,68,1,0
6277,106,298,0,1,0
6278,106,181,0,1,0
6279,106,42,0,1,0
6280,107,36,0,1,0
6281,107,116,0,1,0
6282,107,246,4,1,0
6283,107,188,0,1,0
6284,107,394,0,1,0
6285,107,385,0,1,0
6286,107,384,0,1,0
6287,107,352,0,1,0
6288,107,393,0,1,0
6289,107,156,0,1,0
6290,107,242,0,1,0
6291,107,255,0,1,0
6292,107,291,93,1,0
6293,107,416,0,1,0
6294,107,138,0,1,0
6295,107,190,0,1,0
6296,107,413,0,1,0
6297,107,94,0,1,0
6298,107,315,4,1,0
6299,107,35,4,1,0
6300,107,139,0,1,0
6301,107,368,0,1,0
6302,107,391,4,1,0
6303,107,286,4,1,0
6304,107,396,0,1,0
6305,107,70,0,1,0
6306,107,54,0,1,0
6307,107,176,0,1,0
6308,107,80,0,1,0
6309,107,120,0,1,0
6310,107,403,99,1,0
6311,107,184,0,1,0
6312,107,377,0,1,0
6313,107,414,0,1,0
6314,107,66,0,1,0
6315,107,234,0,1,0
6316,107,279,0,1,0
6317,107,379,4,1,0
6318,107,374,0,1,0
6319,107,328,0,1,0
6320,108,264,0,0,0
6321,108,43,0,0,0
6322,108,263,0,0,0
6323,108,187,0,0,0
6324,108,384,0,0,0
6325,108,369,0,0,0
6326,108,294,0,0,0
6327,108,362,0,0,0
6328,108,118,0,0,0
6329,108,324,0,0,0
6330,108,323,0,0,0
6331,108,158,0,0,0
6332,108,175,0,0,0
6333,108,125,0,0,0
6334,108,295,0,0,0
6335,108,360,0,0,0
6336,108,332,0,0,0
6337,108,203,0,0,0
6338,108,244,0,0,0
6339,108,136,0,0,0
6340,108,437,0,0,0
6341,108,78,0,0,0
6342,108,114,0,0,0
6343,108,370,0,0,0
6344,108,38,0,0,0
6345,108,306,0,0,0
6346,108,123,0,0,0
6347,108,216,0,0,0
6348,108,386,0,0,0
6349,108,150,0,0,0
6350,108,74,0,0,0
6351,108,97,0,0,0
6352,108,288,0,0,0
6353,108,211,0,0,0
6354,108,337,0,0,0
6355,108,312,0,0,0
6356,108,317,0,0,0
6357,108,267,0,0,0
6358,108,368,0,0,0
6359,108,104,0,0,0
6360,109,220,0,1,0
6361,109,222,0,1,0
6362,109,247,98,1,0
6363,109,118,98,1,0
6364,109,254,4,1,0
6365,109,46,3,1,0
6366,109,171,98,1,0
6367,109,404,0,1,0
6368,109,392,3,1,0
6369,109,422,3,1,0
6370,109,296,3,1,0
6371,109,136,67,1,0
6372,109,27,99,1,0
6373,109,78,0,1,0
6374,109,320,0,1,0
6375,109,176,96,1,0
6376,109,435,98,1,0
6377,109,332,0,1,0
6378,109,256,0,1,0
6379,109,378,0,1,0
6380,109,409,98,1,0
6381,109,277,0,1,0
6382,109,286,0,1,0
6383,109,267,98,1,0
6384,109,258,96,1,0
6385,109,91,99,1,0
6386,109,180,0,1,0
6387,109,340,0,1,0
6388,109,288,0,1,0
6389,109,242,0,1,0
6390,109,337,0,1,0
6391,109,358,0,1,0
6392,109,371,99,1,0
6393,109,239,98,1,0
6394,109,196,0,1,0
6395,109,154,0,1,0
6396,109,234,0,1,0
6397,109,325,0,1,0
6398,109,338,0,1,0
6399,109,431,99,1,0
6400,110,270,99,1,0
6401,110,223,96,1,0
6402,110,238,0,1,0
6403,110,85,3,1,0
6404,110,41,0,1,0
6405,110,309,0,1,0
6406,110,397,0,1,0
6407,110,50,2,1,0
6408,110,165,0,1,0
6409,110,106,92,1,0
6410,110,364,0,1,0
6411,110,227,99,1,0
6412,110,264,0,1,0
6413,110,333,0,1,0
6414,110,54,0,1,0
6415,110,21,0,1,0
6416,110,310,92,1,0
6417,110,411,99,1,0
6418,110,171,99,1,0
6419,110,421,0,1,0
6420,110,350,6,1,0
6421,110,296,12,1,0
6422,110,145,0,1,0
6423,110,225,3,1,0
6424,110,33,0,1,0
6425,110,427,99,1,0
6426,110,259,99,1,0
6427,110,321,0,1,0
6428,110,209,0,1,0
6429,110,22,92,1,0
6430,110,137,92,1,0
6431,110,204,52,1,0
6432,110,141,0,1,0
6433,110,414,0,1,0
6434,110,240,0,1,0
6435,110,372,0,1,0
6436,110,71,99,1,0
6437,110,273,0,1,0
6438,110,278,92,1,0
6439,110,24,0,1,0
6440,111,263,0,1,0
6441,111,237,0,1,0
6442,111,402,0,1,0
6443,111,129,0,1,0
6444,111,397,0,1,0
6445,111,258,0,1,0
6446,111,412,0,1,0
6447,111,355,0,1,0
6448,111,30,0,1,0
6449,111,31,0,1,0
6450,111,195,0,1,0
6451,111,383,0,1,0
6452,111,212,3,1,0
6453,111,270,0,1,0
6454,111,286,0,1,0
6455,111,346,0,1,0
6456,111,276,0,1,0
6457,111,248,0,1,0
6458,111,262,0,1,0
6459,111,366,0,1,0
6460,111,174,0,1,0
6461,111,156,0,1,0
6462,111,242,0,1,0
6463,111,205,0,1,0
6464,111,224,0,1,0
6465,111,47,0,1,0
6466,111,20,0,1,0
6467,111,217,0,1,0
6468,111,240,0,1,0
6469,111,171,0,1,0
6470,111,226,0,1,0
6471,111,176,0,1,0
6472,111,123,0,1,0
6473,111,90,0,1,0
6474,111,130,0,1,0
6475,111,377,0,1,0
6476,111,61,0,1,0
6477,111,275,0,1,0
6478,111,139,0,1,0
6479,111,34,0,1,0
6480,112,261,0,0,0
6481,112,429,0,0,0
6482,112,34,0,0,0
6483,112,188,0,0,0
6484,112,83,0,0,0
6485,112,106,0,0,0
6486,112,39,0,0,0
6487,112,314,0,0,0
6488,112,21,0,0,0
6489,112,257,0,0,0
6490,112,124,0,0,0
6491,112,126,0,0,0
6492,112,408,0,0,0
6493,112,252,0,0,0
6494,112,180,0,0,0
6495,112,264,0,0,0
6496,112,242,0,0,0
6497,112,379,0,0,0
6498,112,405,0,0,0
6499,112,28,0,0,0
6500,112,174,0,0,0
6501,112,349,0,0,0
6502,112,336,0,0,0
6503,112,299,0,0,0
6504,112,43,0,0,0
6505,112,393,0,0,0
6506,112,68,0,0,0
6507,112,276,0,0,0
6508,112,20,0,0,0
6509,112,45,0,0,0
6510,112,37,0,0,0
6511,112,119,0,0,0
6512,112,36,0,0,0
6513,112,90,0,0,0
6514,112,406,0,0,0
6515,112,208,0,0,0
6516,112,352,0,0,0
6517,112,298,0,0,0
6518,112,175,0,0,0
6519,112,132,0,0,0
6520,113,79,0,0,0
6521,113,273,0,0,0
6522,113,413,0,0,0
6523,113,383,0,0,0
6524,113,435,0,0,0
6525,113,58,0,0,0
6526,113,150,0,0,0
6527,113,83,0,0,0
6528,113,369,0,0,0
6529,113,133,0,0,0
6530,113,176,0,0,0
6531,113,39,0,0,0
6532,113,340,0,0,0
6533,113,169,0,0,0
6534,113,420,0,0,0
6535,113,391,0,0,0
6536,113,304,0,0,0
6537,113,175,0,0,0
6538,113,387,0,0,0
6539,113,270,0,0,0
6540,113,427,0,0,0
6541,113,71,0,0,0
6542,113,347,0,0,0
6543,113,102,0,0,0
6544,113,186,0,0,0
6545,113,190,0,0,0
6546,113,379,0,0,0
6547,113,287,0,0,0
6548,113,28,0,0,0
6549,113,205,0,0,0
6550,113,208,0,0,0
6551,113,63,0,0,0
6552,113,128,0,0,0
6553,113,415,0,0,0
6554,113,56,0,0,0
6555,113,27,0,0,0
6556,113,120,0,0,0
6557,113,109,0,0,0
6558,113,112,0,0,0
6559,113,263,0,0,0
6560,114,177,0,1,0
6561,114,358,0,1,0
6562,114,353,0,1,0
6563,114,341,0,1,0
6564,114,240,0,1,0
6565,114,88,0,1,0
6566,114,268,0,1,0
6567,114,190,0,1,0
6568,114,143,99,1,0
6569,114,379,99,1,0
6570,114,430,0,1,0
6571,114,269,0,1,0
6572,114,47,97,1,0
6573,114,243,99,1,0
6574,114,100,96,1,0
6575,114,244,90,1,0
6576,114,386,0,1,0
6577,114,237,0,1,0
6578,114,402,0,1,0
6579,114,21,0,1,0
6580,114,159,97,1,0
6581,114,355,99,1,0
6582,114,121,0,1,0
6583,114,108,0,1,0
6584,114,359,99,1,0
6585,114,395,99,1,0
6586,114,74,0,1,0
6587,114,293,0,1,0
6588,114,26,4,1,0
6589,114,176,0,1,0
6590,114,389,0,1,0
6591,114,183,99,1,0
6592,114,136,96,1,0
6593,114,246,4,1,0
6594,114,90,0,1,0
6595,114,415,97,1,0
6596,114,23,97,1,0
6597,114,150,93,1,0
6598,114,174,0,1,0
6599,114,281,0,1,0
6600,115,252,0,1,0
6601,115,273,0,1,0
6602,115,398,0,1,0
6603,115,125,0,1,0
6604,115,309,0,1,0
6605,115,260,0,1,0
6606,115,438,0,1,0
6607,115,106,0,1,0
6608,115,319,97,1,0
6609,115,312,0,1,0
6610,115,241,0,1,0
6611,115,199,90,1,0
6612,115,313,0,1,0
6613,115,180,0,1,0
6614,115,176,0,1,0
6615,115,59,97,1,0
6616,115,143,95,1,0
6617,115,338,0,1,0
6618,115,222,4,1,0
6619,115,145,0,1,0
6620,115,21,0,1,0
6621,115,38,0,1,0
6622,115,359,97,1,0
6623,115,127,12,1,0
6624,115,280,0,1,0
6625,115,337,0,1,0
6626,115,233,0,1,0
6627,115,381,0,1,0
6628,115,368,0,1,0
6629,115,292,0,1,0
6630,115,134,4,1,0
6631,115,221,0,1,0
6632,115,187,95,1,0
6633,115,139,88,1,0
6634,115,348,0,1,0
6635,115,439,97,1,0
6636,115,213,0,1,0
6637,115,108,0,1,0
6638,115,354,0,1,0
6639,115,231,97,1,0
6640,116,158,0,0,0
6641,116,217,0,0,0
6642,116,179,0,0,0
6643,116,248,0,0,0
6644,116,376,0,0,0
6645,116,193,0,0,0
6646,116,388,0,0,0
6647,116,329,0,0,0
6648,116,51,0,0,0
6649,116,225,0,0,0
6650,116,238,0,0,0
6651,116,282,0,0,0
6652,116,131,0,0,0
6653,116,429,0,0,0
6654,116,307,0,0,0
6655,116,427,0,0,0
6656,116,360,0,0,0
6657,116,392,0,0,0
6658,116,104,0,0,0
6659,116,172,0,0,0
6660,116,138,0,0,0
6661,116,418,0,0,0
6662,116,246,0,0,0
6663,116,253,0,0,0
6664,116,32,0,0,0
6665,116,81,0,0,0
6666,116,142,0,0,0
6667,116,216,0,0,0
6668,116,168,0,0,0
6669,116,263,0,0,0
6670,116,47,0,0,0
6671,116,127,0,0,0
6672,116,151,0,0,0
6673,116,355,0,0,0
6674,116,428,0,0,0
6675,116,431,0,0,0
6676,116,67,0,0,0
6677,116,37,0,0,0
6678,116,64,0,0,0
6679,116,26,0,0,0
6680,117,127,0,0,0
6681,117,424,0,0,0
6682,117,387,0,0,0
6683,117,161,0,0,0
6684,117,403,0,0,0
6685,117,368,0,0,0
6686,117,178,0,0,0
6687,117,230,0,0,0
6688,117,311,0,0,0
6689,117,315,0,0,0
6690,117,59,0,0,0
6691,117,45,0,0,0
6692,117,142,0,0,0
6693,117,88,0,0,0
6694,117,275,0,0,0
6695,117,29,0,0,0
6696,117,137,0,0,0
6697,117,139,0,0,0
6698,117,69,0,0,0
6699,117,80,0,0,0
6700,117,357,0,0,0
6701,117,177,0,0,0
6702,117,297,0,0,0
6703,117,154,0,0,0
6704,117,339,0,0,0
6705,117,147,0,0,0
6706,117,155,0,0,0
6707,117,204,0,0,0
6708,117,348,0,0,0
6709,117,22,0,0,0
6710,117,24,0,0,0
6711,117,409,0,0,0
6712,117,116,0,0,0
6713,117,341,0,0,0
6714,117,279,0,0,0
6715,117,77,0,0,0
6716,117,349,0,0,0
6717,117,396,0,0,0
6718,117,98,0,0,0
6719,117,115,0,0,0
6720,118,106,4,1,0
6721,118,302,0,1,0
6722,118,352,65,1,0
6723,118,50,0,1,0
6724,118,149,0,1,0
6725,118,179,99,1,0
6726,118,213,0,1,0
6727,118,396,0,1,0
6728,118,284,35,1,0
6729,118,260,0,1,0
6730,118,287,99,1,0
6731,118,312,0,1,0
6732,118,151,99,1,0
6733,118,221,0,1,0
6734,118,167,99,1,0
6735,118,326,0,1,0
6736,118,73,0,1,0
6737,118,286,4,1,0
6738,118,417,0,1,0
6739,118,244,25,1,0
6740,118,65,0,1,0
6741,118,338,0,1,0
6742,118,101,0,1,0
6743,118,223,99,1,0
6744,118,318,0,1,0
6745,118,98,4,1,0
6746,118,75,99,1,0
6747,118,380,4,1,0
6748,118,160,0,1,0
6749,118,42,0,1,0
6750,118,366,0,1,0
6751,118,258,70,1,0
6752,118,159,99,1,0
6753,118,197,0,1,0
6754,118,391,99,1,0
6755,118,379,99,1,0
6756,118,336,0,1,0
6757,118,345,0,1,0
6758,118,192,35,1,0
6759,118,429,0,1,0
6760,120,258,92,1,0
6761,120,186,0,1,0
6762,120,33,0,1,0
6763,120,57,0,1,0
6764,120,414,0,1,0
6765,120,60,0,1,0
6766,120,351,99,1,0
6767,120,386,0,1,0
6768,120,179,98,1,0
6769,120,174,0,1,0
6770,120,437,0,1,0
6771,120,285,0,1,0
6772,120,188,0,1,0
6773,120,204,96,1,0
6774,120,234,0,1,0
6775,120,439,98,1,0
6776,120,278,47,1,0
6777,120,177,0,1,0
6778,120,300,0,1,0
6779,120,97,0,1,0
6780,120,42,0,1,0
6781,120,137,0,1,0
6782,120,110,0,1,0
6783,120,75,99,1,0
6784,120,246,0,1,0
6785,120,399,98,1,0
6786,120,69,0,1,0
6787,120,108,0,1,0
6788,120,370,4,1,0
6789,120,22,0,1,0
6790,120,328,96,1,0
6791,120,297,0,1,0
6792,120,219,98,1,0
6793,120,133,0,1,0
6794,120,91,99,1,0
6795,120,167,99,1,0
6796,120,355,98,1,0
6797,120,169,67,1,0
6798,120,54,0,1,0
6799,120,331,98,1,0
6800,121,361,0,0,0
6801,121,265,0,0,0
6802,121,271,0,0,0
6803,121,42,0,0,0
6804,121,120,0,0,0
6805,121,411,0,0,0
6806,121,55,0,0,0
6807,121,227,0,0,0
6808,121,254,0,0,0
6809,121,380,0,0,0
6810,121,334,0,0,0
6811,121,150,0,0,0
6812,121,93,0,0,0
6813,121,78,0,0,0
6814,121,353,0,0,0
6815,121,299,0,0,0
6816,121,240,0,0,0
6817,121,369,0,0,0
6818,121,317,0,0,0
6819,121,185,0,0,0
6820,121,329,0,0,0
6821,121,368,0,0,0
6822,121,108,0,0,0
6823,121,325,0,0,0
6824,121,372,0,0,0
6825,121,421,0,0,0
6826,121,140,0,0,0
6827,121,127,0,0,0
6828,121,138,0,0,0
6829,121,246,0,0,0
6830,121,267,0,0,0
6831,121,335,0,0,0
6832,121,61,0,0,0
6833,121,136,0,0,0
6834,121,346,0,0,0
6835,121,158,0,0,0
6836,121,75,0,0,0
6837,121,170,0,0,0
6838,121,39,0,0,0
6839,121,96,0,0,0
6840,123,57,0,1,0
6841,123,315,8,1,0
6842,123,358,0,1,0
6843,123,166,0,1,0
6844,123,75,0,1,0
6845,123,227,99,1,0
6846,123,48,0,1,0
6847,123,54,0,1,0
6848,123,21,0,1,0
6849,123,348,0,1,0
6850,123,431,99,1,0
6851,123,218,0,1,0
6852,123,56,0,1,0
6853,123,183,99,1,0
6854,123,371,99,1,0
6855,123,433,0,1,0
6856,123,66,0,1,0
6857,123,240,0,1,0
6858,123,164,0,1,0
6859,123,302,0,1,0
6860,123,209,0,1,0
6861,123,42,0,1,0
6862,123,213,0,1,0
6863,123,368,0,1,0
6864,123,163,0,1,0
6865,123,357,0,1,0
6866,123,195,0,1,0
6867,123,211,99,1,0
6868,123,356,0,1,0
6869,123,44,0,1,0
6870,123,180,0,1,0
6871,123,154,0,1,0
6872,123,321,0,1,0
6873,123,405,0,1,0
6874,123,176,0,1,0
6875,123,92,4,1,0
6876,123,256,0,1,0
6877,123,333,0,1,0
6878,123,367,99,1,0
6879,123,35,8,1,0
6880,124,113,0,1,0
6881,124,245,0,1,0
6882,124,66,0,1,0
6883,124,332,0,1,0
6884,124,83,96,1,0
6885,124,21,0,1,0
6886,124,207,78,1,0
6887,124,45,0,1,0
6888,124,186,0,1,0
6889,124,414,0,1,0
6890,124,49,0,1,0
6891,124,293,0,1,0
6892,124,424,96,1,0
6893,124,205,0,1,0
6894,124,336,0,1,0
6895,124,316,0,1,0
6896,124,248,0,1,0
6897,124,233,0,1,0
6898,124,240,0,1,0
6899,124,327,96,1,0
6900,124,73,0,1,0
6901,124,28,0,1,0
6902,124,368,0,1,0
6903,124,321,0,1,0
6904,124,56,0,1,0
6905,124,271,96,1,0
6906,124,376,0,1,0
6907,124,97,0,1,0
6908,124,312,0,1,0
6909,124,381,0,1,0
6910,124,422,96,1,0
6911,124,194,0,1,0
6912,124,299,96,1,0
6913,124,93,0,1,0
6914,124,242,0,1,0
6915,124,257,0,1,0
6916,124,394,0,1,0
6917,124,286,0,1,0
6918,124,69,0,1,0
6919,124,50,0,1,0
6920,125,422,0,0,0
6921,125,148,0,0,0
6922,125,364,0,0,0
6923,125,355,0,0,0
6924,125,342,0,0,0
6925,125,171,0,0,0
6926,125,60,0,0,0
6927,125,141,0,0,0
6928,125,35,0,0,0
6929,125,421,0,0,0
6930,125,131,0,0,0
6931,125,408,0,0,0
6932,125,33,0,0,0
6933,125,172,0,0,0
6934,125,134,0,0,0
6935,125,109,0,0,0
6936,125,76,0,0,0
6937,125,278,0,0,0
6938,125,305,0,0,0
6939,125,224,0,0,0
6940,125,195,0,0,0
6941,125,64,0,0,0
6942,125,43,0,0,0
6943,125,396,0,0,0
6944,125,429,0,0,0
6945,125,88,0,0,0
6946,125,112,0,0,0
6947,125,27,0,0,0
6948,125,66,0,0,0
6949,125,298,0,0,0
6950,125,279,0,0,0
6951,125,177,0,0,0
6952,125,354,0,0,0
6953,125,334,0,0,0
6954,125,34,0,0,0
6955,125,288,0,0,0
6956,125,36,0,0,0
6957,125,357,0,0,0
6958,125,201,0,0,0
6959,125,434,0,0,0
6960,126,23,0,0,0
6961,126,109,0,0,0
6962,126,170,0,0,0
6963,126,336,0,0,0
6964,126,229,0,0,0
6965,126,20,0,0,0
6966,126,114,0,0,0
6967,126,258,0,0,0
6968,126,183,0,0,0
6969,126,377,0,0,0
6970,126,286,0,0,0
6971,126,245,0,0,0
6972,126,105,0,0,0
6973,126,372,0,0,0
6974,126,98,0,0,0
6975,126,287,0,0,0
6976,126,276,0,0,0
6977,126,341,0,0,0
6978,126,104,0,0,0
6979,126,71,0,0,0
6980,126,346,0,0,0
6981,126,353,0,0,0
6982,126,106,0,0,0
6983,126,283,0,0,0
6984,126,171,0,0,0
6985,126,144,0,0,0
6986,126,428,0,0,0
6987,126,298,0,0,0
6988,126,321,0,0,0
6989,126,100,0,0,0
6990,126,213,0,0,0
6991,126,119,0,0,0
6992,126,401,0,0,0
6993,126,237,0,0,0
6994,126,226,0,0,0
6995,126,102,0,0,0
6996,126,198,0,0,0
6997,126,307,0,0,0
6998,126,366,0,0,0
6999,126,91,0,0,0
7000,128,399,98,1,0
7001,128,257,0,1,0
7002,128,261,0,1,0
7003,128,398,0,1,0
7004,128,21,0,1,0
7005,128,76,3,1,0
7006,128,285,0,1,0
7007,128,270,98,1,0
7008,128,100,4,1,0
7009,128,432,23,1,0
7010,128,370,4,1,0
7011,128,154,0,1,0
7012,128,80,0,1,0
7013,128,402,0,1,0
7014,128,312,0,1,0
7015,128,157,98,1,0
7016,128,84,98,1,0
7017,128,136,3,1,0
7018,128,94,98,1,0
7019,128,114,98,1,0
7020,128,166,3,1,0
7021,128,284,3,1,0
7022,128,131,99,1,0
7023,128,293,0,1,0
7024,128,426,98,1,0
7025,128,55,99,1,0
7026,128,180,38,1,0
7027,128,106,98,1,0
7028,128,362,3,1,0
7029,128,413,3,1,0
7030,128,122,3,1,0
7031,128,380,0,1,0
7032,128,250,98,1,0
7033,128,356,98,1,0
7034,128,89,0,1,0
7035,128,170,98,1,0
7036,128,302,0,1,0
7037,128,327,98,1,0
7038,128,113,0,1,0
7039,128,219,98,1,0
7040,129,424,0,0,0
7041,129,378,0,0,0
7042,129,433,0,0,0
7043,129,199,0,0,0
7044,129,26,0,0,0
7045,129,200,0,0,0
7046,129,74,0,0,0
7047,129,375,0,0,0
7048,129,39,0,0,0
7049,129,296,0,0,0
7050,129,223,0,0,0
7051,129,73,0,0,0
7052,129,261,0,0,0
7053,129,139,0,0,0
7054,129,276,0,0,0
7055,129,388,0,0,0
7056,129,36,0,0,0
7057,129,75,0,0,0
7058,129,368,0,0,0
7059,129,384,0,0,0
7060,129,213,0,0,0
7061,129,99,0,0,0
7062,129,76,0,0,0
7063,129,402,0,0,0
7064,129,290,0,0,0
7065,129,259,0,0,0
7066,129,108,0,0,0
7067,129,416,0,0,0
7068,129,320,0,0,0
7069,129,88,0,0,0
7070,129,162,0,0,0
7071,129,71,0,0,0
7072,129,435,0,0,0
7073,129,120,0,0,0
7074,129,31,0,0,0
7075,129,91,0,0,0
7076,129,241,0,0,0
7077,129,334,0,0,0
7078,129,408,0,0,0
7079,129,127,0,0,0
7080,130,110,0,0,0
7081,130,62,0,0,0
7082,130,69,0,0,0
7083,130,351,0,0,0
7084,130,76,0,0,0
7085,130,270,0,0,0
7086,130,400,0,0,0
7087,130,378,0,0,0
7088,130,87,0,0,0
7089,130,48,0,0,0
7090,130,212,0,0,0
7091,130,71,0,0,0
7092,130,83,0,0,0
7093,130,22,0,0,0
7094,130,116,0,0,0
7095,130,264,0,0,0
7096,130,383,0,0,0
7097,130,289,0,0,0
7098,130,372,0,0,0
7099,130,261,0,0,0
7100,130,241,0,0,0
7101,130,33,0,0,0
7102,130,224,0,0,0
7103,130,293,0,0,0
7104,130,405,0,0,0
7105,130,235,0,0,0
7106,130,65,0,0,0
7107,130,126,0,0,0
7108,130,164,0,0,0
7109,130,299,0,0,0
7110,130,320,0,0,0
7111,130,284,0,0,0
7112,130,167,0,0,0
7113,130,170,0,0,0
7114,130,380,0,0,0
7115,130,424,0,0,0
7116,130,414,0,0,0
7117,130,56,0,0,0
7118,130,53,0,0,0
7119,130,273,0,0,0
7120,131,58,4,1,0
7121,131,244,0,1,0
7122,131,436,0,1,0
7123,131,172,0,1,0
7124,131,309,0,1,0
7125,131,205,0,1,0
7126,131,140,0,1,0
7127,131,279,4,1,0
7128,131,318,0,1,0
7129,131,176,0,1,0
7130,131,370,0,1,0
7131,131,62,0,1,0
7132,131,296,0,1,0
7133,131,83,95,1,0
7134,131,240,0,1,0
7135,131,282,4,1,0
7136,131,366,0,1,0
7137,131,162,0,1,0
7138,131,187,0,1,0
7139,131,300,0,1,0
7140,131,385,0,1,0
7141,131,209,0,1,0
7142,131,384,0,1,0
7143,131,180,0,1,0
7144,131,232,4,1,0
7145,131,25,0,1,0
7146,131,251,52,1,0
7147,131,429,0,1,0
7148,131,229,0,1,0
7149,131,222,0,1,0
7150,131,127,0,1,0
7151,131,331,4,1,0
7152,131,338,0,1,0
7153,131,314,0,1,0
7154,131,175,99,1,0
7155,131,103,99,1,0
7156,131,277,0,1,0
7157,131,272,0,1,0
7158,131,405,0,1,0
7159,131,381,0,1,0
7160,132,426,0,1,0
7161,132,215,99,1,0
7162,132,126,0,1,0
7163,132,194,0,1,0
7164,132,329,0,1,0
7165,132,319,99,1,0
7166,132,240,0,1,0
7167,132,375,99,1,0
7168,132,104,0,1,0
7169,132,198,0,1,0
7170,132,241,0,1,0
7171,132,301,0,1,0
7172,132,386,0,1,0
7173,132,303,0,1,0
7174,132,45,0,1,0
7175,132,139,92,1,0
7176,132,20,0,1,0
7177,132,321,0,1,0
7178,132,148,0,1,0
7179,132,368,0,1,0
7180,132,180,0,1,0
7181,132,424,0,1,0
7182,132,293,0,1,0
7183,132,380,0,1,0
7184,132,282,0,1,0
7185,132,155,0,1,0
7186,132,243,0,1,0
7187,132,299,0,1,0
7188,132,328,3,1,0
7189,132,369,0,1,0
7190,132,97,0,1,0
7191,132,133,0,1,0
7192,132,162,0,1,0
7193,132,383,0,1,0
7194,132,427,99,1,0
7195,132,69,0,1,0
7196,132,187,0,1,0
7197,132,63,8,1,0
7198,132,387,0,1,0
7199,132,157,0,1,0
7200,133,384,0,0,0
7201,133,36,0,0,0
7202,133,422,0,0,0
7203,133,398,0,0,0
7204,133,163,0,0,0
7205,133,94,0,0,0
7206,133,37,0,0,0
7207,133,42,0,0,0
7208,133,231,0,0,0
7209,133,276,0,0,0
7210,133,319,0,0,0
7211,133,425,0,0,0
7212,133,306,0,0,0
7213,133,435,0,0,0
7214,133,302,0,0,0
7215,133,386,0,0,0
7216,133,148,0,0,0
7217,133,439,0,0,0
7218,133,226,0,0,0
7219,133,371,0,0,0
7220,133,291,0,0,0
7221,133,234,0,0,0
7222,133,156,0,0,0
7223,133,334,0,0,0
7224,133,92,0,0,0
7225,133,67,0,0,0
7226,133,60,0,0,0
7227,133,385,0,0,0
7228,133,409,0,0,0
7229,133,204,0,0,0
7230,133,112,0,0,0
7231,133,111,0,0,0
7232,133,102,0,0,0
7233,133,432,0,0,0
7234,133,426,0,0,0
7235,133,304,0,0,0
7236,133,274,0,0,0
7237,133,379,0,0,0
7238,133,412,0,0,0
7239,133,330,0,0,0
7240,134,55,99,1,0
7241,134,323,99,1,0
7242,134,225,3,1,0
7243,134,30,92,1,0
7244,134,205,0,1,0
7245,134,390,91,1,0
7246,134,360,0,1,0
7247,134,29,0,1,0
7248,134,183,99,1,0
7249,134,374,41,1,0
7250,134,104,0,1,0
7251,134,396,0,1,0
7252,134,299,99,1,0
7253,134,204,34,1,0
7254,134,284,3,1,0
7255,134,43,99,1,0
7256,134,28,0,1,0
7257,134,319,99,1,0
7258,134,107,99,1,0
7259,134,111,99,1,0
7260,134,72,98,1,0
7261,134,433,0,1,0
7262,134,401,0,1,0
7263,134,370,0,1,0
7264,134,235,99,1,0
7265,134,437,0,1,0
7266,134,312,0,1,0
7267,134,189,0,1,0
7268,134,377,98,1,0
7269,134,69,0,1,0
7270,134,108,0,1,0
7271,134,51,99,1,0
7272,134,332,0,1,0
7273,134,244,0,1,0
7274,134,166,0,1,0
7275,134,368,0,1,0
7276,134,434,1,1,0
7277,134,350,6,1,0
7278,134,162,0,1,0
7279,134,170,99,1,0
7280,135,166,0,1,0
7281,135,340,0,1,0
7282,135,219,86,1,0
7283,135,214,0,1,0
7284,135,104,0,1,0
7285,135,161,0,1,0
7286,135,160,0,1,0
7287,135,328,0,1,0
7288,135,34,0,1,0
7289,135,334,0,1,0
7290,135,348,0,1,0
7291,135,387,97,1,0
7292,135,401,0,1,0
7293,135,174,0,1,0
7294,135,138,0,1,0
7295,135,217,0,1,0
7296,135,252,0,1,0
7297,135,429,0,1,0
7298,135,312,0,1,0
7299,135,130,0,1,0
7300,135,313,0,1,0
7301,135,416,0,1,0
7302,135,80,0,1,0
7303,135,145,0,1,0
7304,135,405,0,1,0
7305,135,92,4,1,0
7306,135,243,4,1,0
7307,135,173,0,1,0
7308,135,114,0,1,0
7309,135,358,0,1,0
7310,135,238,4,1,0
7311,135,171,97,1,0
7312,135,224,0,1,0
7313,135,386,0,1,0
7314,135,25,0,1,0
7315,135,185,0,1,0
7316,135,44,0,1,0
7317,135,106,0,1,0
7318,135,209,0,1,0
7319,135,197,0,1,0
7320,136,40,0,1,0
7321,136,174,96,1,0
7322,136,217,0,1,0
7323,136,345,0,1,0
7324,136,122,1,1,0
7325,136,187,99,1,0
7326,136,347,92,1,0
7327,136,42,0,1,0
7328,136,51,92,1,0
7329,136,269,0,1,0
7330,136,277,0,1,0
7331,136,338,0,1,0
7332,136,364,0,1,0
7333,136,382,99,1,0
7334,136,314,0,1,0
7335,136,429,0,1,0
7336,136,343,4,1,0
7337,136,20,0,1,0
7338,136,419,98,1,0
7339,136,424,0,1,0
7340,136,44,0,1,0
7341,136,406,1,1,0
7342,136,24,0,1,0
7343,136,325,0,1,0
7344,136,413,0,1,0
7345,136,60,17,1,0
7346,136,148,0,1,0
7347,136,71,98,1,0
7348,136,311,99,1,0
7349,136,32,0,1,0
7350,136,91,99,1,0
7351,136,31,98,1,0
7352,136,400,60,1,0
7353,136,152,71,1,0
7354,136,157,0,1,0
7355,136,77,0,1,0
7356,136,110,4,1,0
7357,136,422,0,1,0
7358,136,97,96,1,0
7359,136,175,99,1,0
7360,138,284,0,1,0
7361,138,358,0,1,0
7362,138,67,0,1,0
7363,138,61,0,1,0
7364,138,196,0,1,0
7365,138,415,0,1,0
7366,138,268,0,1,0
7367,138,141,0,1,0
7368,138,58,0,1,0
7369,138,33,0,1,0
7370,138,359,0,1,0
7371,138,171,0,1,0
7372,138,300,0,1,0
7373,138,216,0,1,0
7374,138,150,0,1,0
7375,138,387,0,1,0
7376,138,165,0,1,0
7377,138,438,0,1,0
7378,138,112,0,1,0
7379,138,330,0,1,0
7380,138,197,0,1,0
7381,138,121,0,1,0
7382,138,24,0,1,0
7383,138,54,0,1,0
7384,138,429,0,1,0
7385,138,218,0,1,0
7386,138,349,0,1,0
7387,138,239,0,1,0
7388,138,93,0,1,0
7389,138,393,0,1,0
7390,138,252,0,1,0
7391,138,319,0,1,0
7392,138,105,0,1,0
7393,138,174,0,1,0
7394,138,327,0,1,0
7395,138,263,0,1,0
7396,138,374,0,1,0
7397,138,368,0,1,0
7398,138,244,0,1,0
7399,138,151,0,1,0
7400,139,307,99,1,0
7401,139,349,0,1,0
7402,139,267,9,1,0
7403,139,373,0,1,0
7404,139,370,0,1,0
7405,139,210,3,1,0
7406,139,313,0,1,0
7407,139,264,0,1,0
7408,139,181,0,1,0
7409,139,61,0,1,0
7410,139,257,0,1,0
7411,139,297,0,1,0
7412,139,381,0,1,0
7413,139,280,0,1,0
7414,139,43,4,1,0
7415,139,420,0,1,0
7416,139,115,0,1,0
7417,139,77,0,1,0
7418,139,433,0,1,0
7419,139,406,0,1,0
7420,139,74,0,1,0
7421,139,338,0,1,0
7422,139,110,4,1,0
7423,139,377,0,1,0
7424,139,62,0,1,0
7425,139,175,99,1,0
7426,139,322,0,1,0
7427,139,93,0,1,0
7428,139,103,99,1,0
7429,139,434,0,1,0
7430,139,138,0,1,0
7431,139,90,0,1,0
7432,139,390,0,1,0
7433,139,260,0,1,0
7434,139,240,0,1,0
7435,139,163,0,1,0
7436,139,95,0,1,0
7437,139,176,0,1,0
7438,139,345,0,1,0
7439,139,221,0,1,0
7440,140,321,0,1,0
7441,140,310,96,1,0
7442,140,217,0,1,0
7443,140,366,0,1,0
7444,140,271,3,1,0
7445,140,409,96,1,0
7446,140,40,0,1,0
7447,140,327,3,1,0
7448,140,182,0,1,0
7449,140,170,8,1,0
7450,140,34,0,1,0
7451,140,258,98,1,0
7452,140,246,3,1,0
7453,140,132,0,1,0
7454,140,434,8,1,0
7455,140,56,98,1,0
7456,140,172,0,1,0
7457,140,362,23,1,0
7458,140,299,3,1,0
7459,140,369,0,1,0
7460,140,20,0,1,0
7461,140,374,22,1,0
7462,140,85,98,1,0
7463,140,240,0,1,0
7464,140,364,0,1,0
7465,140,38,0,1,0
7466,140,359,99,1,0
7467,140,437,0,1,0
7468,140,151,99,1,0
7469,140,27,4,1,0
7470,140,180,98,1,0
7471,140,276,0,1,0
7472,140,361,0,1,0
7473,140,144,3,1,0
7474,140,351,99,1,0
7475,140,53,0,1,0
7476,140,396,0,1,0
7477,140,193,0,1,0
7478,140,192,3,1,0
7479,140,196,0,1,0
7480,141,332,0,0,0
7481,141,170,0,0,0
7482,141,90,0,0,0
7483,141,381,0,0,0
7484,141,75,0,0,0
7485,141,132,0,0,0
7486,141,69,0,0,0
7487,141,282,0,0,0
7488,141,166,0,0,0
7489,141,364,0,0,0
7490,141,254,0,0,0
7491,141,63,0,0,0
7492,141,327,0,0,0
7493,141,93,0,0,0
7494,141,244,0,0,0
7495,141,238,0,0,0
7496,141,232,0,0,0
7497,141,414,0,0,0
7498,141,162,0,0,0
7499,141,299,0,0,0
7500,141,150,0,0,0
7501,141,119,0,0,0
7502,141,168,0,0,0
7503,141,185,0,0,0
7504,141,344,0,0,0
7505,141,26,0,0,0
7506,141,331,0,0,0
7507,141,387,0,0,0
7508,141,311,0,0,0
7509,141,102,0,0,0
7510,141,60,0,0,0
7511,141,337,0,0,0
7512,141,431,0,0,0
7513,141,411,0,0,0
7514,141,184,0,0,0
7515,141,384,0,0,0
7516,141,434,0,0,0
7517,141,103,0,0,0
7518,141,43,0,0,0
7519,141,408,0,0,0
7520,143,399,4,1,0
7521,143,434,0,1,0
7522,143,66,0,1,0
7523,143,33,0,1,0
7524,143,421,0,1,0
7525,143,60,0,1,0
7526,143,311,99,1,0
7527,143,361,0,1,0
7528,143,205,0,1,0
7529,143,130,0,1,0
7530,143,34,0,1,0
7531,143,415,4,1,0
7532,143,153,0,1,0
7533,143,100,4,1,0
7534,143,368,0,1,0
7535,143,435,4,1,0
7536,143,160,0,1,0
7537,143,358,0,1,0
7538,143,405,0,1,0
7539,143,359,99,1,0
7540,143,414,0,1,0
7541,143,306,0,1,0
7542,143,337,0,1,0
7543,143,157,0,1,0
7544,143,392,0,1,0
7545,143,341,0,1,0
7546,143,114,0,1,0
7547,143,235,0,1,0
7548,143,25,0,1,0
7549,143,393,0,1,0
7550,143,265,0,1,0
7551,143,238,0,1,0
7552,143,286,4,1,0
7553,143,384,0,1,0
7554,143,210,9,1,0
7555,143,391,4,1,0
7556,143,214,0,1,0
7557,143,174,0,1,0
7558,143,249,0,1,0
7559,143,117,0,1,0
7560,144,252,0,1,0
7561,144,301,0,1,0
7562,144,299,98,1,0
7563,144,74,0,1,0
7564,144,298,0,1,0
7565,144,283,98,1,0
7566,144,288,0,1,0
7567,144,284,98,1,0
7568,144,85,0,1,0
7569,144,165,0,1,0
7570,144,21,0,1,0
7571,144,150,99,1,0
7572,144,241,0,1,0
7573,144,146,0,1,0
7574,144,313,0,1,0
7575,144,91,99,1,0
7576,144,28,0,1,0
7577,144,371,99,1,0
7578,144,72,98,1,0
7579,144,172,0,1,0
7580,144,197,0,1,0
7581,144,101,0,1,0
7582,144,302,71,1,0
7583,144,351,99,1,0
7584,144,58,98,1,0
7585,144,287,98,1,0
7586,144,86,0,1,0
7587,144,35,98,1,0
7588,144,421,0,1,0
7589,144,201,0,1,0
7590,144,210,99,1,0
7591,144,88,0,1,0
7592,144,151,99,1,0
7593,144,126,0,1,0
7594,144,173,0,1,0
7595,144,114,98,1,0
7596,144,87,99,1,0
7597,144,128,0,1,0
7598,144,168,0,1,0
7599,144,345,0,1,0
7600,146,403,0,1,0
7601,146,416,0,1,0
7602,146,402,0,1,0
7603,146,326,0,1,0
7604,146,315,0,1,0
7605,146,302,0,1,0
7606,146,171,0,1,0
7607,146,255,0,1,0
7608,146,112,0,1,0
7609,146,429,0,1,0
7610,146,340,0,1,0
7611,146,144,0,1,0
7612,146,96,0,1,0
7613,146,142,0,1,0
7614,146,321,0,1,0
7615,146,29,0,1,0
7616,146,23,0,1,0
7617,146,188,0,1,0
7618,146,140,0,1,0
7619,146,256,0,1,0
7620,146,284,0,1,0
7621,146,343,0,1,0
7622,146,118,0,1,0
7623,146,368,0,1,0
7624,146,133,0,1,0
7625,146,169,0,1,0
7626,146,292,0,1,0
7627,146,309,0,1,0
7628,146,90,0,1,0
7629,146,372,0,1,0
7630,146,110,0,1,0
7631,146,254,0,1,0
7632,146,344,0,1,0
7633,146,37,0,1,0
7634,146,259,0,1,0
7635,146,206,0,1,0
7636,146,229,0,1,0
7637,146,329,0,1,0
7638,146,165,0,1,0
7639,146,129,0,1,0
7640,149,430,0,0,0
7641,149,261,0,0,0
7642,149,347,0,0,0
7643,149,379,0,0,0
7644,149,377,0,0,0
7645,149,50,0,0,0
7646,149,203,0,0,0
7647,149,90,0,0,0
7648,149,115,0,0,0
7649,149,132,0,0,0
7650,149,428,0,0,0
7651,149,285,0,0,0
7652,149,75,0,0,0
7653,149,324,0,0,0
7654,149,127,0,0,0
7655,149,255,0,0,0
7656,149,53,0,0,0
7657,149,381,0,0,0
7658,149,330,0,0,0
7659,149,82,0,0,0
7660,149,131,0,0,0
7661,149,180,0,0,0
7662,149,74,0,0,0
7663,149,249,0,0,0
7664,149,355,0,0,0
7665,149,438,0,0,0
7666,149,98,0,0,0
7667,149,294,0,0,0
7668,149,106,0,0,0
7669,149,385,0,0,0
7670,149,356,0,0,0
7671,149,129,0,0,0
7672,149,327,0,0,0
7673,149,229,0,0,0
7674,149,227,0,0,0
7675,149,334,0,0,0
7676,149,173,0,0,0
7677,149,100,0,0,0
7678,149,116,0,0,0
7679,149,33,0,0,0
7680,151,357,0,1,0
7681,151,372,0,1,0
7682,151,308,0,1,0
7683,151,194,0,1,0
7684,151,47,0,1,0
7685,151,259,0,1,0
7686,151,262,0,1,0
7687,151,89,0,1,0
7688,151,341,0,1,0
7689,151,119,6,1,0
7690,151,258,0,1,0
7691,151,175,0,1,0
7692,151,129,0,1,0
7693,151,355,0,1,0
7694,151,220,0,1,0
7695,151,387,0,1,0
7696,151,34,0,1,0
7697,151,73,0,1,0
7698,151,210,0,1,0
7699,151,45,0,1,0
7700,151,251,0,1,0
7701,151,418,0,1,0
7702,151,438,0,1,0
7703,151,24,0,1,0
7704,151,318,0,1,0
7705,151,353,0,1,0
7706,151,193,0,1,0
7707,151,337,0,1,0
7708,151,307,0,1,0
7709,151,121,0,1,0
7710,151,96,0,1,0
7711,151,140,0,1,0
7712,151,396,0,1,0
7713,151,123,0,1,0
7714,151,120,0,1,0
7715,151,380,0,1,0
7716,151,395,0,1,0
7717,151,272,0,1,0
7718,151,132,0,1,0
7719,151,421,0,1,0
7720,152,175,98,1,0
7721,152,172,98,1,0
7722,152,220,0,1,0
7723,152,355,90,1,0
7724,152,135,98,1,0
7725,152,420,0,1,0
7726,152,403,97,1,0
7727,152,31,98,1,0
7728,152,391,98,1,0
7729,152,265,0,1,0
7730,152,115,98,1,0
7731,152,421,0,1,0
7732,152,330,0,1,0
7733,152,163,71,1,0
7734,152,300,0,1,0
7735,152,211,98,1,0
7736,152,325,0,1,0
7737,152,186,0,1,0
7738,152,245,0,1,0
7739,152,281,0,1,0
7740,152,130,0,1,0
7741,152,390,3,1,0
7742,152,332,0,1,0
7743,152,406,68,1,0
7744,152,113,0,1,0
7745,152,426,3,1,0
7746,152,82,98,1,0
7747,152,75,98,1,0
7748,152,303,98,1,0
7749,152,42,0,1,0
7750,152,117,0,1,0
7751,152,314,0,1,0
7752,152,138,0,1,0
7753,152,43,98,1,0
7754,152,394,0,1,0
7755,152,108,0,1,0
7756,152,327,79,1,0
7757,152,290,11,1,0
7758,152,207,98,1,0
7759,152,309,0,1,0
7760,153,344,0,0,0
7761,153,271,0,0,0
7762,153,91,0,0,0
7763,153,143,0,0,0
7764,153,320,0,0,0
7765,153,248,0,0,0
7766,153,266,0,0,0
7767,153,32,0,0,0
7768,153,254,0,0,0
7769,153,217,0,0,0
7770,153,367,0,0,0
7771,153,349,0,0,0
7772,153,40,0,0,0
7773,153,260,0,0,0
7774,153,410,0,0,0
7775,153,290,0,0,0
7776,153,343,0,0,0
7777,153,375,0,0,0
7778,153,251,0,0,0
7779,153,321,0,0,0
7780,153,20,0,0,0
7781,153,362,0,0,0
7782,153,159,0,0,0
7783,153,92,0,0,0
7784,153,317,0,0,0
7785,153,238,0,0,0
7786,153,149,0,0,0
7787,153,364,0,0,0
7788,153,120,0,0,0
7789,153,283,0,0,0
7790,153,430,0,0,0
7791,153,189,0,0,0
7792,153,366,0,0,0
7793,153,203,0,0,0
7794,153,428,0,0,0
7795,153,162,0,0,0
7796,153,276,0,0,0
7797,153,392,0,0,0
7798,153,245,0,0,0
7799,153,279,0,0,0
7800,154,389,0,1,0
7801,154,150,0,1,0
7802,154,163,0,1,0
7803,154,67,0,1,0
7804,154,226,0,1,0
7805,154,296,0,1,0
7806,154,259,0,1,0
7807,154,274,0,1,0
7808,154,240,0,1,0
7809,154,335,0,1,0
7810,154,20,0,1,0
7811,154,352,0,1,0
7812,154,171,0,1,0
7813,154,174,0,1,0
7814,154,50,0,1,0
7815,154,343,0,1,0
7816,154,56,0,1,0
7817,154,34,0,1,0
7818,154,397,0,1,0
7819,154,284,0,1,0
7820,154,378,0,1,0
7821,154,249,0,1,0
7822,154,261,0,1,0
7823,154,359,0,1,0
7824,154,230,0,1,0
7825,154,357,0,1,0
7826,154,169,0,1,0
7827,154,376,0,1,0
7828,154,110,0,1,0
7829,154,125,0,1,0
7830,154,333,0,1,0
7831,154,180,0,1,0
7832,154,245,0,1,0
7833,154,63,0,1,0
7834,154,237,0,1,0
7835,154,76,0,1,0
7836,154,217,0,1,0
7837,154,344,0,1,0
7838,154,210,0,1,0
7839,154,114,0,1,0
7840,156,306,96,1,0
7841,156,144,3,1,0
7842,156,416,3,1,0
7843,156,357,0,1,0
7844,156,290,3,1,0
7845,156,307,98,1,0
7846,156,350,3,1,0
7847,156,329,3,1,0
7848,156,138,0,1,0
7849,156,48,0,1,0
7850,156,428,0,1,0
7851,156,368,0,1,0
7852,156,380,0,1,0
7853,156,242,96,1,0
7854,156,215,98,1,0
7855,156,179,98,1,0
7856,156,435,4,1,0
7857,156,207,99,1,0
7858,156,385,0,1,0
7859,156,127,96,1,0
7860,156,211,98,1,0
7861,156,432,0,1,0
7862,156,397,45,1,0
7863,156,178,3,1,0
7864,156,342,0,1,0
7865,156,109,3,1,0
7866,156,85,3,1,0
7867,156,327,11,1,0
7868,156,353,0,1,0
7869,156,434,13,1,0
7870,156,414,0,1,0
7871,156,309,0,1,0
7872,156,332,0,1,0
7873,156,121,0,1,0
7874,156,249,0,1,0
7875,156,111,98,1,0
7876,156,217,0,1,0
7877,156,157,96,1,0
7878,156,221,0,1,0
7879,156,289,0,1,0
7880,157,235,99,1,0
7881,157,66,4,1,0
7882,157,328,98,1,0
7883,157,418,0,1,0
7884,157,193,0,1,0
7885,157,356,98,1,0
7886,157,224,91,1,0
7887,157,158,0,1,0
7888,157,342,0,1,0
7889,157,60,0,1,0
7890,157,312,0,1,0
7891,157,297,0,1,0
7892,157,411,99,1,0
7893,157,387,99,1,0
7894,157,164,0,1,0
7895,157,121,0,1,0
7896,157,438,0,1,0
7897,157,393,0,1,0
7898,157,160,0,1,0
7899,157,289,0,1,0
7900,157,198,99,1,0
7901,157,182,99,1,0
7902,157,254,9,1,0
7903,157,248,0,1,0
7904,157,44,0,1,0
7905,157,402,0,1,0
7906,157,127,99,1,0
7907,157,401,0,1,0
7908,157,147,99,1,0
7909,157,351,99,1,0
7910,157,259,99,1,0
7911,157,61,0,1,0
7912,157,366,0,1,0
7913,157,408,0,1,0
7914,157,20,0,1,0
7915,157,239,99,1,0
7916,157,203,99,1,0
7917,157,300,0,1,0
7918,157,308,0,1,0
7919,157,409,1,1,0
7920,158,205,0,0,0
7921,158,240,0,0,0
7922,158,321,0,0,0
7923,158,83,0,0,0
7924,158,263,0,0,0
7925,158,27,0,0,0
7926,158,413,0,0,0
7927,158,352,0,0,0
7928,158,41,0,0,0
7929,158,358,0,0,0
7930,158,314,0,0,0
7931,158,64,0,0,0
7932,158,79,0,0,0
7933,158,365,0,0,0
7934,158,204,0,0,0
7935,158,149,0,0,0
7936,158,98,0,0,0
7937,158,185,0,0,0
7938,158,111,0,0,0
7939,158,26,0,0,0
7940,158,200,0,0,0
7941,158,43,0,0,0
7942,158,22,0,0,0
7943,158,120,0,0,0
7944,158,402,0,0,0
7945,158,164,0,0,0
7946,158,328,0,0,0
7947,158,127,0,0,0
7948,158,220,0,0,0
7949,158,273,0,0,0
7950,158,403,0,0,0
7951,158,309,0,0,0
7952,158,237,0,0,0
7953,158,388,0,0,0
7954,158,77,0,0,0
7955,158,427,0,0,0
7956,158,304,0,0,0
7957,158,316,0,0,0
7958,158,58,0,0,0
7959,158,297,0,0,0
7960,159,402,0,1,0
7961,159,154,0,1,0
7962,159,429,0,1,0
7963,159,124,0,1,0
7964,159,246,4,1,0
7965,159,57,0,1,0
7966,159,264,0,1,0
7967,159,279,0,1,0
7968,159,222,0,1,0
7969,159,359,99,1,0
7970,159,299,0,1,0
7971,159,41,0,1,0
7972,159,194,0,1,0
7973,159,174,0,1,0
7974,159,278,0,1,0
7975,159,136,3,1,0
7976,159,72,3,1,0
7977,159,393,0,1,0
7978,159,183,99,1,0
7979,159,291,99,1,0
7980,159,305,0,1,0
7981,159,52,0,1,0
7982,159,411,99,1,0
7983,159,166,0,1,0
7984,159,307,98,1,0
7985,159,247,0,1,0
7986,159,162,0,1,0
7987,159,31,0,1,0
7988,159,170,0,1,0
7989,159,385,0,1,0
7990,159,369,0,1,0
7991,159,99,98,1,0
7992,159,201,0,1,0
7993,159,432,0,1,0
7994,159,92,0,1,0
7995,159,252,0,1,0
7996,159,268,0,1,0
7997,159,303,2,1,0
7998,159,324,0,1,0
7999,159,78,0,1,0
8000,160,365,0,0,0
8001,160,246,0,0,0
8002,160,163,0,0,0
8003,160,323,0,0,0
8004,160,29,0,0,0
8005,160,68,0,0,0
8006,160,431,0,0,0
8007,160,265,0,0,0
8008,160,65,0,0,0
8009,160,241,0,0,0
8010,160,51,0,0,0
8011,160,197,0,0,0
8012,160,186,0,0,0
8013,160,267,0,0,0
8014,160,222,0,0,0
8015,160,264,0,0,0
8016,160,423,0,0,0
8017,160,203,0,0,0
8018,160,155,0,0,0
8019,160,213,0,0,0
8020,160,415,0,0,0
8021,160,237,0,0,0
8022,160,337,0,0,0
8023,160,324,0,0,0
8024,160,326,0,0,0
8025,160,315,0,0,0
8026,160,74,0,0,0
8027,160,221,0,0,0
8028,160,254,0,0,0
8029,160,119,0,0,0
8030,160,182,0,0,0
8031,160,339,0,0,0
8032,160,135,0,0,0
8033,160,67,0,0,0
8034,160,399,0,0,0
8035,160,188,0,0,0
8036,160,220,0,0,0
8037,160,331,0,0,0
8038,160,336,0,0,0
8039,160,149,0,0,0
8040,161,117,0,0,0
8041,161,333,0,0,0
8042,161,51,0,0,0
8043,161,405,0,0,0
8044,161,250,0,0,0
8045,161,369,0,0,0
8046,161,110,0,0,0
8047,161,63,0,0,0
8048,161,403,0,0,0
8049,161,163,0,0,0
8050,161,58,0,0,0
8051,161,254,0,0,0
8052,161,219,0,0,0
8053,161,129,0,0,0
8054,161,106,0,0,0
8055,161,21,0,0,0
8056,161,184,0,0,0
8057,161,195,0,0,0
8058,161,46,0,0,0
8059,161,388,0,0,0
8060,161,365,0,0,0
8061,161,371,0,0,0
8062,161,293,0,0,0
8063,161,299,0,0,0
8064,161,275,0,0,0
8065,161,391,0,0,0
8066,161,47,0,0,0
8067,161,332,0,0,0
8068,161,132,0,0,0
8069,161,224,0,0,0
8070,161,112,0,0,0
8071,161,417,0,0,0
8072,161,404,0,0,0
8073,161,56,0,0,0
8074,161,244,0,0,0
8075,161,188,0,0,0
8076,161,384,0,0,0
8077,161,84,0,0,0
8078,161,344,0,0,0
8079,161,236,0,0,0
8080,162,48,0,0,0
8081,162,425,0,0,0
8082,162,140,0,0,0
8083,162,157,0,0,0
8084,162,254,0,0,0
8085,162,437,0,0,0
8086,162,189,0,0,0
8087,162,282,0,0,0
8088,162,84,0,0,0
8089,162,365,0,0,0
8090,162,284,0,0,0
8091,162,364,0,0,0
8092,162,396,0,0,0
8093,162,77,0,0,0
8094,162,179,0,0,0
8095,162,281,0,0,0
8096,162,245,0,0,0
8097,162,131,0,0,0
8098,162,340,0,0,0
8099,162,237,0,0,0
8100,162,92,0,0,0
8101,162,313,0,0,0
8102,162,419,0,0,0
8103,162,58,0,0,0
8104,162,427,0,0,0
8105,162,176,0,0,0
8106,162,65,0,0,0
8107,162,354,0,0,0
8108,162,200,0,0,0
8109,162,294,0,0,0
8110,162,385,0,0,0
8111,162,346,0,0,0
8112,162,420,0,0,0
8113,162,105,0,0,0
8114,162,220,0,0,0
8115,162,246,0,0,0
8116,162,372,0,0,0
8117,162,351,0,0,0
8118,162,342,0,0,0
8119,162,249,0,0,0
8120,163,172,0,1,0
8121,163,433,0,1,0
8122,163,322,0,1,0
8123,163,224,0,1,0
8124,163,233,0,1,0
8125,163,258,0,1,0
8126,163,85,0,1,0
8127,163,285,0,1,0
8128,163,332,0,1,0
8129,163,157,0,1,0
8130,163,379,95,1,0
8131,163,29,0,1,0
8132,163,190,0,1,0
8133,163,140,0,1,0
8134,163,342,0,1,0
8135,163,438,0,1,0
8136,163,123,91,1,0
8137,163,24,0,1,0
8138,163,276,4,1,0
8139,163,423,99,1,0
8140,163,237,0,1,0
8141,163,46,3,1,0
8142,163,21,0,1,0
8143,163,142,0,1,0
8144,163,34,0,1,0
8145,163,273,0,1,0
8146,163,179,99,1,0
8147,163,286,4,1,0
8148,163,201,0,1,0
8149,163,31,80,1,0
8150,163,131,4,1,0
8151,163,352,0,1,0
8152,163,89,0,1,0
8153,163,61,0,1,0
8154,163,247,97,1,0
8155,163,410,4,1,0
8156,163,101,0,1,0
8157,163,260,0,1,0
8158,163,283,4,1,0
8159,163,156,0,1,0
8160,165,53,0,0,0
8161,165,297,0,0,0
8162,165,333,0,0,0
8163,165,140,0,0,0
8164,165,199,0,0,0
8165,165,223,0,0,0
8166,165,45,0,0,0
8167,165,234,0,0,0
8168,165,207,0,0,0
8169,165,220,0,0,0
8170,165,413,0,0,0
8171,165,32,0,0,0
8172,165,410,0,0,0
8173,165,354,0,0,0
8174,165,203,0,0,0
8175,165,338,0,0,0
8176,165,195,0,0,0
8177,165,25,0,0,0
8178,165,374,0,0,0
8179,165,430,0,0,0
8180,165,263,0,0,0
8181,165,298,0,0,0
8182,165,433,0,0,0
8183,165,206,0,0,0
8184,165,217,0,0,0
8185,165,157,0,0,0
8186,165,67,0,0,0
8187,165,277,0,0,0
8188,165,327,0,0,0
8189,165,279,0,0,0
8190,165,359,0,0,0
8191,165,420,0,0,0
8192,165,233,0,0,0
8193,165,278,0,0,0
8194,165,300,0,0,0
8195,165,291,0,0,0
8196,165,154,0,0,0
8197,165,155,0,0,0
8198,165,216,0,0,0
8199,165,362,0,0,0
8200,166,325,0,1,0
8201,166,208,98,1,0
8202,166,244,99,1,0
8203,166,115,99,1,0
8204,166,405,0,1,0
8205,166,77,0,1,0
8206,166,388,0,1,0
8207,166,351,99,1,0
8208,166,199,99,1,0
8209,166,172,99,1,0
8210,166,249,0,1,0
8211,166,170,99,1,0
8212,166,395,99,1,0
8213,166,365,0,1,0
8214,166,68,0,1,0
8215,166,241,0,1,0
8216,166,369,0,1,0
8217,166,317,0,1,0
8218,166,344,0,1,0
8219,166,173,0,1,0
8220,166,160,0,1,0
8221,166,293,0,1,0
8222,166,73,0,1,0
8223,166,413,90,1,0
8224,166,41,0,1,0
8225,166,372,0,1,0
8226,166,284,98,1,0
8227,166,87,99,1,0
8228,166,309,76,1,0
8229,166,58,99,1,0
8230,166,82,97,1,0
8231,166,216,0,1,0
8232,166,33,0,1,0
8233,166,80,0,1,0
8234,166,113,0,1,0
8235,166,401,0,1,0
8236,166,310,8,1,0
8237,166,234,77,1,0
8238,166,211,99,1,0
8239,166,289,0,1,0
8240,167,128,0,1,0
8241,167,57,0,1,0
8242,167,353,0,1,0
8243,167,32,0,1,0
8244,167,168,0,1,0
8245,167,405,0,1,0
8246,167,161,0,1,0
8247,167,132,97,1,0
8248,167,364,0,1,0
8249,167,190,0,1,0
8250,167,387,4,1,0
8251,167,100,4,1,0
8252,167,92,4,1,0
8253,167,205,0,1,0
8254,167,59,89,1,0
8255,167,208,0,1,0
8256,167,224,0,1,0
8257,167,348,0,1,0
8258,167,199,0,1,0
8259,167,26,0,1,0
8260,167,225,0,1,0
8261,167,368,0,1,0
8262,167,230,0,1,0
8263,167,371,99,1,0
8264,167,271,0,1,0
8265,167,95,0,1,0
8266,167,156,0,1,0
8267,167,284,0,1,0
8268,167,228,0,1,0
8269,167,253,0,1,0
8270,167,288,0,1,0
8271,167,428,0,1,0
8272,167,436,0,1,0
8273,167,252,0,1,0
8274,167,210,3,1,0
8275,167,306,0,1,0
8276,167,351,99,1,0
8277,167,39,0,1,0
8278,167,308,0,1,0
8279,167,198,0,1,0
8280,168,309,4,1,0
8281,168,56,0,1,0
8282,168,402,0,1,0
8283,168,214,99,1,0
8284,168,407,98,1,0
8285,168,231,98,1,0
8286,168,115,99,1,0
8287,168,224,3,1,0
8288,168,23,90,1,0
8289,168,48,0,1,0
8290,168,188,0,1,0
8291,168,104,0,1,0
8292,168,170,98,1,0
8293,168,417,0,1,0
8294,168,265,0,1,0
8295,168,249,0,1,0
8296,168,300,0,1,0
8297,168,131,99,1,0
8298,168,327,98,1,0
8299,168,415,98,1,0
8300,168,79,99,1,0
8301,168,111,98,1,0
8302,168,88,0,1,0
8303,168,380,0,1,0
8304,168,342,4,1,0
8305,168,40,0,1,0
8306,168,62,98,1,0
8307,168,288,0,1,0
8308,168,20,0,1,0
8309,168,75,99,1,0
8310,168,356,0,1,0
8311,168,157,0,1,0
8312,168,382,99,1,0
8313,168,96,0,1,0
8314,168,49,0,1,0
8315,168,257,0,1,0
8316,168,337,0,1,0
8317,168,346,0,1,0
8318,168,406,0,1,0
8319,168,167,99,1,0
8320,171,92,0,1,0
8321,171,262,0,1,0
8322,171,414,0,1,0
8323,171,254,0,1,0
8324,171,236,0,1,0
8325,171,379,0,1,0
8326,171,327,0,1,0
8327,171,374,3,1,0
8328,171,216,0,1,0
8329,171,137,0,1,0
8330,171,26,0,1,0
8331,171,353,0,1,0
8332,171,301,0,1,0
8333,171,169,0,1,0
8334,171,145,0,1,0
8335,171,231,68,1,0
8336,171,250,29,1,0
8337,171,46,3,1,0
8338,171,270,4,1,0
8339,171,45,0,1,0
8340,171,324,0,1,0
8341,171,182,0,1,0
8342,171,331,4,1,0
8343,171,432,0,1,0
8344,171,395,0,1,0
8345,171,279,0,1,0
8346,171,302,0,1,0
8347,171,422,0,1,0
8348,171,219,0,1,0
8349,171,393,0,1,0
8350,171,67,0,1,0
8351,171,288,0,1,0
8352,171,74,0,1,0
8353,171,385,0,1,0
8354,171,411,99,1,0
8355,171,133,0,1,0
8356,171,225,3,1,0
8357,171,177,0,1,0
8358,171,257,0,1,0
8359,171,328,0,1,0
8360,172,297,0,1,0
8361,172,94,39,1,0
8362,172,132,99,1,0
8363,172,399,99,1,0
8364,172,181,0,1,0
8365,172,211,99,1,0
8366,172,220,4,1,0
8367,172,189,0,1,0
8368,172,90,14,1,0
8369,172,324,4,1,0
8370,172,344,0,1,0
8371,172,389,93,1,0
8372,172,159,99,1,0
8373,172,361,0,1,0
8374,172,298,0,1,0
8375,172,74,0,1,0
8376,172,330,0,1,0
8377,172,134,99,1,0
8378,172,167,99,1,0
8379,172,148,0,1,0
8380,172,191,99,1,0
8381,172,38,0,1,0
8382,172,149,0,1,0
8383,172,429,0,1,0
8384,172,432,0,1,0
8385,172,310,0,1,0
8386,172,59,99,1,0
8387,172,124,0,1,0
8388,172,321,0,1,0
8389,172,340,0,1,0
8390,172,283,99,1,0
8391,172,299,99,1,0
8392,172,20,0,1,0
8393,172,246,99,1,0
8394,172,76,4,1,0
8395,172,85,0,1,0
8396,172,342,0,1,0
8397,172,179,99,1,0
8398,172,284,0,1,0
8399,172,291,99,1,0
8400,173,421,0,0,0
8401,173,299,0,0,0
8402,173,82,0,0,0
8403,173,207,0,0,0
8404,173,152,0,0,0
8405,173,433,0,0,0
8406,173,108,0,0,0
8407,173,245,0,0,0
8408,173,403,0,0,0
8409,173,284,0,0,0
8410,173,121,0,0,0
8411,173,325,0,0,0
8412,173,176,0,0,0
8413,173,291,0,0,0
8414,173,184,0,0,0
8415,173,134,0,0,0
8416,173,271,0,0,0
8417,173,141,0,0,0
8418,173,260,0,0,0
8419,173,133,0,0,0
8420,173,310,0,0,0
8421,173,163,0,0,0
8422,173,107,0,0,0
8423,173,42,0,0,0
8424,173,414,0,0,0
8425,173,73,0,0,0
8426,173,355,0,0,0
8427,173,185,0,0,0
8428,173,394,0,0,0
8429,173,432,0,0,0
8430,173,221,0,0,0
8431,173,439,0,0,0
8432,173,349,0,0,0
8433,173,435,0,0,0
8434,173,282,0,0,0
8435,173,47,0,0,0
8436,173,426,0,0,0
8437,173,378,0,0,0
8438,173,354,0,0,0
8439,173,211,0,0,0
8440,174,30,99,1,0
8441,174,41,0,1,0
8442,174,189,0,1,0
8443,174,50,8,1,0
8444,174,277,0,1,0
8445,174,198,96,1,0
8446,174,367,99,1,0
8447,174,241,0,1,0
8448,174,237,0,1,0
8449,174,389,47,1,0
8450,174,399,99,1,0
8451,174,72,3,1,0
8452,174,170,75,1,0
8453,174,409,1,1,0
8454,174,435,99,1,0
8455,174,227,99,1,0
8456,174,264,0,1,0
8457,174,153,0,1,0
8458,174,261,0,1,0
8459,174,220,8,1,0
8460,174,162,0,1,0
8461,174,308,0,1,0
8462,174,103,99,1,0
8463,174,267,99,1,0
8464,174,139,99,1,0
8465,174,290,63,1,0
8466,174,374,1,1,0
8467,174,343,99,1,0
8468,174,165,0,1,0
8469,174,80,0,1,0
8470,174,147,99,1,0
8471,174,195,99,1,0
8472,174,422,8,1,0
8473,174,245,8,1,0
8474,174,415,99,1,0
8475,174,281,0,1,0
8476,174,201,0,1,0
8477,174,202,0,1,0
8478,174,273,0,1,0
8479,174,248,0,1,0
8480,175,145,0,1,0
8481,175,192,0,1,0
8482,175,69,0,1,0
8483,175,39,0,1,0
8484,175,254,0,1,0
8485,175,286,0,1,0
8486,175,46,0,1,0
8487,175,406,0,1,0
8488,175,143,0,1,0
8489,175,160,0,1,0
8490,175,206,0,1,0
8491,175,78,0,1,0
8492,175,195,0,1,0
8493,175,396,0,1,0
8494,175,186,0,1,0
8495,175,53,0,1,0
8496,175,169,0,1,0
8497,175,346,0,1,0
8498,175,253,0,1,0
8499,175,181,0,1,0
8500,175,266,0,1,0
8501,175,37,0,1,0
8502,175,98,0,1,0
8503,175,176,0,1,0
8504,175,399,0,1,0
8505,175,193,0,1,0
8506,175,235,0,1,0
8507,175,433,0,1,0
8508,175,151,97,1,0
8509,175,210,0,1,0
8510,175,248,0,1,0
8511,175,255,0,1,0
8512,175,131,0,1,0
8513,175,27,0,1,0
8514,175,356,0,1,0
8515,175,215,0,1,0
8516,175,377,0,1,0
8517,175,270,0,1,0
8518,175,171,0,1,0
8519,175,144,0,1,0
8520,176,83,98,1,0
8521,176,321,0,1,0
8522,176,119,99,1,0
8523,176,262,0,1,0
8524,176,439,98,1,0
8525,176,300,0,1,0
8526,176,299,96,1,0
8527,176,263,96,1,0
8528,176,320,0,1,0
8529,176,215,98,1,0
8530,176,58,39,1,0
8531,176,55,99,1,0
8532,176,29,0,1,0
8533,176,59,99,1,0
8534,176,94,0,1,0
8535,176,161,0,1,0
8536,176,115,96,1,0
8537,176,287,96,1,0
8538,176,92,0,1,0
8539,176,298,0,1,0
8540,176,95,0,1,0
8541,176,24,0,1,0
8542,176,79,99,1,0
8543,176,265,0,1,0
8544,176,164,0,1,0
8545,176,143,99,1,0
8546,176,186,0,1,0
8547,176,195,0,1,0
8548,176,296,3,1,0
8549,176,435,98,1,0
8550,176,243,98,1,0
8551,176,125,0,1,0
8552,176,34,0,1,0
8553,176,52,0,1,0
8554,176,203,99,1,0
8555,176,418,36,1,0
8556,176,279,96,1,0
8557,176,196,0,1,0
8558,176,99,99,1,0
8559,176,150,99,1,0
8560,177,415,0,0,0
8561,177,302,0,0,0
8562,177,231,0,0,0
8563,177,119,0,0,0
8564,177,431,0,0,0
8565,177,408,0,0,0
8566,177,36,0,0,0
8567,177,242,0,0,0
8568,177,293,0,0,0
8569,177,101,0,0,0
8570,177,338,0,0,0
8571,177,284,0,0,0
8572,177,334,0,0,0
8573,177,286,0,0,0
8574,177,133,0,0,0
8575,177,63,0,0,0
8576,177,220,0,0,0
8577,177,154,0,0,0
8578,177,55,0,0,0
8579,177,140,0,0,0
8580,177,249,0,0,0
8581,177,251,0,0,0
8582,177,134,0,0,0
8583,177,190,0,0,0
8584,177,156,0,0,0
8585,177,128,0,0,0
8586,177,354,0,0,0
8587,177,315,0,0,0
8588,177,306,0,0,0
8589,177,353,0,0,0
8590,177,32,0,0,0
8591,177,234,0,0,0
8592,177,29,0,0,0
8593,177,422,0,0,0
8594,177,259,0,0,0
8595,177,213,0,0,0
8596,177,85,0,0,0
8597,177,40,0,0,0
8598,177,436,0,0,0
8599,177,414,0,0,0
8600,178,421,0,1,0
8601,178,349,55,1,0
8602,178,43,97,1,0
8603,178,190,0,1,0
8604,178,339,97,1,0
8605,178,402,0,1,0
8606,178,205,0,1,0
8607,178,218,0,1,0
8608,178,414,0,1,0
8609,178,291,99,1,0
8610,178,404,0,1,0
8611,178,261,0,1,0
8612,178,172,0,1,0
8613,178,170,21,1,0
8614,178,165,0,1,0
8615,178,410,77,1,0
8616,178,403,99,1,0
8617,178,356,0,1,0
8618,178,405,0,1,0
8619,178,55,99,1,0
8620,178,162,0,1,0
8621,178,99,99,1,0
8622,178,311,99,1,0
8623,178,424,0,1,0
8624,178,238,4,1,0
8625,178,433,0,1,0
8626,178,103,99,1,0
8627,178,296,0,1,0
8628,178,64,0,1,0
8629,178,120,1,1,0
8630,178,169,0,1,0
8631,178,322,0,1,0
8632,178,360,0,1,0
8633,178,212,0,1,0
8634,178,83,97,1,0
8635,178,340,0,1,0
8636,178,345,0,1,0
8637,178,329,26,1,0
8638,178,49,0,1,0
8639,178,69,0,1,0
8640,179,142,0,1,0
8641,179,125,0,1,0
8642,179,187,0,1,0
8643,179,328,0,1,0
8644,179,425,0,1,0
8645,179,59,0,1,0
8646,179,175,0,1,0
8647,179,286,0,1,0
8648,179,207,3,1,0
8649,179,159,0,1,0
8650,179,317,0,1,0
8651,179,251,0,1,0
8652,179,204,0,1,0
8653,179,165,0,1,0
8654,179,235,0,1,0
8655,179,180,0,1,0
8656,179,353,0,1,0
8657,179,432,4,1,0
8658,179,412,0,1,0
8659,179,91,0,1,0
8660,179,242,0,1,0
8661,179,371,99,1,0
8662,179,384,0,1,0
8663,179,291,99,1,0
8664,179,374,3,1,0
8665,179,330,0,1,0
8666,179,255,0,1,0
8667,179,359,34,1,0
8668,179,167,0,1,0
8669,179,258,0,1,0
8670,179,426,0,1,0
8671,179,189,0,1,0
8672,179,38,0,1,0
8673,179,322,0,1,0
8674,179,220,0,1,0
8675,179,284,0,1,0
8676,179,395,3,1,0
8677,179,319,0,1,0
8678,179,424,0,1,0
8679,179,118,0,1,0
8680,181,379,0,0,0
8681,181,209,0,0,0
8682,181,74,0,0,0
8683,181,48,0,0,0
8684,181,232,0,0,0
8685,181,375,0,0,0
8686,181,437,0,0,0
8687,181,384,0,0,0
8688,181,243,0,0,0
8689,181,28,0,0,0
8690,181,121,0,0,0
8691,181,150,0,0,0
8692,181,187,0,0,0
8693,181,357,0,0,0
8694,181,136,0,0,0
8695,181,213,0,0,0
8696,181,167,0,0,0
8697,181,61,0,0,0
8698,181,211,0,0,0
8699,181,359,0,0,0
8700,181,318,0,0,0
8701,181,297,0,0,0
8702,181,386,0,0,0
8703,181,234,0,0,0
8704,181,351,0,0,0
8705,181,342,0,0,0
8706,181,148,0,0,0
8707,181,76,0,0,0
8708,181,210,0,0,0
8709,181,20,0,0,0
8710,181,309,0,0,0
8711,181,154,0,0,0
8712,181,31,0,0,0
8713,181,289,0,0,0
8714,181,77,0,0,0
8715,181,388,0,0,0
8716,181,403,0,0,0
8717,181,432,0,0,0
8718,181,114,0,0,0
8719,181,124,0,0,0
8720,182,52,0,1,0
8721,182,438,0,1,0
8722,182,435,99,1,0
8723,182,356,98,1,0
8724,182,224,91,1,0
8725,182,29,0,1,0
8726,182,425,0,1,0
8727,182,137,96,1,0
8728,182,45,0,1,0
8729,182,255,99,1,0
8730,182,269,0,1,0
8731,182,127,99,1,0
8732,182,368,0,1,0
8733,182,372,0,1,0
8734,182,100,4,1,0
8735,182,282,4,1,0
8736,182,387,99,1,0
8737,182,125,0,1,0
8738,182,20,0,1,0
8739,182,33,0,1,0
8740,182,285,0,1,0
8741,182,375,99,1,0
8742,182,386,0,1,0
8743,182,38,0,1,0
8744,182,174,0,1,0
8745,182,340,3,1,0
8746,182,334,0,1,0
8747,182,308,0,1,0
8748,182,50,92,1,0
8749,182,359,99,1,0
8750,182,65,0,1,0
8751,182,408,0,1,0
8752,182,215,99,1,0
8753,182,298,0,1,0
8754,182,299,99,1,0
8755,182,148,0,1,0
8756,182,419,99,1,0
8757,182,207,99,1,0
8758,182,312,0,1,0
8759,182,85,3,1,0
8760,184,175,0,0,0
8761,184,194,0,0,0
8762,184,377,0,0,0
8763,184,265,0,0,0
8764,184,143,0,0,0
8765,184,392,0,0,0
8766,184,278,0,0,0
8767,184,210,0,0,0
8768,184,372,0,0,0
8769,184,106,0,0,0
8770,184,365,0,0,0
8771,184,201,0,0,0
8772,184,281,0,0,0
8773,184,251,0,0,0
8774,184,155,0,0,0
8775,184,128,0,0,0
8776,184,277,0,0,0
8777,184,238,0,0,0
8778,184,244,0,0,0
8779,184,268,0,0,0
8780,184,369,0,0,0
8781,184,89,0,0,0
8782,184,412,0,0,0
8783,184,299,0,0,0
8784,184,357,0,0,0
8785,184,426,0,0,0
8786,184,242,0,0,0
8787,184,430,0,0,0
8788,184,182,0,0,0
8789,184,382,0,0,0
8790,184,330,0,0,0
8791,184,86,0,0,0
8792,184,428,0,0,0
8793,184,395,0,0,0
8794,184,114,0,0,0
8795,184,153,0,0,0
8796,184,193,0,0,0
8797,184,319,0,0,0
8798,184,166,0,0,0
8799,184,339,0,0,0
8800,185,365,0,0,0
8801,185,167,0,0,0
8802,185,289,0,0,0
8803,185,341,0,0,0
8804,185,145,0,0,0
8805,185,21,0,0,0
8806,185,272,0,0,0
8807,185,78,0,0,0
8808,185,39,0,0,0
8809,185,70,0,0,0
8810,185,225,0,0,0
8811,185,82,0,0,0
8812,185,137,0,0,0
8813,185,351,0,0,0
8814,185,181,0,0,0
8815,185,248,0,0,0
8816,185,236,0,0,0
8817,185,368,0,0,0
8818,185,267,0,0,0
8819,185,355,0,0,0
8820,185,155,0,0,0
8821,185,87,0,0,0
8822,185,164,0,0,0
8823,185,230,0,0,0
8824,185,103,0,0,0
8825,185,111,0,0,0
8826,185,136,0,0,0
8827,185,427,0,0,0
8828,185,422,0,0,0
8829,185,390,0,0,0
8830,185,412,0,0,0
8831,185,426,0,0,0
8832,185,357,0,0,0
8833,185,195,0,0,0
8834,185,389,0,0,0
8835,185,88,0,0,0
8836,185,154,0,0,0
8837,185,345,0,0,0
8838,185,260,0,0,0
8839,185,207,0,0,0
8840,186,279,0,1,0
8841,186,340,0,1,0
8842,186,76,0,1,0
8843,186,356,0,1,0
8844,186,423,0,1,0
8845,186,233,0,1,0
8846,186,237,0,1,0
8847,186,374,0,1,0
8848,186,205,0,1,0
8849,186,92,0,1,0
8850,186,390,0,1,0
8851,186,439,0,1,0
8852,186,316,0,1,0
8853,186,93,0,1,0
8854,186,338,0,1,0
8855,186,434,0,1,0
8856,186,103,0,1,0
8857,186,102,0,1,0
8858,186,411,0,1,0
8859,186,85,0,1,0
8860,186,394,0,1,0
8861,186,67,0,1,0
8862,186,342,0,1,0
8863,186,119,0,1,0
8864,186,34,0,1,0
8865,186,298,0,1,0
8866,186,323,0,1,0
8867,186,177,0,1,0
8868,186,187,0,1,0
8869,186,166,0,1,0
8870,186,132,0,1,0
8871,186,81,0,1,0
8872,186,319,0,1,0
8873,186,78,0,1,0
8874,186,118,0,1,0
8875,186,380,0,1,0
8876,186,151,0,1,0
8877,186,191,0,1,0
8878,186,31,0,1,0
8879,186,369,0,1,0
8880,187,130,0,1,0
8881,187,98,0,1,0
8882,187,284,0,1,0
8883,187,283,97,1,0
8884,187,37,0,1,0
8885,187,261,0,1,0
8886,187,303,4,1,0
8887,187,257,0,1,0
8888,187,76,0,1,0
8889,187,253,0,1,0
8890,187,188,0,1,0
8891,187,239,97,1,0
8892,187,49,0,1,0
8893,187,407,26,1,0
8894,187,255,4,1,0
8895,187,409,0,1,0
8896,187,408,0,1,0
8897,187,365,0,1,0
8898,187,362,0,1,0
8899,187,411,99,1,0
8900,187,388,0,1,0
8901,187,146,0,1,0
8902,187,91,99,1,0
8903,187,205,0,1,0
8904,187,39,97,1,0
8905,187,157,0,1,0
8906,187,87,0,1,0
8907,187,377,0,1,0
8908,187,419,83,1,0
8909,187,302,0,1,0
8910,187,432,0,1,0
8911,187,338,0,1,0
8912,187,385,0,1,0
8913,187,337,0,1,0
8914,187,319,77,1,0
8915,187,300,0,1,0
8916,187,173,0,1,0
8917,187,213,0,1,0
8918,187,397,0,1,0
8919,187,227,97,1,0
8920,189,201,0,0,0
8921,189,130,0,0,0
8922,189,162,0,0,0
8923,189,384,0,0,0
8924,189,301,0,0,0
8925,189,188,0,0,0
8926,189,30,0,0,0
8927,189,271,0,0,0
8928,189,112,0,0,0
8929,189,394,0,0,0
8930,189,393,0,0,0
8931,189,217,0,0,0
8932,189,161,0,0,0
8933,189,315,0,0,0
8934,189,96,0,0,0
8935,189,321,0,0,0
8936,189,35,0,0,0
8937,189,222,0,0,0
8938,189,359,0,0,0
8939,189,251,0,0,0
8940,189,351,0,0,0
8941,189,436,0,0,0
8942,189,399,0,0,0
8943,189,298,0,0,0
8944,189,151,0,0,0
8945,189,79,0,0,0
8946,189,361,0,0,0
8947,189,411,0,0,0
8948,189,56,0,0,0
8949,189,432,0,0,0
8950,189,36,0,0,0
8951,189,203,0,0,0
8952,189,44,0,0,0
8953,189,280,0,0,0
8954,189,307,0,0,0
8955,189,438,0,0,0
8956,189,124,0,0,0
8957,189,308,0,0,0
8958,189,215,0,0,0
8959,189,204,0,0,0
8960,190,195,0,0,0
8961,190,78,0,0,0
8962,190,174,0,0,0
8963,190,370,0,0,0
8964,190,233,0,0,0
8965,190,299,0,0,0
8966,190,181,0,0,0
8967,190,280,0,0,0
8968,190,43,0,0,0
8969,190,227,0,0,0
8970,190,277,0,0,0
8971,190,36,0,0,0
8972,190,275,0,0,0
8973,190,415,0,0,0
8974,190,259,0,0,0
8975,190,67,0,0,0
8976,190,154,0,0,0
8977,190,347,0,0,0
8978,190,92,0,0,0
8979,190,180,0,0,0
8980,190,346,0,0,0
8981,190,327,0,0,0
8982,190,436,0,0,0
8983,190,171,0,0,0
8984,190,211,0,0,0
8985,190,302,0,0,0
8986,190,384,0,0,0
8987,190,254,0,0,0
8988,190,157,0,0,0
8989,190,375,0,0,0
8990,190,90,0,0,0
8991,190,271,0,0,0
8992,190,308,0,0,0
8993,190,382,0,0,0
8994,190,344,0,0,0
8995,190,144,0,0,0
8996,190,108,0,0,0
8997,190,421,0,0,0
8998,190,60,0,0,0
8999,190,69,0,0,0
9000,191,102,0,1,0
9001,191,371,99,1,0
9002,191,197,0,1,0
9003,191,205,0,1,0
9004,191,271,0,1,0
9005,191,405,0,1,0
9006,191,379,0,1,0
9007,191,152,0,1,0
9008,191,301,0,1,0
9009,191,82,0,1,0
9010,191,361,0,1,0
9011,191,308,0,1,0
9012,191,331,0,1,0
9013,191,33,0,1,0
9014,191,393,0,1,0
9015,191,385,0,1,0
9016,191,159,0,1,0
9017,191,372,0,1,0
9018,191,263,0,1,0
9019,191,399,0,1,0
9020,191,184,0,1,0
9021,191,264,0,1,0
9022,191,270,0,1,0
9023,191,421,0,1,0
9024,191,356,0,1,0
9025,191,200,0,1,0
9026,191,319,0,1,0
9027,191,279,0,1,0
9028,191,190,0,1,0
9029,191,62,0,1,0
9030,191,312,0,1,0
9031,191,397,0,1,0
9032,191,171,0,1,0
9033,191,283,0,1,0
9034,191,229,0,1,0
9035,191,49,0,1,0
9036,191,204,0,1,0
9037,191,237,0,1,0
9038,191,369,0,1,0
9039,191,146,0,1,0
9040,192,368,0,1,0
9041,192,403,99,1,0
9042,192,150,13,1,0
9043,192,231,92,1,0
9044,192,142,3,1,0
9045,192,34,0,1,0
9046,192,259,44,1,0
9047,192,74,0,1,0
9048,192,351,99,1,0
9049,192,204,0,1,0
9050,192,51,98,1,0
9051,192,26,0,1,0
9052,192,94,0,1,0
9053,192,413,0,1,0
9054,192,373,0,1,0
9055,192,29,0,1,0
9056,192,237,0,1,0
9057,192,379,66,1,0
9058,192,292,97,1,0
9059,192,203,99,1,0
9060,192,212,0,1,0
9061,192,183,99,1,0
9062,192,133,0,1,0
9063,192,269,0,1,0
9064,192,296,3,1,0
9065,192,31,98,1,0
9066,192,436,0,1,0
9067,192,129,0,1,0
9068,192,374,8,1,0
9069,192,308,0,1,0
9070,192,27,99,1,0
9071,192,279,98,1,0
9072,192,42,0,1,0
9073,192,195,0,1,0
9074,192,130,0,1,0
9075,192,398,38,1,0
9076,192,278,0,1,0
9077,192,277,0,1,0
9078,192,352,0,1,0
9079,192,429,0,1,0
9080,193,270,0,0,0
9081,193,181,0,0,0
9082,193,44,0,0,0
9083,193,274,0,0,0
9084,193,315,0,0,0
9085,193,189,0,0,0
9086,193,41,0,0,0
9087,193,409,0,0,0
9088,193,40,0,0,0
9089,193,20,0,0,0
9090,193,30,0,0,0
9091,193,97,0,0,0
9092,193,360,0,0,0
9093,193,155,0,0,0
9094,193,252,0,0,0
9095,193,226,0,0,0
9096,193,132,0,0,0
9097,193,39,0,0,0
9098,193,305,0,0,0
9099,193,283,0,0,0
9100,193,216,0,0,0
9101,193,206,0,0,0
9102,193,120,0,0,0
9103,193,277,0,0,0
9104,193,56,0,0,0
9105,193,114,0,0,0
9106,193,83,0,0,0
9107,193,362,0,0,0
9108,193,107,0,0,0
9109,193,384,0,0,0
9110,193,228,0,0,0
9111,193,80,0,0,0
9112,193,396,0,0,0
9113,193,79,0,0,0
9114,193,223,0,0,0
9115,193,178,0,0,0
9116,193,69,0,0,0
9117,193,414,0,0,0
9118,193,158,0,0,0
9119,193,393,0,0,0
9120,195,393,0,1,0
9121,195,413,0,1,0
9122,195,322,0,1,0
9123,195,158,0,1,0
9124,195,140,0,1,0
9125,195,400,0,1,0
9126,195,102,4,1,0
9127,195,226,0,1,0
9128,195,363,99,1,0
9129,195,304,0,1,0
9130,195,23,97,1,0
9131,195,196,0,1,0
9132,195,163,92,1,0
9133,195,362,0,1,0
9134,195,398,0,1,0
9135,195,50,0,1,0
9136,195,34,0,1,0
9137,195,346,4,1,0
9138,195,233,0,1,0
9139,195,182,0,1,0
9140,195,287,99,1,0
9141,195,415,97,1,0
9142,195,406,26,1,0
9143,195,251,97,1,0
9144,195,49,0,1,0
9145,195,227,98,1,0
9146,195,288,0,1,0
9147,195,110,4,1,0
9148,195,298,0,1,0
9149,195,307,98,1,0
9150,195,326,0,1,0
9151,195,113,0,1,0
9152,195,423,99,1,0
9153,195,97,0,1,0
9154,195,69,0,1,0
9155,195,133,0,1,0
9156,195,63,99,1,0
9157,195,335,99,1,0
9158,195,283,99,1,0
9159,195,46,3,1,0
9160,196,190,0,0,0
9161,196,362,0,0,0
9162,196,384,0,0,0
9163,196,365,0,0,0
9164,196,208,0,0,0
9165,196,42,0,0,0
9166,196,51,0,0,0
9167,196,264,0,0,0
9168,196,313,0,0,0
9169,196,372,0,0,0
9170,196,370,0,0,0
9171,196,371,0,0,0
9172,196,304,0,0,0
9173,196,232,0,0,0
9174,196,223,0,0,0
9175,196,392,0,0,0
9176,196,381,0,0,0
9177,196,419,0,0,0
9178,196,189,0,0,0
9179,196,23,0,0,0
9180,196,111,0,0,0
9181,196,134,0,0,0
9182,196,169,0,0,0
9183,196,295,0,0,0
9184,196,406,0,0,0
9185,196,131,0,0,0
9186,196,297,0,0,0
9187,196,182,0,0,0
9188,196,168,0,0,0
9189,196,62,0,0,0
9190,196,396,0,0,0
9191,196,176,0,0,0
9192,196,125,0,0,0
9193,196,405,0,0,0
9194,196,437,0,0,0
9195,196,294,0,0,0
9196,196,183,0,0,0
9197,196,132,0,0,0
9198,196,262,0,0,0
9199,196,70,0,0,0
9200,197,260,0,1,0
9201,197,376,0,1,0
9202,197,326,0,1,0
9203,197,179,85,1,0
9204,197,54,0,1,0
9205,197,45,0,1,0
9206,197,117,0,1,0
9207,197,188,0,1,0
9208,197,56,0,1,0
9209,197,124,0,1,0
9210,197,310,99,1,0
9211,197,143,99,1,0
9212,197,203,83,1,0
9213,197,359,0,1,0
9214,197,241,0,1,0
9215,197,364,0,1,0
9216,197,385,0,1,0
9217,197,300,0,1,0
9218,197,150,0,1,0
9219,197,60,0,1,0
9220,197,435,99,1,0
9221,197,201,0,1,0
9222,197,308,0,1,0
9223,197,416,0,1,0
9224,197,343,99,1,0
9225,197,187,99,1,0
9226,197,251,99,1,0
9227,197,384,0,1,0
9228,197,96,0,1,0
9229,197,123,99,1,0
9230,197,324,99,1,0
9231,197,127,99,1,0
9232,197,328,0,1,0
9233,197,47,99,1,0
9234,197,263,99,1,0
9235,197,296,0,1,0
9236,197,329,99,1,0
9237,197,115,99,1,0
9238,197,220,99,1,0
9239,197,332,0,1,0
9240,198,206,83,1,0
9241,198,121,0,1,0
9242,198,106,29,1,0
9243,198,383,99,1,0
9244,198,21,0,1,0
9245,198,297,0,1,0
9246,198,255,99,1,0
9247,198,176,78,1,0
9248,198,353,0,1,0
9249,198,296,12,1,0
9250,198,172,4,1,0
9251,198,382,93,1,0
9252,198,130,0,1,0
9253,198,256,2,1,0
9254,198,156,0,1,0
9255,198,338,92,1,0
9256,198,342,0,1,0
9257,198,90,0,1,0
9258,198,26,99,1,0
9259,198,139,99,1,0
9260,198,272,0,1,0
9261,198,417,0,1,0
9262,198,140,12,1,0
9263,198,65,0,1,0
9264,198,138,0,1,0
9265,198,85,7,1,0
9266,198,117,0,1,0
9267,198,426,99,1,0
9268,198,178,99,1,0
9269,198,145,0,1,0
9270,198,261,0,1,0
9271,198,280,0,1,0
9272,198,69,0,1,0
9273,198,60,0,1,0
9274,198,61,0,1,0
9275,198,368,0,1,0
9276,198,55,99,1,0
9277,198,350,99,1,0
9278,198,271,99,1,0
9279,198,392,0,1,0
9280,199,257,0,1,0
9281,199,231,99,1,0
9282,199,431,99,1,0
9283,199,362,0,1,0
9284,199,438,0,1,0
9285,199,64,0,1,0
9286,199,103,99,1,0
9287,199,54,0,1,0
9288,199,196,0,1,0
9289,199,31,4,1,0
9290,199,164,0,1,0
9291,199,323,99,1,0
9292,199,361,0,1,0
9293,199,332,0,1,0
9294,199,294,4,1,0
9295,199,358,0,1,0
9296,199,352,0,1,0
9297,199,58,4,1,0
9298,199,249,0,1,0
9299,199,56,0,1,0
9300,199,307,98,1,0
9301,199,222,0,1,0
9302,199,149,0,1,0
9303,199,273,0,1,0
9304,199,156,0,1,0
9305,199,267,25,1,0
9306,199,275,99,1,0
9307,199,115,2,1,0
9308,199,241,0,1,0
9309,199,180,0,1,0
9310,199,170,9,1,0
9311,199,385,0,1,0
9312,199,80,0,1,0
9313,199,105,0,1,0
9314,199,296,0,1,0
9315,199,75,99,1,0
9316,199,140,0,1,0
9317,199,366,0,1,0
9318,199,407,97,1,0
9319,199,51,97,1,0
9320,201,392,0,0,0
9321,201,81,0,0,0
9322,201,35,0,0,0
9323,201,307,0,0,0
9324,201,180,0,0,0
9325,201,181,0,0,0
9326,201,21,0,0,0
9327,201,109,0,0,0
9328,201,350,0,0,0
9329,201,395,0,0,0
9330,201,155,0,0,0
9331,201,40,0,0,0
9332,201,153,0,0,0
9333,201,122,0,0,0
9334,201,59,0,0,0
9335,201,359,0,0,0
9336,201,237,0,0,0
9337,201,140,0,0,0
9338,201,124,0,0,0
9339,201,54,0,0,0
9340,201,143,0,0,0
9341,201,301,0,0,0
9342,201,215,0,0,0
9343,201,407,0,0,0
9344,201,160,0,0,0
9345,201,243,0,0,0
9346,201,167,0,0,0
9347,201,20,0,0,0
9348,201,119,0,0,0
9349,201,409,0,0,0
9350,201,178,0,0,0
9351,201,102,0,0,0
9352,201,154,0,0,0
9353,201,424,0,0,0
9354,201,436,0,0,0
9355,201,171,0,0,0
9356,201,316,0,0,0
9357,201,293,0,0,0
9358,201,190,0,0,0
9359,201,58,0,0,0
9360,203,336,0,1,0
9361,203,373,0,1,0
9362,203,232,0,1,0
9363,203,223,99,1,0
9364,203,419,0,1,0
9365,203,35,0,1,0
9366,203,264,0,1,0
9367,203,304,0,1,0
9368,203,282,0,1,0
9369,203,113,0,1,0
9370,203,34,0,1,0
9371,203,338,0,1,0
9372,203,274,0,1,0
9373,203,162,0,1,0
9374,203,302,0,1,0
9375,203,100,4,1,0
9376,203,197,0,1,0
9377,203,189,0,1,0
9378,203,299,0,1,0
9379,203,384,0,1,0
9380,203,298,0,1,0
9381,203,296,0,1,0
9382,203,401,0,1,0
9383,203,129,0,1,0
9384,203,121,0,1,0
9385,203,372,0,1,0
9386,203,222,0,1,0
9387,203,421,0,1,0
9388,203,267,0,1,0
9389,203,422,0,1,0
9390,203,272,0,1,0
9391,203,207,23,1,0
9392,203,268,0,1,0
9393,203,142,0,1,0
9394,203,172,0,1,0
9395,203,177,0,1,0
9396,203,40,0,1,0
9397,203,213,0,1,0
9398,203,45,0,1,0
9399,203,161,0,1,0
9400,204,170,98,1,0
9401,204,123,98,1,0
9402,204,336,0,1,0
9403,204,157,0,1,0
9404,204,253,0,1,0
9405,204,255,5,1,0
9406,204,317,0,1,0
9407,204,128,0,1,0
9408,204,314,0,1,0
9409,204,355,96,1,0
9410,204,84,98,1,0
9411,204,239,98,1,0
9412,204,286,0,1,0
9413,204,135,99,1,0
9414,204,192,98,1,0
9415,204,120,0,1,0
9416,204,294,0,1,0
9417,204,56,0,1,0
9418,204,185,0,1,0
9419,204,33,0,1,0
9420,204,136,98,1,0
9421,204,409,0,1,0
9422,204,285,0,1,0
9423,204,262,0,1,0
9424,204,29,0,1,0
9425,204,429,0,1,0
9426,204,229,0,1,0
9427,204,223,99,1,0
9428,204,435,98,1,0
9429,204,397,0,1,0
9430,204,40,0,1,0
9431,204,407,98,1,0
9432,204,362,0,1,0
9433,204,438,0,1,0
9434,204,188,0,1,0
9435,204,258,1,1,0
9436,204,156,0,1,0
9437,204,399,98,1,0
9438,204,79,99,1,0
9439,204,96,0,1,0
9440,205,278,0,0,0
9441,205,385,0,0,0
9442,205,108,0,0,0
9443,205,233,0,0,0
9444,205,323,0,0,0
9445,205,389,0,0,0
9446,205,376,0,0,0
9447,205,294,0,0,0
9448,205,110,0,0,0
9449,205,423,0,0,0
9450,205,168,0,0,0
9451,205,208,0,0,0
9452,205,56,0,0,0
9453,205,159,0,0,0
9454,205,116,0,0,0
9455,205,416,0,0,0
9456,205,395,0,0,0
9457,205,439,0,0,0
9458,205,373,0,0,0
9459,205,375,0,0,0
9460,205,244,0,0,0
9461,205,324,0,0,0
9462,205,381,0,0,0
9463,205,282,0,0,0
9464,205,196,0,0,0
9465,205,52,0,0,0
9466,205,120,0,0,0
9467,205,339,0,0,0
9468,205,58,0,0,0
9469,205,300,0,0,0
9470,205,154,0,0,0
9471,205,422,0,0,0
9472,205,211,0,0,0
9473,205,237,0,0,0
9474,205,295,0,0,0
9475,205,252,0,0,0
9476,205,342,0,0,0
9477,205,340,0,0,0
9478,205,193,0,0,0
9479,205,403,0,0,0
9480,206,128,0,1,0
9481,206,390,0,1,0
9482,206,313,0,1,0
9483,206,216,0,1,0
9484,206,123,86,1,0
9485,206,181,0,1,0
9486,206,342,0,1,0
9487,206,80,0,1,0
9488,206,23,81,1,0
9489,206,189,0,1,0
9490,206,130,0,1,0
9491,206,115,86,1,0
9492,206,306,0,1,0
9493,206,382,0,1,0
9494,206,111,86,1,0
9495,206,192,44,1,0
9496,206,308,0,1,0
9497,206,233,0,1,0
9498,206,124,98,1,0
9499,206,301,0,1,0
9500,206,27,86,1,0
9501,206,340,0,1,0
9502,206,45,0,1,0
9503,206,359,38,1,0
9504,206,401,0,1,0
9505,206,237,0,1,0
9506,206,197,0,1,0
9507,206,337,0,1,0
9508,206,110,4,1,0
9509,206,71,86,1,0
9510,206,279,86,1,0
9511,206,426,26,1,0
9512,206,372,0,1,0
9513,206,353,0,1,0
9514,206,26,99,1,0
9515,206,48,0,1,0
9516,206,35,86,1,0
9517,206,50,0,1,0
9518,206,25,0,1,0
9519,206,424,20,1,0
9520,207,208,0,1,0
9521,207,346,0,1,0
9522,207,224,0,1,0
9523,207,161,0,1,0
9524,207,130,0,1,0
9525,207,54,0,1,0
9526,207,79,98,1,0
9527,207,259,5,1,0
9528,207,154,0,1,0
9529,207,431,93,1,0
9530,207,69,0,1,0
9531,207,359,98,1,0
9532,207,258,0,1,0
9533,207,121,0,1,0
9534,207,278,0,1,0
9535,207,368,0,1,0
9536,207,83,0,1,0
9537,207,436,0,1,0
9538,207,285,0,1,0
9539,207,232,0,1,0
9540,207,398,0,1,0
9541,207,40,0,1,0
9542,207,51,4,1,0
9543,207,336,0,1,0
9544,207,374,0,1,0
9545,207,399,0,1,0
9546,207,437,0,1,0
9547,207,182,0,1,0
9548,207,167,0,1,0
9549,207,389,0,1,0
9550,207,159,0,1,0
9551,207,382,0,1,0
9552,207,185,0,1,0
9553,207,228,0,1,0
9554,207,77,0,1,0
9555,207,94,0,1,0
9556,207,176,0,1,0
9557,207,299,0,1,0
9558,207,246,0,1,0
9559,207,229,0,1,0
9560,208,113,0,1,0
9561,208,338,18,1,0
9562,208,179,98,1,0
9563,208,253,0,1,0
9564,208,195,0,1,0
9565,208,182,0,1,0
9566,208,188,0,1,0
9567,208,34,0,1,0
9568,208,221,0,1,0
9569,208,57,0,1,0
9570,208,436,0,1,0
9571,208,171,92,1,0
9572,208,314,0,1,0
9573,208,85,0,1,0
9574,208,187,99,1,0
9575,208,268,0,1,0
9576,208,135,99,1,0
9577,208,392,0,1,0
9578,208,193,0,1,0
9579,208,86,0,1,0
9580,208,422,0,1,0
9581,208,266,0,1,0
9582,208,205,0,1,0
9583,208,117,0,1,0
9584,208,118,0,1,0
9585,208,396,0,1,0
9586,208,382,99,1,0
9587,208,318,0,1,0
9588,208,285,0,1,0
9589,208,37,0,1,0
9590,208,93,0,1,0
9591,208,159,92,1,0
9592,208,375,82,1,0
9593,208,169,0,1,0
9594,208,333,0,1,0
9595,208,36,0,1,0
9596,208,426,3,1,0
9597,208,248,0,1,0
9598,208,254,4,1,0
9599,208,378,0,1,0
9600,209,327,0,0,0
9601,209,385,0,0,0
9602,209,320,0,0,0
9603,209,138,0,0,0
9604,209,180,0,0,0
9605,209,374,0,0,0
9606,209,130,0,0,0
9607,209,155,0,0,0
9608,209,338,0,0,0
9609,209,177,0,0,0
9610,209,332,0,0,0
9611,209,414,0,0,0
9612,209,200,0,0,0
9613,209,143,0,0,0
9614,209,76,0,0,0
9615,209,120,0,0,0
9616,209,45,0,0,0
9617,209,431,0,0,0
9618,209,420,0,0,0
9619,209,141,0,0,0
9620,209,243,0,0,0
9621,209,347,0,0,0
9622,209,393,0,0,0
9623,209,181,0,0,0
9624,209,318,0,0,0
9625,209,37,0,0,0
9626,209,131,0,0,0
9627,209,112,0,0,0
9628,209,23,0,0,0
9629,209,380,0,0,0
9630,209,373,0,0,0
9631,209,203,0,0,0
9632,209,183,0,0,0
9633,209,55,0,0,0
9634,209,302,0,0,0
9635,209,41,0,0,0
9636,209,397,0,0,0
9637,209,240,0,0,0
9638,209,295,0,0,0
9639,209,107,0,0,0
9640,212,127,98,1,0
9641,212,285,0,1,0
9642,212,377,0,1,0
9643,212,366,0,1,0
9644,212,150,99,1,0
9645,212,223,99,1,0
9646,212,346,0,1,0
9647,212,378,0,1,0
9648,212,44,0,1,0
9649,212,134,0,1,0
9650,212,167,99,1,0
9651,212,97,97,1,0
9652,212,289,0,1,0
9653,212,385,0,1,0
9654,212,84,0,1,0
9655,212,427,99,1,0
9656,212,189,0,1,0
9657,212,258,0,1,0
9658,212,348,0,1,0
9659,212,333,0,1,0
9660,212,191,98,1,0
9661,212,403,99,1,0
9662,212,420,0,1,0
9663,212,228,0,1,0
9664,212,370,99,1,0
9665,212,35,98,1,0
9666,212,430,0,1,0
9667,212,56,0,1,0
9668,212,350,98,1,0
9669,212,394,0,1,0
9670,212,239,0,1,0
9671,212,362,0,1,0
9672,212,88,0,1,0
9673,212,421,0,1,0
9674,212,396,0,1,0
9675,212,306,0,1,0
9676,212,300,0,1,0
9677,212,260,0,1,0
9678,212,184,0,1,0
9679,212,140,0,1,0
9680,213,115,0,0,0
9681,213,257,0,0,0
9682,213,176,0,0,0
9683,213,208,0,0,0
9684,213,399,0,0,0
9685,213,142,0,0,0
9686,213,371,0,0,0
9687,213,119,0,0,0
9688,213,348,0,0,0
9689,213,268,0,0,0
9690,213,60,0,0,0
9691,213,425,0,0,0
9692,213,56,0,0,0
9693,213,306,0,0,0
9694,213,343,0,0,0
9695,213,184,0,0,0
9696,213,238,0,0,0
9697,213,112,0,0,0
9698,213,168,0,0,0
9699,213,197,0,0,0
9700,213,172,0,0,0
9701,213,296,0,0,0
9702,213,214,0,0,0
9703,213,196,0,0,0
9704,213,328,0,0,0
9705,213,78,0,0,0
9706,213,58,0,0,0
9707,213,259,0,0,0
9708,213,232,0,0,0
9709,213,27,0,0,0
9710,213,391,0,0,0
9711,213,322,0,0,0
9712,213,390,0,0,0
9713,213,85,0,0,0
9714,213,227,0,0,0
9715,213,223,0,0,0
9716,213,295,0,0,0
9717,213,30,0,0,0
9718,213,416,0,0,0
9719,213,42,0,0,0
9720,214,56,0,1,0
9721,214,362,4,1,0
9722,214,385,0,1,0
9723,214,42,0,1,0
9724,214,260,0,1,0
9725,214,360,0,1,0
9726,214,317,0,1,0
9727,214,244,4,1,0
9728,214,190,0,1,0
9729,214,192,0,1,0
9730,214,330,0,1,0
9731,214,52,0,1,0
9732,214,212,0,1,0
9733,214,397,0,1,0
9734,214,272,0,1,0
9735,214,338,0,1,0
9736,214,171,95,1,0
9737,214,435,87,1,0
9738,214,307,99,1,0
9739,214,438,0,1,0
9740,214,316,0,1,0
9741,214,253,0,1,0
9742,214,100,20,1,0
9743,214,382,87,1,0
9744,214,356,0,1,0
9745,214,327,55,1,0
9746,214,419,95,1,0
9747,214,312,0,1,0
9748,214,256,4,1,0
9749,214,116,0,1,0
9750,214,262,0,1,0
9751,214,195,41,1,0
9752,214,76,4,1,0
9753,214,436,0,1,0
9754,214,209,0,1,0
9755,214,170,4,1,0
9756,214,144,0,1,0
9757,214,263,99,1,0
9758,214,313,0,1,0
9759,214,277,0,1,0
9760,215,351,99,1,0
9761,215,356,0,1,0
9762,215,233,0,1,0
9763,215,348,0,1,0
9764,215,359,99,1,0
9765,215,307,98,1,0
9766,215,407,0,1,0
9767,215,268,0,1,0
9768,215,197,0,1,0
9769,215,135,0,1,0
9770,215,36,3,1,0
9771,215,228,0,1,0
9772,215,94,0,1,0
9773,215,374,3,1,0
9774,215,65,0,1,0
9775,215,175,99,1,0
9776,215,79,99,1,0
9777,215,247,0,1,0
9778,215,323,13,1,0
9779,215,73,0,1,0
9780,215,246,0,1,0
9781,215,364,0,1,0
9782,215,313,0,1,0
9783,215,93,0,1,0
9784,215,245,0,1,0
9785,215,181,0,1,0
9786,215,318,0,1,0
9787,215,350,0,1,0
9788,215,304,0,1,0
9789,215,343,0,1,0
9790,215,342,0,1,0
9791,215,136,3,1,0
9792,215,63,0,1,0
9793,215,328,0,1,0
9794,215,329,0,1,0
9795,215,373,0,1,0
9796,215,158,0,1,0
9797,215,20,0,1,0
9798,215,220,0,1,0
9799,215,371,99,1,0
9800,216,263,0,0,0
9801,216,256,0,0,0
9802,216,49,0,0,0
9803,216,238,0,0,0
9804,216,175,0,0,0
9805,216,371,0,0,0
9806,216,413,0,0,0
9807,216,141,0,0,0
9808,216,110,0,0,0
9809,216,326,0,0,0
9810,216,245,0,0,0
9811,216,276,0,0,0
9812,216,41,0,0,0
9813,216,431,0,0,0
9814,216,132,0,0,0
9815,216,240,0,0,0
9816,216,234,0,0,0
9817,216,191,0,0,0
9818,216,193,0,0,0
9819,216,156,0,0,0
9820,216,437,0,0,0
9821,216,337,0,0,0
9822,216,109,0,0,0
9823,216,278,0,0,0
9824,216,177,0,0,0
9825,216,344,0,0,0
9826,216,50,0,0,0
9827,216,426,0,0,0
9828,216,39,0,0,0
9829,216,330,0,0,0
9830,216,205,0,0,0
9831,216,134,0,0,0
9832,216,394,0,0,0
9833,216,174,0,0,0
9834,216,357,0,0,0
9835,216,284,0,0,0
9836,216,34,0,0,0
9837,216,384,0,0,0
9838,216,36,0,0,0
9839,216,366,0,0,0
9840,217,30,0,0,0
9841,217,244,0,0,0
9842,217,245,0,0,0
9843,217,63,0,0,0
9844,217,121,0,0,0
9845,217,147,0,0,0
9846,217,404,0,0,0
9847,217,242,0,0,0
9848,217,33,0,0,0
9849,217,56,0,0,0
9850,217,386,0,0,0
9851,217,101,0,0,0
9852,217,260,0,0,0
9853,217,315,0,0,0
9854,217,79,0,0,0
9855,217,51,0,0,0
9856,217,221,0,0,0
9857,217,369,0,0,0
9858,217,388,0,0,0
9859,217,45,0,0,0
9860,217,169,0,0,0
9861,217,371,0,0,0
9862,217,99,0,0,0
9863,217,281,0,0,0
9864,217,87,0,0,0
9865,217,256,0,0,0
9866,217,181,0,0,0
9867,217,154,0,0,0
9868,217,340,0,0,0
9869,217,422,0,0,0
9870,217,132,0,0,0
9871,217,135,0,0,0
9872,217,133,0,0,0
9873,217,357,0,0,0
9874,217,134,0,0,0
9875,217,231,0,0,0
9876,217,382,0,0,0
9877,217,171,0,0,0
9878,217,211,0,0,0
9879,217,161,0,0,0
9880,219,308,0,1,0
9881,219,103,99,1,0
9882,219,213,0,1,0
9883,219,390,0,1,0
9884,219,130,0,1,0
9885,219,60,0,1,0
9886,219,163,44,1,0
9887,219,56,0,1,0
9888,219,406,0,1,0
9889,219,97,0,1,0
9890,219,328,0,1,0
9891,219,363,9,1,0
9892,219,329,4,1,0
9893,219,128,0,1,0
9894,219,87,0,1,0
9895,219,157,0,1,0
9896,219,364,0,1,0
9897,219,70,0,1,0
9898,219,403,99,1,0
9899,219,237,0,1,0
9900,219,88,0,1,0
9901,219,184,0,1,0
9902,219,360,0,1,0
9903,219,371,99,1,0
9904,219,24,0,1,0
9905,219,302,0,1,0
9906,219,198,0,1,0
9907,219,142,3,1,0
9908,219,92,4,1,0
9909,219,227,99,1,0
9910,219,368,0,1,0
9911,219,277,0,1,0
9912,219,414,0,1,0
9913,219,408,0,1,0
9914,219,81,0,1,0
9915,219,232,4,1,0
9916,219,342,0,1,0
9917,219,372,0,1,0
9918,219,170,4,1,0
9919,219,190,0,1,0
9920,221,94,0,0,0
9921,221,313,0,0,0
9922,221,329,0,0,0
9923,221,274,0,0,0
9924,221,56,0,0,0
9925,221,316,0,0,0
9926,221,396,0,0,0
9927,221,404,0,0,0
9928,221,80,0,0,0
9929,221,395,0,0,0
9930,221,349,0,0,0
9931,221,54,0,0,0
9932,221,145,0,0,0
9933,221,111,0,0,0
9934,221,403,0,0,0
9935,221,251,0,0,0
9936,221,33,0,0,0
9937,221,49,0,0,0
9938,221,101,0,0,0
9939,221,330,0,0,0
9940,221,148,0,0,0
9941,221,75,0,0,0
9942,221,240,0,0,0
9943,221,245,0,0,0
9944,221,45,0,0,0
9945,221,310,0,0,0
9946,221,175,0,0,0
9947,221,436,0,0,0
9948,221,159,0,0,0
9949,221,120,0,0,0
9950,221,60,0,0,0
9951,221,263,0,0,0
9952,221,100,0,0,0
9953,221,199,0,0,0
9954,221,259,0,0,0
9955,221,307,0,0,0
9956,221,277,0,0,0
9957,221,76,0,0,0
9958,221,350,0,0,0
9959,221,114,0,0,0
9960,223,235,0,1,0
9961,223,52,0,1,0
9962,223,25,0,1,0
9963,223,328,0,1,0
9964,223,320,0,1,0
9965,223,275,0,1,0
9966,223,55,0,1,0
9967,223,282,0,1,0
9968,223,345,0,1,0
9969,223,383,0,1,0
9970,223,60,0,1,0
9971,223,220,0,1,0
9972,223,129,0,1,0
9973,223,234,0,1,0
9974,223,198,0,1,0
9975,223,438,0,1,0
9976,223,317,0,1,0
9977,223,373,0,1,0
9978,223,248,0,1,0
9979,223,381,0,1,0
9980,223,48,0,1,0
9981,223,380,0,1,0
9982,223,143,0,1,0
9983,223,111,0,1,0
9984,223,83,0,1,0
9985,223,31,0,1,0
9986,223,170,0,1,0
9987,223,430,0,1,0
9988,223,313,0,1,0
9989,223,310,0,1,0
9990,223,291,0,1,0
9991,223,244,0,1,0
9992,223,53,0,1,0
9993,223,69,0,1,0
9994,223,197,0,1,0
9995,223,301,0,1,0
9996,223,40,0,1,0
9997,223,306,0,1,0
9998,223,325,0,1,0
9999,223,81,0,1,0
10000,226,177,0,0,0
10001,226,288,0,0,0
10002,226,238,0,0,0
10003,226,185,0,0,0
10004,226,279,0,0,0
10005,226,286,0,0,0
10006,226,45,0,0,0
10007,226,79,0,0,0
10008,226,299,0,0,0
10009,226,103,0,0,0
10010,226,302,0,0,0
10011,226,29,0,0,0
10012,226,276,0,0,0
10013,226,155,0,0,0
10014,226,105,0,0,0
10015,226,26,0,0,0
10016,226,338,0,0,0
10017,226,301,0,0,0
10018,226,278,0,0,0
10019,226,434,0,0,0
10020,226,145,0,0,0
10021,226,347,0,0,0
10022,226,433,0,0,0
10023,226,344,0,0,0
10024,226,34,0,0,0
10025,226,257,0,0,0
10026,226,361,0,0,0
10027,226,153,0,0,0
10028,226,383,0,0,0
10029,226,427,0,0,0
10030,226,426,0,0,0
10031,226,412,0,0,0
10032,226,419,0,0,0
10033,226,398,0,0,0
10034,226,30,0,0,0
10035,226,375,0,0,0
10036,226,395,0,0,0
10037,226,215,0,0,0
10038,226,308,0,0,0
10039,226,275,0,0,0
10040,227,350,0,1,0
10041,227,166,0,1,0
10042,227,403,98,1,0
10043,227,172,0,1,0
10044,227,183,99,1,0
10045,227,295,0,1,0
10046,227,249,0,1,0
10047,227,126,0,1,0
10048,227,434,0,1,0
10049,227,167,0,1,0
10050,227,170,0,1,0
10051,227,57,0,1,0
10052,227,418,0,1,0
10053,227,146,0,1,0
10054,227,264,0,1,0
10055,227,29,0,1,0
10056,227,208,0,1,0
10057,227,230,0,1,0
10058,227,156,0,1,0
10059,227,232,0,1,0
10060,227,366,0,1,0
10061,227,87,3,1,0
10062,227,45,0,1,0
10063,227,400,0,1,0
10064,227,399,0,1,0
10065,227,385,0,1,0
10066,227,377,0,1,0
10067,227,71,0,1,0
10068,227,320,0,1,0
10069,227,414,0,1,0
10070,227,324,0,1,0
10071,227,109,0,1,0
10072,227,128,0,1,0
10073,227,257,0,1,0
10074,227,405,0,1,0
10075,227,262,0,1,0
10076,227,260,0,1,0
10077,227,415,0,1,0
10078,227,226,0,1,0
10079,227,42,0,1,0
10080,228,310,4,1,0
10081,228,28,0,1,0
10082,228,277,0,1,0
10083,228,138,0,1,0
10084,228,374,0,1,0
10085,228,134,4,1,0
10086,228,286,0,1,0
10087,228,133,0,1,0
10088,228,70,8,1,0
10089,228,72,0,1,0
10090,228,124,10,1,0
10091,228,87,99,1,0
10092,228,361,4,1,0
10093,228,119,97,1,0
10094,228,89,0,1,0
10095,228,66,23,1,0
10096,228,82,99,1,0
10097,228,102,4,1,0
10098,228,83,99,1,0
10099,228,50,99,1,0
10100,228,263,99,1,0
10101,228,273,4,1,0
10102,228,385,0,1,0
10103,228,391,97,1,0
10104,228,369,0,1,0
10105,228,368,0,1,0
10106,228,78,0,1,0
10107,228,356,97,1,0
10108,228,433,0,1,0
10109,228,150,0,1,0
10110,228,347,99,1,0
10111,228,258,99,1,0
10112,228,96,0,1,0
10113,228,162,0,1,0
10114,228,305,0,1,0
10115,228,394,32,1,0
10116,228,25,0,1,0
10117,228,181,0,1,0
10118,228,123,99,1,0
10119,228,80,0,1,0
10120,229,297,0,0,0
10121,229,261,0,0,0
10122,229,142,0,0,0
10123,229,53,0,0,0
10124,229,394,0,0,0
10125,229,272,0,0,0
10126,229,401,0,0,0
10127,229,65,0,0,0
10128,229,231,0,0,0
10129,229,156,0,0,0
10130,229,29,0,0,0
10131,229,356,0,0,0
10132,229,247,0,0,0
10133,229,107,0,0,0
10134,229,40,0,0,0
10135,229,116,0,0,0
10136,229,408,0,0,0
10137,229,48,0,0,0
10138,229,252,0,0,0
10139,229,438,0,0,0
10140,229,420,0,0,0
10141,229,170,0,0,0
10142,229,111,0,0,0
10143,229,205,0,0,0
10144,229,293,0,0,0
10145,229,380,0,0,0
10146,229,115,0,0,0
10147,229,437,0,0,0
10148,229,108,0,0,0
10149,229,25,0,0,0
10150,229,143,0,0,0
10151,229,47,0,0,0
10152,229,241,0,0,0
10153,229,194,0,0,0
10154,229,219,0,0,0
10155,229,96,0,0,0
10156,229,385,0,0,0
10157,229,339,0,0,0
10158,229,283,0,0,0
10159,229,281,0,0,0
10160,231,395,3,1,0
10161,231,131,3,1,0
10162,231,199,0,1,0
10163,231,366,0,1,0
10164,231,57,0,1,0
10165,231,335,0,1,0
10166,231,112,0,1,0
10167,231,276,0,1,0
10168,231,43,0,1,0
10169,231,109,0,1,0
10170,231,33,0,1,0
10171,231,275,27,1,0
10172,231,344,0,1,0
10173,231,432,4,1,0
10174,231,313,0,1,0
10175,231,257,0,1,0
10176,231,297,0,1,0
10177,231,295,2,1,0
10178,231,271,0,1,0
10179,231,246,0,1,0
10180,231,420,0,1,0
10181,231,68,0,1,0
10182,231,434,0,1,0
10183,231,48,0,1,0
10184,231,72,3,1,0
10185,231,439,99,1,0
10186,231,40,0,1,0
10187,231,283,0,1,0
10188,231,79,99,1,0
10189,231,261,0,1,0
10190,231,71,0,1,0
10191,231,110,0,1,0
10192,231,42,0,1,0
10193,231,192,3,1,0
10194,231,183,99,1,0
10195,231,37,0,1,0
10196,231,301,0,1,0
10197,231,254,0,1,0
10198,231,414,0,1,0
10199,231,210,9,1,0
10200,232,125,0,1,0
10201,232,297,0,1,0
10202,232,83,99,1,0
10203,232,158,0,1,0
10204,232,302,0,1,0
10205,232,409,0,1,0
10206,232,208,98,1,0
10207,232,169,0,1,0
10208,232,157,0,1,0
10209,232,331,95,1,0
10210,232,426,92,1,0
10211,232,118,0,1,0
10212,232,415,99,1,0
10213,232,86,0,1,0
10214,232,393,0,1,0
10215,232,187,93,1,0
10216,232,291,99,1,0
10217,232,88,0,1,0
10218,232,233,0,1,0
10219,232,142,12,1,0
10220,232,22,0,1,0
10221,232,350,0,1,0
10222,232,383,48,1,0
10223,232,71,99,1,0
10224,232,357,0,1,0
10225,232,268,0,1,0
10226,232,81,0,1,0
10227,232,94,0,1,0
10228,232,85,3,1,0
10229,232,404,0,1,0
10230,232,430,0,1,0
10231,232,149,0,1,0
10232,232,212,98,1,0
10233,232,395,99,1,0
10234,232,289,0,1,0
10235,232,191,99,1,0
10236,232,293,0,1,0
10237,232,245,0,1,0
10238,232,109,0,1,0
10239,232,225,3,1,0
10240,233,383,0,1,0
10241,233,354,0,1,0
10242,233,43,0,1,0
10243,233,205,0,1,0
10244,233,151,0,1,0
10245,233,373,0,1,0
10246,233,85,0,1,0
10247,233,299,0,1,0
10248,233,215,0,1,0
10249,233,220,0,1,0
10250,233,60,0,1,0
10251,233,115,0,1,0
10252,233,386,0,1,0
10253,233,101,0,1,0
10254,233,412,0,1,0
10255,233,76,0,1,0
10256,233,392,0,1,0
10257,233,190,0,1,0
10258,233,106,0,1,0
10259,233,395,0,1,0
10260,233,49,0,1,0
10261,233,297,0,1,0
10262,233,296,0,1,0
10263,233,357,0,1,0
10264,233,425,0,1,0
10265,233,140,0,1,0
10266,233,146,0,1,0
10267,233,331,0,1,0
10268,233,322,0,1,0
10269,233,54,0,1,0
10270,233,36,0,1,0
10271,233,154,0,1,0
10272,233,396,0,1,0
10273,233,38,0,1,0
10274,233,202,0,1,0
10275,233,222,0,1,0
10276,233,333,0,1,0
10277,233,415,0,1,0
10278,233,245,0,1,0
10279,233,340,0,1,0
10280,235,24,0,1,0
10281,235,173,0,1,0
10282,235,434,0,1,0
10283,235,360,0,1,0
10284,235,341,0,1,0
10285,235,395,9,1,0
10286,235,250,7,1,0
10287,235,320,0,1,0
10288,235,366,0,1,0
10289,235,149,0,1,0
10290,235,246,4,1,0
10291,235,90,0,1,0
10292,235,259,99,1,0
10293,235,116,0,1,0
10294,235,270,4,1,0
10295,235,317,0,1,0
10296,235,318,0,1,0
10297,235,433,0,1,0
10298,235,64,3,1,0
10299,235,190,0,1,0
10300,235,110,0,1,0
10301,235,33,0,1,0
10302,235,157,0,1,0
10303,235,171,28,1,0
10304,235,48,0,1,0
10305,235,129,0,1,0
10306,235,108,0,1,0
10307,235,251,4,1,0
10308,235,94,0,1,0
10309,235,189,0,1,0
10310,235,288,0,1,0
10311,235,330,0,1,0
10312,235,217,0,1,0
10313,235,373,0,1,0
10314,235,146,0,1,0
10315,235,339,0,1,0
10316,235,408,0,1,0
10317,235,429,0,1,0
10318,235,241,0,1,0
10319,235,99,99,1,0
10320,236,283,0,0,0
10321,236,397,0,0,0
10322,236,382,0,0,0
10323,236,128,0,0,0
10324,236,177,0,0,0
10325,236,63,0,0,0
10326,236,113,0,0,0
10327,236,365,0,0,0
10328,236,335,0,0,0
10329,236,415,0,0,0
10330,236,427,0,0,0
10331,236,146,0,0,0
10332,236,267,0,0,0
10333,236,380,0,0,0
10334,236,229,0,0,0
10335,236,180,0,0,0
10336,236,378,0,0,0
10337,236,221,0,0,0
10338,236,233,0,0,0
10339,236,72,0,0,0
10340,236,215,0,0,0
10341,236,297,0,0,0
10342,236,294,0,0,0
10343,236,405,0,0,0
10344,236,390,0,0,0
10345,236,247,0,0,0
10346,236,91,0,0,0
10347,236,208,0,0,0
10348,236,339,0,0,0
10349,236,372,0,0,0
10350,236,316,0,0,0
10351,236,383,0,0,0
10352,236,64,0,0,0
10353,236,226,0,0,0
10354,236,292,0,0,0
10355,236,352,0,0,0
10356,236,94,0,0,0
10357,236,89,0,0,0
10358,236,416,0,0,0
10359,236,141,0,0,0
10360,237,246,0,0,0
10361,237,298,0,0,0
10362,237,271,0,0,0
10363,237,105,0,0,0
10364,237,220,0,0,0
10365,237,180,0,0,0
10366,237,192,0,0,0
10367,237,411,0,0,0
10368,237,412,0,0,0
10369,237,373,0,0,0
10370,237,300,0,0,0
10371,237,313,0,0,0
10372,237,197,0,0,0
10373,237,346,0,0,0
10374,237,215,0,0,0
10375,237,168,0,0,0
10376,237,368,0,0,0
10377,237,413,0,0,0
10378,237,63,0,0,0
10379,237,312,0,0,0
10380,237,424,0,0,0
10381,237,266,0,0,0
10382,237,331,0,0,0
10383,237,386,0,0,0
10384,237,66,0,0,0
10385,237,323,0,0,0
10386,237,200,0,0,0
10387,237,414,0,0,0
10388,237,269,0,0,0
10389,237,77,0,0,0
10390,237,134,0,0,0
10391,237,147,0,0,0
10392,237,153,0,0,0
10393,237,80,0,0,0
10394,237,333,0,0,0
10395,237,296,0,0,0
10396,237,172,0,0,0
10397,237,47,0,0,0
10398,237,248,0,0,0
10399,237,82,0,0,0
10400,238,342,77,1,0
10401,238,366,0,1,0
10402,238,63,99,1,0
10403,238,319,97,1,0
10404,238,228,0,1,0
10405,238,258,0,1,0
10406,238,61,0,1,0
10407,238,339,97,1,0
10408,238,26,6,1,0
10409,238,56,0,1,0
10410,238,173,0,1,0
10411,238,275,99,1,0
10412,238,91,99,1,0
10413,238,90,0,1,0
10414,238,123,97,1,0
10415,238,155,97,1,0
10416,238,82,6,1,0
10417,238,255,97,1,0
10418,238,418,0,1,0
10419,238,290,13,1,0
10420,238,172,15,1,0
10421,238,36,0,1,0
10422,238,388,0,1,0
10423,238,369,0,1,0
10424,238,167,99,1,0
10425,238,177,0,1,0
10426,238,276,8,1,0
10427,238,86,0,1,0
10428,238,69,0,1,0
10429,238,330,0,1,0
10430,238,59,99,1,0
10431,238,411,99,1,0
10432,238,142,0,1,0
10433,238,149,0,1,0
10434,238,213,0,1,0
10435,238,264,0,1,0
10436,238,240,0,1,0
10437,238,246,97,1,0
10438,238,46,98,1,0
10439,238,73,0,1,0
10440,239,85,0,1,0
10441,239,157,0,1,0
10442,239,312,0,1,0
10443,239,158,0,1,0
10444,239,135,0,1,0
10445,239,125,0,1,0
10446,239,92,0,1,0
10447,239,367,99,1,0
10448,239,330,0,1,0
10449,239,436,0,1,0
10450,239,32,0,1,0
10451,239,418,0,1,0
10452,239,414,0,1,0
10453,239,213,0,1,0
10454,239,174,0,1,0
10455,239,25,0,1,0
10456,239,430,0,1,0
10457,239,250,9,1,0
10458,239,268,0,1,0
10459,239,74,0,1,0
10460,239,377,0,1,0
10461,239,301,0,1,0
10462,239,335,62,1,0
10463,239,211,97,1,0
10464,239,319,61,1,0
10465,239,175,99,1,0
10466,239,29,0,1,0
10467,239,390,0,1,0
10468,239,142,3,1,0
10469,239,78,0,1,0
10470,239,54,0,1,0
10471,239,366,0,1,0
10472,239,286,4,1,0
10473,239,432,0,1,0
10474,239,36,3,1,0
10475,239,121,0,1,0
10476,239,277,0,1,0
10477,239,173,0,1,0
10478,239,266,0,1,0
10479,239,435,19,1,0
10480,240,91,0,0,0
10481,240,111,0,0,0
10482,240,160,0,0,0
10483,240,367,0,0,0
10484,240,293,0,0,0
10485,240,397,0,0,0
10486,240,173,0,0,0
10487,240,254,0,0,0
10488,240,436,0,0,0
10489,240,437,0,0,0
10490,240,189,0,0,0
10491,240,37,0,0,0
10492,240,52,0,0,0
10493,240,184,0,0,0
10494,240,136,0,0,0
10495,240,223,0,0,0
10496,240,349,0,0,0
10497,240,117,0,0,0
10498,240,202,0,0,0
10499,240,85,0,0,0
10500,240,158,0,0,0
10501,240,288,0,0,0
10502,240,124,0,0,0
10503,240,196,0,0,0
10504,240,384,0,0,0
10505,240,206,0,0,0
10506,240,407,0,0,0
10507,240,268,0,0,0
10508,240,291,0,0,0
10509,240,327,0,0,0
10510,240,435,0,0,0
10511,240,38,0,0,0
10512,240,29,0,0,0
10513,240,396,0,0,0
10514,240,159,0,0,0
10515,240,225,0,0,0
10516,240,264,0,0,0
10517,240,359,0,0,0
10518,240,219,0,0,0
10519,240,72,0,0,0
10520,241,263,0,0,0
10521,241,332,0,0,0
10522,241,355,0,0,0
10523,241,378,0,0,0
10524,241,290,0,0,0
10525,241,407,0,0,0
10526,241,43,0,0,0
10527,241,192,0,0,0
10528,241,156,0,0,0
10529,241,282,0,0,0
10530,241,203,0,0,0
10531,241,301,0,0,0
10532,241,22,0,0,0
10533,241,225,0,0,0
10534,241,428,0,0,0
10535,241,207,0,0,0
10536,241,363,0,0,0
10537,241,27,0,0,0
10538,241,394,0,0,0
10539,241,357,0,0,0
10540,241,347,0,0,0
10541,241,129,0,0,0
10542,241,289,0,0,0
10543,241,312,0,0,0
10544,241,171,0,0,0
10545,241,24,0,0,0
10546,241,135,0,0,0
10547,241,119,0,0,0
10548,241,146,0,0,0
10549,241,380,0,0,0
10550,241,221,0,0,0
10551,241,374,0,0,0
10552,241,65,0,0,0
10553,241,326,0,0,0
10554,241,382,0,0,0
10555,241,278,0,0,0
10556,241,85,0,0,0
10557,241,186,0,0,0
10558,241,310,0,0,0
10559,241,197,0,0,0
10560,242,190,0,1,0
10561,242,273,5,1,0
10562,242,343,99,1,0
10563,242,430,0,1,0
10564,242,43,99,1,0
10565,242,101,0,1,0
10566,242,395,99,1,0
10567,242,215,99,1,0
10568,242,280,0,1,0
10569,242,293,0,1,0
10570,242,103,99,1,0
10571,242,68,0,1,0
10572,242,362,0,1,0
10573,242,110,99,1,0
10574,242,275,99,1,0
10575,242,385,0,1,0
10576,242,186,0,1,0
10577,242,174,0,1,0
10578,242,264,0,1,0
10579,242,30,92,1,0
10580,242,344,29,1,0
10581,242,337,0,1,0
10582,242,136,3,1,0
10583,242,137,92,1,0
10584,242,114,11,1,0
10585,242,271,92,1,0
10586,242,327,99,1,0
10587,242,120,98,1,0
10588,242,81,0,1,0
10589,242,246,99,1,0
10590,242,265,0,1,0
10591,242,23,99,1,0
10592,242,348,0,1,0
10593,242,425,0,1,0
10594,242,172,0,1,0
10595,242,278,92,1,0
10596,242,201,0,1,0
10597,242,58,99,1,0
10598,242,339,99,1,0
10599,242,89,0,1,0
10600,243,295,95,1,0
10601,243,224,0,1,0
10602,243,296,3,1,0
10603,243,294,4,1,0
10604,243,92,4,1,0
10605,243,149,0,1,0
10606,243,250,31,1,0
10607,243,369,0,1,0
10608,243,26,0,1,0
10609,243,421,0,1,0
10610,243,129,0,1,0
10611,243,49,0,1,0
10612,243,85,0,1,0
10613,243,240,0,1,0
10614,243,192,0,1,0
10615,243,288,0,1,0
10616,243,372,0,1,0
10617,243,258,0,1,0
10618,243,182,0,1,0
10619,243,280,0,1,0
10620,243,270,10,1,0
10621,243,217,0,1,0
10622,243,145,0,1,0
10623,243,393,0,1,0
10624,243,207,99,1,0
10625,243,290,0,1,0
10626,243,366,0,1,0
10627,243,285,0,1,0
10628,243,174,0,1,0
10629,243,37,0,1,0
10630,243,87,6,1,0
10631,243,299,12,1,0
10632,243,323,99,1,0
10633,243,252,0,1,0
10634,243,390,0,1,0
10635,243,155,44,1,0
10636,243,287,0,1,0
10637,243,269,0,1,0
10638,243,345,0,1,0
10639,243,284,0,1,0
10640,246,360,0,1,0
10641,246,316,0,1,0
10642,246,370,0,1,0
10643,246,194,0,1,0
10644,246,132,52,1,0
10645,246,342,0,1,0
10646,246,425,0,1,0
10647,246,102,0,1,0
10648,246,76,0,1,0
10649,246,178,0,1,0
10650,246,388,0,1,0
10651,246,149,0,1,0
10652,246,409,1,1,0
10653,246,107,93,1,0
10654,246,326,0,1,0
10655,246,171,92,1,0
10656,246,267,99,1,0
10657,246,75,93,1,0
10658,246,122,0,1,0
10659,246,263,93,1,0
10660,246,58,2,1,0
10661,246,234,0,1,0
10662,246,123,92,1,0
10663,246,192,3,1,0
10664,246,96,0,1,0
10665,246,227,99,1,0
10666,246,420,0,1,0
10667,246,352,3,1,0
10668,246,266,0,1,0
10669,246,38,0,1,0
10670,246,283,92,1,0
10671,246,40,0,1,0
10672,246,303,92,1,0
10673,246,63,98,1,0
10674,246,337,0,1,0
10675,246,391,99,1,0
10676,246,51,99,1,0
10677,246,24,0,1,0
10678,246,128,0,1,0
10679,246,435,99,1,0
10680,247,55,99,1,0
10681,247,127,0,1,0
10682,247,95,0,1,0
10683,247,204,3,1,0
10684,247,384,0,1,0
10685,247,133,0,1,0
10686,247,406,0,1,0
10687,247,374,3,1,0
10688,247,167,65,1,0
10689,247,309,0,1,0
10690,247,409,1,1,0
10691,247,202,0,1,0
10692,247,85,11,1,0
10693,247,358,0,1,0
10694,247,435,71,1,0
10695,247,81,0,1,0
10696,247,394,0,1,0
10697,247,299,8,1,0
10698,247,113,0,1,0
10699,247,159,99,1,0
10700,247,357,0,1,0
10701,247,130,0,1,0
10702,247,123,8,1,0
10703,247,416,3,1,0
10704,247,395,14,1,0
10705,247,48,0,1,0
10706,247,207,99,1,0
10707,247,112,0,1,0
10708,247,420,0,1,0
10709,247,298,0,1,0
10710,247,316,0,1,0
10711,247,368,0,1,0
10712,247,44,0,1,0
10713,247,170,30,1,0
10714,247,211,99,1,0
10715,247,110,4,1,0
10716,247,115,0,1,0
10717,247,131,3,1,0
10718,247,71,8,1,0
10719,247,21,0,1,0
10720,248,165,0,0,0
10721,248,295,0,0,0
10722,248,303,0,0,0
10723,248,116,0,0,0
10724,248,42,0,0,0
10725,248,381,0,0,0
10726,248,91,0,0,0
10727,248,333,0,0,0
10728,248,34,0,0,0
10729,248,229,0,0,0
10730,248,313,0,0,0
10731,248,177,0,0,0
10732,248,316,0,0,0
10733,248,205,0,0,0
10734,248,220,0,0,0
10735,248,87,0,0,0
10736,248,206,0,0,0
10737,248,30,0,0,0
10738,248,412,0,0,0
10739,248,21,0,0,0
10740,248,142,0,0,0
10741,248,194,0,0,0
10742,248,128,0,0,0
10743,248,236,0,0,0
10744,248,173,0,0,0
10745,248,83,0,0,0
10746,248,243,0,0,0
10747,248,144,0,0,0
10748,248,48,0,0,0
10749,248,224,0,0,0
10750,248,355,0,0,0
10751,248,345,0,0,0
10752,248,43,0,0,0
10753,248,403,0,0,0
10754,248,241,0,0,0
10755,248,127,0,0,0
10756,248,315,0,0,0
10757,248,329,0,0,0
10758,248,337,0,0,0
10759,248,207,0,0,0
10760,249,424,0,0,0
10761,249,187,0,0,0
10762,249,303,0,0,0
10763,249,142,0,0,0
10764,249,25,0,0,0
10765,249,169,0,0,0
10766,249,171,0,0,0
10767,249,70,0,0,0
10768,249,359,0,0,0
10769,249,144,0,0,0
10770,249,382,0,0,0
10771,249,87,0,0,0
10772,249,324,0,0,0
10773,249,182,0,0,0
10774,249,113,0,0,0
10775,249,369,0,0,0
10776,249,436,0,0,0
10777,249,412,0,0,0
10778,249,334,0,0,0
10779,249,349,0,0,0
10780,249,149,0,0,0
10781,249,32,0,0,0
10782,249,402,0,0,0
10783,249,401,0,0,0
10784,249,150,0,0,0
10785,249,264,0,0,0
10786,249,192,0,0,0
10787,249,283,0,0,0
10788,249,404,0,0,0
10789,249,35,0,0,0
10790,249,237,0,0,0
10791,249,301,0,0,0
10792,249,234,0,0,0
10793,249,200,0,0,0
10794,249,180,0,0,0
10795,249,89,0,0,0
10796,249,64,0,0,0
10797,249,178,0,0,0
10798,249,165,0,0,0
10799,249,223,0,0,0
10800,250,168,3,1,0
10801,250,412,0,1,0
10802,250,267,4,1,0
10803,250,72,3,1,0
10804,250,139,85,1,0
10805,250,98,30,1,0
10806,250,203,99,1,0
10807,250,318,0,1,0
10808,250,20,0,1,0
10809,250,226,0,1,0
10810,250,325,0,1,0
10811,250,345,0,1,0
10812,250,55,98,1,0
10813,250,310,0,1,0
10814,250,376,0,1,0
10815,250,398,0,1,0
10816,250,378,0,1,0
10817,250,222,0,1,0
10818,250,124,98,1,0
10819,250,167,0,1,0
10820,250,48,0,1,0
10821,250,290,0,1,0
10822,250,374,3,1,0
10823,250,114,0,1,0
10824,250,300,0,1,0
10825,250,26,8,1,0
10826,250,256,0,1,0
10827,250,364,0,1,0
10828,250,330,0,1,0
10829,250,147,96,1,0
10830,250,406,23,1,0
10831,250,102,0,1,0
10832,250,408,0,1,0
10833,250,350,0,1,0
10834,250,106,2,1,0
10835,250,46,3,1,0
10836,250,415,64,1,0
10837,250,63,0,1,0
10838,250,245,2,1,0
10839,250,97,0,1,0
10840,251,206,0,1,0
10841,251,141,0,1,0
10842,251,331,0,1,0
10843,251,411,99,1,0
10844,251,288,0,1,0
10845,251,377,0,1,0
10846,251,370,0,1,0
10847,251,54,0,1,0
10848,251,305,0,1,0
10849,251,105,0,1,0
10850,251,415,99,1,0
10851,251,77,0,1,0
10852,251,135,0,1,0
10853,251,424,0,1,0
10854,251,123,36,1,0
10855,251,89,0,1,0
10856,251,364,0,1,0
10857,251,55,99,1,0
10858,251,230,0,1,0
10859,251,134,0,1,0
10860,251,366,0,1,0
10861,251,328,0,1,0
10862,251,62,0,1,0
10863,251,412,0,1,0
10864,251,24,0,1,0
10865,251,166,0,1,0
10866,251,284,3,1,0
10867,251,28,0,1,0
10868,251,93,0,1,0
10869,251,168,0,1,0
10870,251,207,99,1,0
10871,251,267,23,1,0
10872,251,239,84,1,0
10873,251,36,3,1,0
10874,251,79,99,1,0
10875,251,194,0,1,0
10876,251,82,0,1,0
10877,251,48,0,1,0
10878,251,386,0,1,0
10879,251,330,0,1,0
10880,252,416,0,0,0
10881,252,438,0,0,0
10882,252,228,0,0,0
10883,252,78,0,0,0
10884,252,326,0,0,0
10885,252,23,0,0,0
10886,252,87,0,0,0
10887,252,76,0,0,0
10888,252,368,0,0,0
10889,252,230,0,0,0
10890,252,159,0,0,0
10891,252,257,0,0,0
10892,252,297,0,0,0
10893,252,214,0,0,0
10894,252,104,0,0,0
10895,252,421,0,0,0
10896,252,141,0,0,0
10897,252,73,0,0,0
10898,252,118,0,0,0
10899,252,198,0,0,0
10900,252,435,0,0,0
10901,252,92,0,0,0
10902,252,20,0,0,0
10903,252,127,0,0,0
10904,252,393,0,0,0
10905,252,260,0,0,0
10906,252,324,0,0,0
10907,252,90,0,0,0
10908,252,238,0,0,0
10909,252,371,0,0,0
10910,252,204,0,0,0
10911,252,241,0,0,0
10912,252,27,0,0,0
10913,252,262,0,0,0
10914,252,430,0,0,0
10915,252,360,0,0,0
10916,252,424,0,0,0
10917,252,361,0,0,0
10918,252,398,0,0,0
10919,252,247,0,0,0
10920,253,434,0,0,0
10921,253,324,0,0,0
10922,253,101,0,0,0
10923,253,102,0,0,0
10924,253,235,0,0,0
10925,253,115,0,0,0
10926,253,29,0,0,0
10927,253,276,0,0,0
10928,253,105,0,0,0
10929,253,338,0,0,0
10930,253,229,0,0,0
10931,253,180,0,0,0
10932,253,323,0,0,0
10933,253,170,0,0,0
10934,253,25,0,0,0
10935,253,274,0,0,0
10936,253,91,0,0,0
10937,253,104,0,0,0
10938,253,176,0,0,0
10939,253,308,0,0,0
10940,253,132,0,0,0
10941,253,383,0,0,0
10942,253,114,0,0,0
10943,253,75,0,0,0
10944,253,96,0,0,0
10945,253,268,0,0,0
10946,253,287,0,0,0
10947,253,185,0,0,0
10948,253,318,0,0,0
10949,253,73,0,0,0
10950,253,251,0,0,0
10951,253,381,0,0,0
10952,253,234,0,0,0
10953,253,147,0,0,0
10954,253,351,0,0,0
10955,253,157,0,0,0
10956,253,282,0,0,0
10957,253,346,0,0,0
10958,253,392,0,0,0
10959,253,92,0,0,0
10960,255,41,0,1,0
10961,255,435,64,1,0
10962,255,260,0,1,0
10963,255,79,99,1,0
10964,255,136,3,1,0
10965,255,394,0,1,0
10966,255,374,3,1,0
10967,255,300,0,1,0
10968,255,20,0,1,0
10969,255,380,0,1,0
10970,255,416,3,1,0
10971,255,246,8,1,0
10972,255,425,0,1,0
10973,255,341,0,1,0
10974,255,200,0,1,0
10975,255,410,4,1,0
10976,255,114,0,1,0
10977,255,429,0,1,0
10978,255,61,0,1,0
10979,255,181,0,1,0
10980,255,254,9,1,0
10981,255,405,0,1,0
10982,255,134,0,1,0
10983,255,40,0,1,0
10984,255,196,0,1,0
10985,255,283,99,1,0
10986,255,420,0,1,0
10987,255,287,7,1,0
10988,255,308,0,1,0
10989,255,250,31,1,0
10990,255,384,0,1,0
10991,255,329,92,1,0
10992,255,289,0,1,0
10993,255,102,0,1,0
10994,255,186,0,1,0
10995,255,217,0,1,0
10996,255,197,0,1,0
10997,255,407,99,1,0
10998,255,336,0,1,0
10999,255,359,99,1,0
11000,257,124,0,0,0
11001,257,25,0,0,0
11002,257,180,0,0,0
11003,257,270,0,0,0
11004,257,168,0,0,0
11005,257,287,0,0,0
11006,257,405,0,0,0
11007,257,268,0,0,0
11008,257,162,0,0,0
11009,257,210,0,0,0
11010,257,171,0,0,0
11011,257,93,0,0,0
11012,257,196,0,0,0
11013,257,183,0,0,0
11014,257,263,0,0,0
11015,257,228,0,0,0
11016,257,60,0,0,0
11017,257,384,0,0,0
11018,257,367,0,0,0
11019,257,139,0,0,0
11020,257,160,0,0,0
11021,257,260,0,0,0
11022,257,286,0,0,0
11023,257,123,0,0,0
11024,257,222,0,0,0
11025,257,107,0,0,0
11026,257,195,0,0,0
11027,257,55,0,0,0
11028,257,277,0,0,0
11029,257,215,0,0,0
11030,257,430,0,0,0
11031,257,137,0,0,0
11032,257,140,0,0,0
11033,257,66,0,0,0
11034,257,407,0,0,0
11035,257,174,0,0,0
11036,257,322,0,0,0
11037,257,394,0,0,0
11038,257,116,0,0,0
11039,257,153,0,0,0
11040,258,193,0,1,0
11041,258,388,0,1,0
11042,258,171,99,1,0
11043,258,252,0,1,0
11044,258,308,0,1,0
11045,258,71,99,1,0
11046,258,278,76,1,0
11047,258,188,0,1,0
11048,258,345,0,1,0
11049,258,333,4,1,0
11050,258,392,2,1,0
11051,258,362,0,1,0
11052,258,276,8,1,0
11053,258,401,0,1,0
11054,258,50,0,1,0
11055,258,55,95,1,0
11056,258,162,0,1,0
11057,258,238,99,1,0
11058,258,217,0,1,0
11059,258,239,99,1,0
11060,258,142,66,1,0
11061,258,435,99,1,0
11062,258,114,99,1,0
11063,258,30,0,1,0
11064,258,270,4,1,0
11065,258,232,99,1,0
11066,258,43,65,1,0
11067,258,129,0,1,0
11068,258,89,0,1,0
11069,258,313,0,1,0
11070,258,222,4,1,0
11071,258,83,99,1,0
11072,258,431,99,1,0
11073,258,214,76,1,0
11074,258,109,0,1,0
11075,258,33,0,1,0
11076,258,294,4,1,0
11077,258,382,52,1,0
11078,258,402,0,1,0
11079,258,400,4,1,0
11080,260,183,0,0,0
11081,260,218,0,0,0
11082,260,436,0,0,0
11083,260,405,0,0,0
11084,260,114,0,0,0
11085,260,228,0,0,0
11086,260,290,0,0,0
11087,260,76,0,0,0
11088,260,395,0,0,0
11089,260,121,0,0,0
11090,260,124,0,0,0
11091,260,35,0,0,0
11092,260,91,0,0,0
11093,260,65,0,0,0
11094,260,37,0,0,0
11095,260,209,0,0,0
11096,260,138,0,0,0
11097,260,335,0,0,0
11098,260,256,0,0,0
11099,260,336,0,0,0
11100,260,117,0,0,0
11101,260,248,0,0,0
11102,260,438,0,0,0
11103,260,249,0,0,0
11104,260,406,0,0,0
11105,260,79,0,0,0
11106,260,40,0,0,0
11107,260,200,0,0,0
11108,260,96,0,0,0
11109,260,24,0,0,0
11110,260,374,0,0,0
11111,260,355,0,0,0
11112,260,250,0,0,0
11113,260,136,0,0,0
11114,260,324,0,0,0
11115,260,197,0,0,0
11116,260,289,0,0,0
11117,260,77,0,0,0
11118,260,437,0,0,0
11119,260,259,0,0,0
11120,261,171,0,0,0
11121,261,150,0,0,0
11122,261,354,0,0,0
11123,261,355,0,0,0
11124,261,380,0,0,0
11125,261,107,0,0,0
11126,261,323,0,0,0
11127,261,175,0,0,0
11128,261,265,0,0,0
11129,261,429,0,0,0
11130,261,276,0,0,0
11131,261,267,0,0,0
11132,261,437,0,0,0
11133,261,152,0,0,0
11134,261,71,0,0,0
11135,261,315,0,0,0
11136,261,435,0,0,0
11137,261,103,0,0,0
11138,261,215,0,0,0
11139,261,188,0,0,0
11140,261,124,0,0,0
11141,261,36,0,0,0
11142,261,409,0,0,0
11143,261,204,0,0,0
11144,261,134,0,0,0
11145,261,62,0,0,0
11146,261,203,0,0,0
11147,261,20,0,0,0
11148,261,167,0,0,0
11149,261,368,0,0,0
11150,261,30,0,0,0
11151,261,93,0,0,0
11152,261,230,0,0,0
11153,261,237,0,0,0
11154,261,116,0,0,0
11155,261,197,0,0,0
11156,261,334,0,0,0
11157,261,277,0,0,0
11158,261,291,0,0,0
11159,261,58,0,0,0
11160,262,346,0,0,0
11161,262,37,0,0,0
11162,262,419,0,0,0
11163,262,23,0,0,0
11164,262,385,0,0,0
11165,262,276,0,0,0
11166,262,201,0,0,0
11167,262,96,0,0,0
11168,262,347,0,0,0
11169,262,437,0,0,0
11170,262,426,0,0,0
11171,262,394,0,0,0
11172,262,212,0,0,0
11173,262,271,0,0,0
11174,262,378,0,0,0
11175,262,241,0,0,0
11176,262,231,0,0,0
11177,262,285,0,0,0
11178,262,42,0,0,0
11179,262,398,0,0,0
11180,262,365,0,0,0
11181,262,153,0,0,0
11182,262,388,0,0,0
11183,262,308,0,0,0
11184,262,45,0,0,0
11185,262,69,0,0,0
11186,262,428,0,0,0
11187,262,119,0,0,0
11188,262,113,0,0,0
11189,262,204,0,0,0
11190,262,46,0,0,0
11191,262,154,0,0,0
11192,262,63,0,0,0
11193,262,390,0,0,0
11194,262,138,0,0,0
11195,262,224,0,0,0
11196,262,423,0,0,0
11197,262,41,0,0,0
11198,262,312,0,0,0
11199,262,229,0,0,0
11200,263,221,0,1,0
11201,263,60,0,1,0
11202,263,438,0,1,0
11203,263,371,99,1,0
11204,263,71,95,1,0
11205,263,310,0,1,0
11206,263,368,0,1,0
11207,263,113,0,1,0
11208,263,168,0,1,0
11209,263,204,0,1,0
11210,263,118,0,1,0
11211,263,255,95,1,0
11212,263,127,0,1,0
11213,263,329,4,1,0
11214,263,102,4,1,0
11215,263,32,0,1,0
11216,263,363,57,1,0
11217,263,64,0,1,0
11218,263,236,0,1,0
11219,263,423,99,1,0
11220,263,140,0,1,0
11221,263,57,0,1,0
11222,263,30,0,1,0
11223,263,290,0,1,0
11224,263,347,97,1,0
11225,263,138,0,1,0
11226,263,149,0,1,0
11227,263,134,4,1,0
11228,263,234,0,1,0
11229,263,178,0,1,0
11230,263,339,97,1,0
11231,263,145,0,1,0
11232,263,288,0,1,0
11233,263,306,0,1,0
11234,263,109,0,1,0
11235,263,169,0,1,0
11236,263,273,0,1,0
11237,263,65,0,1,0
11238,263,213,0,1,0
11239,263,425,0,1,0
11240,264,215,0,0,0
11241,264,37,0,0,0
11242,264,62,0,0,0
11243,264,174,0,0,0
11244,264,383,0,0,0
11245,264,332,0,0,0
11246,264,429,0,0,0
11247,264,263,0,0,0
11248,264,200,0,0,0
11249,264,61,0,0,0
11250,264,41,0,0,0
11251,264,438,0,0,0
11252,264,410,0,0,0
11253,264,114,0,0,0
11254,264,311,0,0,0
11255,264,96,0,0,0
11256,264,90,0,0,0
11257,264,158,0,0,0
11258,264,78,0,0,0
11259,264,377,0,0,0
11260,264,307,0,0,0
11261,264,319,0,0,0
11262,264,189,0,0,0
11263,264,402,0,0,0
11264,264,372,0,0,0
11265,264,353,0,0,0
11266,264,343,0,0,0
11267,264,183,0,0,0
11268,264,104,0,0,0
11269,264,374,0,0,0
11270,264,129,0,0,0
11271,264,205,0,0,0
11272,264,227,0,0,0
11273,264,331,0,0,0
11274,264,212,0,0,0
11275,264,101,0,0,0
11276,264,173,0,0,0
11277,264,83,0,0,0
11278,264,144,0,0,0
11279,264,207,0,0,0
11280,265,30,0,0,0
11281,265,42,0,0,0
11282,265,260,0,0,0
11283,265,375,0,0,0
11284,265,58,0,0,0
11285,265,396,0,0,0
11286,265,390,0,0,0
11287,265,411,0,0,0
11288,265,292,0,0,0
11289,265,432,0,0,0
11290,265,437,0,0,0
11291,265,99,0,0,0
11292,265,132,0,0,0
11293,265,227,0,0,0
11294,265,88,0,0,0
11295,265,29,0,0,0
11296,265,257,0,0,0
11297,265,402,0,0,0
11298,265,419,0,0,0
11299,265,113,0,0,0
11300,265,433,0,0,0
11301,265,125,0,0,0
11302,265,136,0,0,0
11303,265,351,0,0,0
11304,265,282,0,0,0
11305,265,144,0,0,0
11306,265,334,0,0,0
11307,265,404,0,0,0
11308,265,341,0,0,0
11309,265,287,0,0,0
11310,265,94,0,0,0
11311,265,91,0,0,0
11312,265,122,0,0,0
11313,265,228,0,0,0
11314,265,301,0,0,0
11315,265,264,0,0,0
11316,265,363,0,0,0
11317,265,82,0,0,0
11318,265,240,0,0,0
11319,265,306,0,0,0
11320,269,311,0,0,0
11321,269,105,0,0,0
11322,269,69,0,0,0
11323,269,243,0,0,0
11324,269,383,0,0,0
11325,269,63,0,0,0
11326,269,131,0,0,0
11327,269,251,0,0,0
11328,269,404,0,0,0
11329,269,163,0,0,0
11330,269,110,0,0,0
11331,269,415,0,0,0
11332,269,335,0,0,0
11333,269,157,0,0,0
11334,269,204,0,0,0
11335,269,245,0,0,0
11336,269,252,0,0,0
11337,269,284,0,0,0
11338,269,80,0,0,0
11339,269,186,0,0,0
11340,269,66,0,0,0
11341,269,329,0,0,0
11342,269,170,0,0,0
11343,269,151,0,0,0
11344,269,102,0,0,0
11345,269,274,0,0,0
11346,269,371,0,0,0
11347,269,117,0,0,0
11348,269,134,0,0,0
11349,269,403,0,0,0
11350,269,119,0,0,0
11351,269,393,0,0,0
11352,269,45,0,0,0
11353,269,179,0,0,0
11354,269,389,0,0,0
11355,269,401,0,0,0
11356,269,386,0,0,0
11357,269,364,0,0,0
11358,269,327,0,0,0
11359,269,112,0,0,0
11360,270,282,0,1,0
11361,270,349,0,1,0
11362,270,316,10,1,0
11363,270,112,0,1,0
11364,270,250,99,1,0
11365,270,357,0,1,0
11366,270,415,99,1,0
11367,270,420,0,1,0
11368,270,196,0,1,0
11369,270,325,0,1,0
11370,270,111,99,1,0
11371,270,71,15,1,0
11372,270,70,0,1,0
11373,270,138,0,1,0
11374,270,191,99,1,0
11375,270,335,43,1,0
11376,270,23,0,1,0
11377,270,58,0,1,0
11378,270,296,12,1,0
11379,270,119,99,1,0
11380,270,188,23,1,0
11381,270,93,0,1,0
11382,270,124,4,1,0
11383,270,163,12,1,0
11384,270,423,99,1,0
11385,270,213,0,1,0
11386,270,125,0,1,0
11387,270,389,0,1,0
11388,270,34,0,1,0
11389,270,40,0,1,0
11390,270,203,99,1,0
11391,270,136,3,1,0
11392,270,142,3,1,0
11393,270,193,0,1,0
11394,270,265,0,1,0
11395,270,135,0,1,0
11396,270,184,0,1,0
11397,270,397,0,1,0
11398,270,160,0,1,0
11399,270,168,3,1,0
11400,271,289,0,1,0
11401,271,213,0,1,0
11402,271,20,0,1,0
11403,271,68,0,1,0
11404,271,53,0,1,0
11405,271,190,0,1,0
11406,271,145,0,1,0
11407,271,236,0,1,0
11408,271,174,0,1,0
11409,271,313,0,1,0
11410,271,187,0,1,0
11411,271,283,99,1,0
11412,271,209,0,1,0
11413,271,384,0,1,0
11414,271,127,0,1,0
11415,271,242,4,1,0
11416,271,179,99,1,0
11417,271,320,0,1,0
11418,271,366,0,1,0
11419,271,378,0,1,0
11420,271,322,0,1,0
11421,271,386,0,1,0
11422,271,173,0,1,0
11423,271,211,99,1,0
11424,271,281,0,1,0
11425,271,259,99,1,0
11426,271,318,0,1,0
11427,271,93,4,1,0
11428,271,241,0,1,0
11429,271,226,0,1,0
11430,271,169,0,1,0
11431,271,324,0,1,0
11432,271,36,3,1,0
11433,271,243,8,1,0
11434,271,263,0,1,0
11435,271,438,0,1,0
11436,271,284,3,1,0
11437,271,167,82,1,0
11438,271,428,0,1,0
11439,271,392,0,1,0
11440,272,182,0,0,0
11441,272,344,0,0,0
11442,272,353,0,0,0
11443,272,252,0,0,0
11444,272,410,0,0,0
11445,272,126,0,0,0
11446,272,43,0,0,0
11447,272,148,0,0,0
11448,272,99,0,0,0
11449,272,349,0,0,0
11450,272,21,0,0,0
11451,272,292,0,0,0
11452,272,246,0,0,0
11453,272,418,0,0,0
11454,272,256,0,0,0
11455,272,413,0,0,0
11456,272,127,0,0,0
11457,272,412,0,0,0
11458,272,281,0,0,0
11459,272,61,0,0,0
11460,272,396,0,0,0
11461,272,101,0,0,0
11462,272,391,0,0,0
11463,272,240,0,0,0
11464,272,159,0,0,0
11465,272,125,0,0,0
11466,272,317,0,0,0
11467,272,267,0,0,0
11468,272,203,0,0,0
11469,272,51,0,0,0
11470,272,41,0,0,0
11471,272,155,0,0,0
11472,272,184,0,0,0
11473,272,310,0,0,0
11474,272,241,0,0,0
11475,272,207,0,0,0
11476,272,83,0,0,0
11477,272,352,0,0,0
11478,272,80,0,0,0
11479,272,239,0,0,0
11480,273,88,0,1,0
11481,273,432,1,1,0
11482,273,365,0,1,0
11483,273,303,99,1,0
11484,273,416,1,1,0
11485,273,163,99,1,0
11486,273,129,0,1,0
11487,273,166,99,1,0
11488,273,78,0,1,0
11489,273,261,0,1,0
11490,273,159,99,1,0
11491,273,342,0,1,0
11492,273,123,99,1,0
11493,273,175,99,1,0
11494,273,397,0,1,0
11495,273,427,99,1,0
11496,273,119,99,1,0
11497,273,239,99,1,0
11498,273,71,99,1,0
11499,273,161,0,1,0
11500,273,215,99,1,0
11501,273,252,0,1,0
11502,273,41,0,1,0
11503,273,171,99,1,0
11504,273,29,0,1,0
11505,273,313,0,1,0
11506,273,176,98,1,0
11507,273,53,0,1,0
11508,273,20,0,1,0
11509,273,232,99,1,0
11510,273,285,0,1,0
11511,273,55,99,1,0
11512,273,389,97,1,0
11513,273,130,0,1,0
11514,273,33,0,1,0
11515,273,433,0,1,0
11516,273,22,4,1,0
11517,273,57,0,1,0
11518,273,410,4,1,0
11519,273,279,99,1,0
11520,275,247,0,1,0
11521,275,41,0,1,0
11522,275,328,0,1,0
11523,275,182,0,1,0
11524,275,54,0,1,0
11525,275,281,0,1,0
11526,275,235,0,1,0
11527,275,75,0,1,0
11528,275,435,4,1,0
11529,275,305,0,1,0
11530,275,155,0,1,0
11531,275,166,0,1,0
11532,275,387,0,1,0
11533,275,411,99,1,0
11534,275,93,0,1,0
11535,275,253,0,1,0
11536,275,349,0,1,0
11537,275,316,0,1,0
11538,275,405,0,1,0
11539,275,204,0,1,0
11540,275,186,0,1,0
11541,275,172,0,1,0
11542,275,300,0,1,0
11543,275,324,0,1,0
11544,275,144,0,1,0
11545,275,304,0,1,0
11546,275,337,0,1,0
11547,275,342,0,1,0
11548,275,351,97,1,0
11549,275,66,0,1,0
11550,275,178,0,1,0
11551,275,401,0,1,0
11552,275,34,0,1,0
11553,275,22,0,1,0
11554,275,94,0,1,0
11555,275,308,0,1,0
11556,275,71,4,1,0
11557,275,366,0,1,0
11558,275,206,0,1,0
11559,275,245,0,1,0
11560,276,146,0,1,0
11561,276,130,0,1,0
11562,276,63,99,1,0
11563,276,328,3,1,0
11564,276,184,0,1,0
11565,276,351,99,1,0
11566,276,361,71,1,0
11567,276,68,0,1,0
11568,276,111,99,1,0
11569,276,357,0,1,0
11570,276,40,0,1,0
11571,276,45,0,1,0
11572,276,363,99,1,0
11573,276,200,0,1,0
11574,276,263,0,1,0
11575,276,204,3,1,0
11576,276,349,0,1,0
11577,276,153,0,1,0
11578,276,167,99,1,0
11579,276,107,99,1,0
11580,276,288,0,1,0
11581,276,309,0,1,0
11582,276,369,0,1,0
11583,276,294,99,1,0
11584,276,317,0,1,0
11585,276,148,0,1,0
11586,276,410,4,1,0
11587,276,355,34,1,0
11588,276,29,0,1,0
11589,276,378,0,1,0
11590,276,372,0,1,0
11591,276,213,0,1,0
11592,276,343,99,1,0
11593,276,37,0,1,0
11594,276,429,71,1,0
11595,276,155,80,1,0
11596,276,202,0,1,0
11597,276,233,0,1,0
11598,276,28,0,1,0
11599,276,83,74,1,0
11600,277,376,0,0,0
11601,277,300,0,0,0
11602,277,71,0,0,0
11603,277,109,0,0,0
11604,277,284,0,0,0
11605,277,345,0,0,0
11606,277,116,0,0,0
11607,277,400,0,0,0
11608,277,129,0,0,0
11609,277,74,0,0,0
11610,277,303,0,0,0
11611,277,21,0,0,0
11612,277,37,0,0,0
11613,277,169,0,0,0
11614,277,99,0,0,0
11615,277,235,0,0,0
11616,277,145,0,0,0
11617,277,193,0,0,0
11618,277,343,0,0,0
11619,277,164,0,0,0
11620,277,52,0,0,0
11621,277,119,0,0,0
11622,277,69,0,0,0
11623,277,128,0,0,0
11624,277,146,0,0,0
11625,277,30,0,0,0
11626,277,41,0,0,0
11627,277,340,0,0,0
11628,277,324,0,0,0
11629,277,310,0,0,0
11630,277,436,0,0,0
11631,277,162,0,0,0
11632,277,192,0,0,0
11633,277,425,0,0,0
11634,277,232,0,0,0
11635,277,352,0,0,0
11636,277,50,0,0,0
11637,277,143,0,0,0
11638,277,221,0,0,0
11639,277,206,0,0,0
11640,278,218,0,1,0
11641,278,385,0,1,0
11642,278,247,99,1,0
11643,278,376,0,1,0
11644,278,40,0,1,0
11645,278,124,49,1,0
11646,278,353,0,1,0
11647,278,47,99,1,0
11648,278,135,4,1,0
11649,278,106,0,1,0
11650,278,28,0,1,0
11651,278,436,0,1,0
11652,278,315,20,1,0
11653,278,203,99,1,0
11654,278,316,0,1,0
11655,278,307,99,1,0
11656,278,78,0,1,0
11657,278,200,0,1,0
11658,278,20,0,1,0
11659,278,94,0,1,0
11660,278,61,0,1,0
11661,278,380,0,1,0
11662,278,250,97,1,0
11663,278,110,4,1,0
11664,278,156,0,1,0
11665,278,345,0,1,0
11666,278,403,99,1,0
11667,278,26,20,1,0
11668,278,139,99,1,0
11669,278,46,3,1,0
11670,278,275,99,1,0
11671,278,281,0,1,0
11672,278,148,0,1,0
11673,278,104,0,1,0
11674,278,397,0,1,0
11675,278,90,0,1,0
11676,278,342,0,1,0
11677,278,394,0,1,0
11678,278,82,20,1,0
11679,278,53,0,1,0
11680,279,145,0,1,0
11681,279,252,0,1,0
11682,279,406,0,1,0
11683,279,33,0,1,0
11684,279,340,0,1,0
11685,279,60,0,1,0
11686,279,263,0,1,0
11687,279,176,0,1,0
11688,279,349,0,1,0
11689,279,165,0,1,0
11690,279,245,0,1,0
11691,279,118,0,1,0
11692,279,122,0,1,0
11693,279,374,0,1,0
11694,279,72,0,1,0
11695,279,283,97,1,0
11696,279,221,0,1,0
11697,279,64,0,1,0
11698,279,437,0,1,0
11699,279,382,0,1,0
11700,279,186,0,1,0
11701,279,303,0,1,0
11702,279,281,0,1,0
11703,279,20,0,1,0
11704,279,89,0,1,0
11705,279,430,0,1,0
11706,279,216,0,1,0
11707,279,250,36,1,0
11708,279,185,0,1,0
11709,279,126,0,1,0
11710,279,168,0,1,0
11711,279,417,0,1,0
11712,279,25,0,1,0
11713,279,184,0,1,0
11714,279,195,0,1,0
11715,279,103,99,1,0
11716,279,367,99,1,0
11717,279,295,99,1,0
11718,279,244,0,1,0
11719,279,310,0,1,0
11720,280,302,0,0,0
11721,280,207,0,0,0
11722,280,305,0,0,0
11723,280,191,0,0,0
11724,280,98,0,0,0
11725,280,379,0,0,0
11726,280,436,0,0,0
11727,280,220,0,0,0
11728,280,75,0,0,0
11729,280,21,0,0,0
11730,280,287,0,0,0
11731,280,266,0,0,0
11732,280,163,0,0,0
11733,280,179,0,0,0
11734,280,235,0,0,0
11735,280,370,0,0,0
11736,280,348,0,0,0
11737,280,304,0,0,0
11738,280,430,0,0,0
11739,280,132,0,0,0
11740,280,40,0,0,0
11741,280,56,0,0,0
11742,280,330,0,0,0
11743,280,306,0,0,0
11744,280,301,0,0,0
11745,280,84,0,0,0
11746,280,409,0,0,0
11747,280,82,0,0,0
11748,280,274,0,0,0
11749,280,54,0,0,0
11750,280,362,0,0,0
11751,280,99,0,0,0
11752,280,398,0,0,0
11753,280,128,0,0,0
11754,280,385,0,0,0
11755,280,251,0,0,0
11756,280,29,0,0,0
11757,280,52,0,0,0
11758,280,63,0,0,0
11759,280,217,0,0,0
11760,281,80,0,0,0
11761,281,45,0,0,0
11762,281,341,0,0,0
11763,281,186,0,0,0
11764,281,248,0,0,0
11765,281,114,0,0,0
11766,281,145,0,0,0
11767,281,325,0,0,0
11768,281,291,0,0,0
11769,281,245,0,0,0
11770,281,212,0,0,0
11771,281,117,0,0,0
11772,281,24,0,0,0
11773,281,235,0,0,0
11774,281,356,0,0,0
11775,281,417,0,0,0
11776,281,436,0,0,0
11777,281,174,0,0,0
11778,281,199,0,0,0
11779,281,140,0,0,0
11780,281,253,0,0,0
11781,281,194,0,0,0
11782,281,349,0,0,0
11783,281,136,0,0,0
11784,281,196,0,0,0
11785,281,133,0,0,0
11786,281,324,0,0,0
11787,281,183,0,0,0
11788,281,189,0,0,0
11789,281,55,0,0,0
11790,281,49,0,0,0
11791,281,87,0,0,0
11792,281,86,0,0,0
11793,281,373,0,0,0
11794,281,102,0,0,0
11795,281,54,0,0,0
11796,281,384,0,0,0
11797,281,110,0,0,0
11798,281,360,0,0,0
11799,281,96,0,0,0
11800,282,331,99,1,0
11801,282,367,99,1,0
11802,282,100,4,1,0
11803,282,422,0,1,0
11804,282,205,0,1,0
11805,282,433,0,1,0
11806,282,43,99,1,0
11807,282,165,0,1,0
11808,282,330,0,1,0
11809,282,392,0,1,0
11810,282,355,90,1,0
11811,282,80,0,1,0
11812,282,102,92,1,0
11813,282,60,2,1,0
11814,282,34,0,1,0
11815,282,58,99,1,0
11816,282,374,75,1,0
11817,282,319,99,1,0
11818,282,247,99,1,0
11819,282,225,3,1,0
11820,282,23,99,1,0
11821,282,192,3,1,0
11822,282,28,0,1,0
11823,282,178,0,1,0
11824,282,398,0,1,0
11825,282,258,0,1,0
11826,282,232,99,1,0
11827,282,405,0,1,0
11828,282,251,99,1,0
11829,282,412,0,1,0
11830,282,309,0,1,0
11831,282,263,93,1,0
11832,282,321,0,1,0
11833,282,332,0,1,0
11834,282,184,0,1,0
11835,282,188,13,1,0
11836,282,99,99,1,0
11837,282,29,0,1,0
11838,282,302,0,1,0
11839,282,329,99,1,0
11840,283,331,4,1,0
11841,283,420,0,1,0
11842,283,303,0,1,0
11843,283,401,0,1,0
11844,283,217,0,1,0
11845,283,106,0,1,0
11846,283,196,0,1,0
11847,283,364,0,1,0
11848,283,108,0,1,0
11849,283,176,0,1,0
11850,283,59,99,1,0
11851,283,64,3,1,0
11852,283,371,99,1,0
11853,283,80,0,1,0
11854,283,41,0,1,0
11855,283,264,0,1,0
11856,283,219,0,1,0
11857,283,205,0,1,0
11858,283,267,4,1,0
11859,283,201,0,1,0
11860,283,177,0,1,0
11861,283,151,99,1,0
11862,283,301,0,1,0
11863,283,388,0,1,0
11864,283,351,99,1,0
11865,283,426,0,1,0
11866,283,222,0,1,0
11867,283,314,0,1,0
11868,283,135,0,1,0
11869,283,74,0,1,0
11870,283,224,0,1,0
11871,283,381,0,1,0
11872,283,79,99,1,0
11873,283,316,0,1,0
11874,283,161,0,1,0
11875,283,212,0,1,0
11876,283,252,0,1,0
11877,283,439,99,1,0
11878,283,332,0,1,0
11879,283,165,0,1,0
11880,284,73,0,1,0
11881,284,344,0,1,0
11882,284,199,99,1,0
11883,284,394,1,1,0
11884,284,126,0,1,0
11885,284,367,99,1,0
11886,284,99,99,1,0
11887,284,57,0,1,0
11888,284,203,99,1,0
11889,284,119,99,1,0
11890,284,123,98,1,0
11891,284,42,0,1,0
11892,284,96,0,1,0
11893,284,140,0,1,0
11894,284,208,98,1,0
11895,284,365,0,1,0
11896,284,230,1,1,0
11897,284,431,99,1,0
11898,284,34,0,1,0
11899,284,320,0,1,0
11900,284,279,98,1,0
11901,284,176,0,1,0
11902,284,223,99,1,0
11903,284,115,99,1,0
11904,284,91,99,1,0
11905,284,401,0,1,0
11906,284,316,0,1,0
11907,284,435,98,1,0
11908,284,97,0,1,0
11909,284,76,0,1,0
11910,284,222,0,1,0
11911,284,309,99,1,0
11912,284,87,99,1,0
11913,284,289,0,1,0
11914,284,330,0,1,0
11915,284,414,0,1,0
11916,284,398,0,1,0
11917,284,280,0,1,0
11918,284,396,0,1,0
11919,284,187,99,1,0
11920,285,242,0,0,0
11921,285,369,0,0,0
11922,285,375,0,0,0
11923,285,273,0,0,0
11924,285,118,0,0,0
11925,285,86,0,0,0
11926,285,198,0,0,0
11927,285,45,0,0,0
11928,285,193,0,0,0
11929,285,382,0,0,0
11930,285,439,0,0,0
11931,285,352,0,0,0
11932,285,77,0,0,0
11933,285,27,0,0,0
11934,285,207,0,0,0
11935,285,430,0,0,0
11936,285,202,0,0,0
11937,285,431,0,0,0
11938,285,213,0,0,0
11939,285,237,0,0,0
11940,285,138,0,0,0
11941,285,225,0,0,0
11942,285,391,0,0,0
11943,285,377,0,0,0
11944,285,121,0,0,0
11945,285,210,0,0,0
11946,285,239,0,0,0
11947,285,111,0,0,0
11948,285,167,0,0,0
11949,285,150,0,0,0
11950,285,217,0,0,0
11951,285,324,0,0,0
11952,285,305,0,0,0
11953,285,415,0,0,0
11954,285,107,0,0,0
11955,285,197,0,0,0
11956,285,166,0,0,0
11957,285,256,0,0,0
11958,285,247,0,0,0
11959,285,184,0,0,0
11960,286,74,0,1,0
11961,286,388,0,1,0
11962,286,218,0,1,0
11963,286,159,92,1,0
11964,286,36,23,1,0
11965,286,106,92,1,0
11966,286,68,0,1,0
11967,286,62,11,1,0
11968,286,413,0,1,0
11969,286,417,0,1,0
11970,286,138,0,1,0
11971,286,289,0,1,0
11972,286,200,0,1,0
11973,286,133,0,1,0
11974,286,402,0,1,0
11975,286,194,0,1,0
11976,286,147,99,1,0
11977,286,428,0,1,0
11978,286,102,92,1,0
11979,286,358,3,1,0
11980,286,226,0,1,0
11981,286,197,0,1,0
11982,286,30,92,1,0
11983,286,214,29,1,0
11984,286,208,98,1,0
11985,286,321,0,1,0
11986,286,210,22,1,0
11987,286,92,0,1,0
11988,286,265,0,1,0
11989,286,285,0,1,0
11990,286,126,0,1,0
11991,286,116,0,1,0
11992,286,131,14,1,0
11993,286,231,99,1,0
11994,286,130,0,1,0
11995,286,328,23,1,0
11996,286,28,0,1,0
11997,286,410,0,1,0
11998,286,183,99,1,0
11999,286,352,3,1,0
12000,287,74,0,1,0
12001,287,340,0,1,0
12002,287,188,0,1,0
12003,287,221,0,1,0
12004,287,236,0,1,0
12005,287,95,4,1,0
12006,287,334,0,1,0
12007,287,229,0,1,0
12008,287,64,3,1,0
12009,287,243,16,1,0
12010,287,81,0,1,0
12011,287,201,0,1,0
12012,287,291,99,1,0
12013,287,396,0,1,0
12014,287,398,0,1,0
12015,287,332,0,1,0
12016,287,360,0,1,0
12017,287,431,99,1,0
12018,287,331,4,1,0
12019,287,371,99,1,0
12020,287,101,0,1,0
12021,287,130,0,1,0
12022,287,90,0,1,0
12023,287,422,0,1,0
12024,287,423,99,1,0
12025,287,253,0,1,0
12026,287,123,99,1,0
12027,287,51,99,1,0
12028,287,89,0,1,0
12029,287,182,0,1,0
12030,287,366,0,1,0
12031,287,134,0,1,0
12032,287,34,0,1,0
12033,287,346,0,1,0
12034,287,108,0,1,0
12035,287,257,0,1,0
12036,287,110,4,1,0
12037,287,285,0,1,0
12038,287,392,0,1,0
12039,287,324,0,1,0
12040,288,214,0,0,0
12041,288,319,0,0,0
12042,288,410,0,0,0
12043,288,186,0,0,0
12044,288,120,0,0,0
12045,288,396,0,0,0
12046,288,315,0,0,0
12047,288,334,0,0,0
12048,288,230,0,0,0
12049,288,96,0,0,0
12050,288,369,0,0,0
12051,288,212,0,0,0
12052,288,144,0,0,0
12053,288,199,0,0,0
12054,288,344,0,0,0
12055,288,75,0,0,0
12056,288,425,0,0,0
12057,288,397,0,0,0
12058,288,259,0,0,0
12059,288,304,0,0,0
12060,288,127,0,0,0
12061,288,35,0,0,0
12062,288,308,0,0,0
12063,288,29,0,0,0
12064,288,44,0,0,0
12065,288,287,0,0,0
12066,288,278,0,0,0
12067,288,394,0,0,0
12068,288,160,0,0,0
12069,288,235,0,0,0
12070,288,65,0,0,0
12071,288,364,0,0,0
12072,288,343,0,0,0
12073,288,237,0,0,0
12074,288,232,0,0,0
12075,288,145,0,0,0
12076,288,392,0,0,0
12077,288,350,0,0,0
12078,288,210,0,0,0
12079,288,45,0,0,0
12080,289,384,0,0,0
12081,289,27,0,0,0
12082,289,173,0,0,0
12083,289,161,0,0,0
12084,289,138,0,0,0
12085,289,403,0,0,0
12086,289,181,0,0,0
12087,289,294,0,0,0
12088,289,241,0,0,0
12089,289,121,0,0,0
12090,289,234,0,0,0
12091,289,145,0,0,0
12092,289,325,0,0,0
12093,289,270,0,0,0
12094,289,419,0,0,0
12095,289,267,0,0,0
12096,289,212,0,0,0
12097,289,206,0,0,0
12098,289,307,0,0,0
12099,289,150,0,0,0
12100,289,153,0,0,0
12101,289,156,0,0,0
12102,289,415,0,0,0
12103,289,250,0,0,0
12104,289,421,0,0,0
12105,289,248,0,0,0
12106,289,321,0,0,0
12107,289,111,0,0,0
12108,289,186,0,0,0
12109,289,409,0,0,0
12110,289,224,0,0,0
12111,289,399,0,0,0
12112,289,141,0,0,0
12113,289,323,0,0,0
12114,289,207,0,0,0
12115,289,328,0,0,0
12116,289,326,0,0,0
12117,289,240,0,0,0
12118,289,416,0,0,0
12119,289,396,0,0,0
12120,290,332,0,1,0
12121,290,183,99,1,0
12122,290,202,0,1,0
12123,290,167,99,1,0
12124,290,429,0,1,0
12125,290,383,99,1,0
12126,290,344,11,1,0
12127,290,248,0,1,0
12128,290,82,8,1,0
12129,290,238,8,1,0
12130,290,420,0,1,0
12131,290,22,8,1,0
12132,290,214,0,1,0
12133,290,146,0,1,0
12134,290,402,0,1,0
12135,290,101,0,1,0
12136,290,249,0,1,0
12137,290,155,99,1,0
12138,290,76,8,1,0
12139,290,117,0,1,0
12140,290,403,99,1,0
12141,290,232,8,1,0
12142,290,173,0,1,0
12143,290,406,23,1,0
12144,290,112,0,1,0
12145,290,375,99,1,0
12146,290,319,99,1,0
12147,290,38,0,1,0
12148,290,25,0,1,0
12149,290,221,0,1,0
12150,290,140,42,1,0
12151,290,74,0,1,0
12152,290,29,0,1,0
12153,290,359,99,1,0
12154,290,219,57,1,0
12155,290,184,0,1,0
12156,290,126,0,1,0
12157,290,287,99,1,0
12158,290,414,0,1,0
12159,290,357,0,1,0
12160,291,431,0,1,0
12161,291,344,0,1,0
12162,291,384,0,1,0
12163,291,55,0,1,0
12164,291,59,0,1,0
12165,291,52,0,1,0
12166,291,186,0,1,0
12167,291,223,99,1,0
12168,291,333,0,1,0
12169,291,58,0,1,0
12170,291,327,0,1,0
12171,291,74,0,1,0
12172,291,404,0,1,0
12173,291,208,0,1,0
12174,291,101,0,1,0
12175,291,73,0,1,0
12176,291,42,0,1,0
12177,291,252,0,1,0
12178,291,183,97,1,0
12179,291,142,0,1,0
12180,291,249,0,1,0
12181,291,132,0,1,0
12182,291,217,0,1,0
12183,291,130,0,1,0
12184,291,216,0,1,0
12185,291,234,0,1,0
12186,291,288,0,1,0
12187,291,358,0,1,0
12188,291,412,0,1,0
12189,291,193,0,1,0
12190,291,324,0,1,0
12191,291,392,0,1,0
12192,291,363,0,1,0
12193,291,120,0,1,0
12194,291,312,0,1,0
12195,291,323,0,1,0
12196,291,169,0,1,0
12197,291,189,0,1,0
12198,291,210,0,1,0
12199,291,104,0,1,0
12200,292,293,0,1,0
12201,292,244,4,1,0
12202,292,174,70,1,0
12203,292,332,0,1,0
12204,292,109,97,1,0
12205,292,253,0,1,0
12206,292,258,99,1,0
12207,292,100,0,1,0
12208,292,290,70,1,0
12209,292,78,0,1,0
12210,292,69,0,1,0
12211,292,299,4,1,0
12212,292,286,0,1,0
12213,292,328,0,1,0
12214,292,207,97,1,0
12215,292,122,99,1,0
12216,292,255,4,1,0
12217,292,160,0,1,0
12218,292,178,4,1,0
12219,292,190,0,1,0
12220,292,40,0,1,0
12221,292,355,77,1,0
12222,292,56,97,1,0
12223,292,191,97,1,0
12224,292,435,97,1,0
12225,292,135,77,1,0
12226,292,74,0,1,0
12227,292,383,4,1,0
12228,292,297,0,1,0
12229,292,342,27,1,0
12230,292,281,0,1,0
12231,292,194,4,1,0
12232,292,98,99,1,0
12233,292,425,0,1,0
12234,292,245,99,1,0
12235,292,181,0,1,0
12236,292,187,99,1,0
12237,292,28,0,1,0
12238,292,133,0,1,0
12239,292,57,0,1,0
12240,293,355,0,0,0
12241,293,30,0,0,0
12242,293,65,0,0,0
12243,293,63,0,0,0
12244,293,434,0,0,0
12245,293,73,0,0,0
12246,293,286,0,0,0
12247,293,21,0,0,0
12248,293,335,0,0,0
12249,293,71,0,0,0
12250,293,239,0,0,0
12251,293,257,0,0,0
12252,293,77,0,0,0
12253,293,325,0,0,0
12254,293,145,0,0,0
12255,293,203,0,0,0
12256,293,130,0,0,0
12257,293,234,0,0,0
12258,293,118,0,0,0
12259,293,213,0,0,0
12260,293,20,0,0,0
12261,293,299,0,0,0
12262,293,349,0,0,0
12263,293,395,0,0,0
12264,293,219,0,0,0
12265,293,52,0,0,0
12266,293,180,0,0,0
12267,293,294,0,0,0
12268,293,318,0,0,0
12269,293,390,0,0,0
12270,293,278,0,0,0
12271,293,315,0,0,0
12272,293,125,0,0,0
12273,293,356,0,0,0
12274,293,166,0,0,0
12275,293,108,0,0,0
12276,293,250,0,0,0
12277,293,152,0,0,0
12278,293,113,0,0,0
12279,293,353,0,0,0
12280,294,391,99,1,0
12281,294,229,0,1,0
12282,294,319,99,1,0
12283,294,223,99,1,0
12284,294,337,0,1,0
12285,294,276,0,1,0
12286,294,419,13,1,0
12287,294,184,0,1,0
12288,294,202,36,1,0
12289,294,119,99,1,0
12290,294,131,1,1,0
12291,294,284,23,1,0
12292,294,96,0,1,0
12293,294,206,92,1,0
12294,294,212,3,1,0
12295,294,246,0,1,0
12296,294,62,1,1,0
12297,294,378,0,1,0
12298,294,252,0,1,0
12299,294,187,1,1,0
12300,294,86,0,1,0
12301,294,134,83,1,0
12302,294,238,1,1,0
12303,294,366,0,1,0
12304,294,374,41,1,0
12305,294,346,0,1,0
12306,294,379,18,1,0
12307,294,180,17,1,0
12308,294,431,99,1,0
12309,294,233,0,1,0
12310,294,437,0,1,0
12311,294,83,2,1,0
12312,294,135,1,1,0
12313,294,171,2,1,0
12314,294,343,51,1,0
12315,294,114,1,1,0
12316,294,93,0,1,0
12317,294,338,57,1,0
12318,294,54,0,1,0
12319,294,132,0,1,0
12320,295,124,0,1,0
12321,295,394,0,1,0
12322,295,414,0,1,0
12323,295,274,0,1,0
12324,295,210,9,1,0
12325,295,353,0,1,0
12326,295,275,8,1,0
12327,295,420,0,1,0
12328,295,165,0,1,0
12329,295,305,0,1,0
12330,295,257,0,1,0
12331,295,303,2,1,0
12332,295,409,0,1,0
12333,295,128,0,1,0
12334,295,214,4,1,0
12335,295,117,0,1,0
12336,295,246,0,1,0
12337,295,222,0,1,0
12338,295,213,0,1,0
12339,295,435,0,1,0
12340,295,272,0,1,0
12341,295,392,0,1,0
12342,295,429,0,1,0
12343,295,334,0,1,0
12344,295,400,0,1,0
12345,295,137,0,1,0
12346,295,163,0,1,0
12347,295,204,0,1,0
12348,295,158,0,1,0
12349,295,144,0,1,0
12350,295,112,0,1,0
12351,295,74,0,1,0
12352,295,202,4,1,0
12353,295,125,0,1,0
12354,295,200,0,1,0
12355,295,413,0,1,0
12356,295,329,0,1,0
12357,295,349,0,1,0
12358,295,255,0,1,0
12359,295,190,0,1,0
12360,296,416,0,1,0
12361,296,407,98,1,0
12362,296,239,85,1,0
12363,296,251,92,1,0
12364,296,361,0,1,0
12365,296,195,0,1,0
12366,296,435,85,1,0
12367,296,142,0,1,0
12368,296,65,0,1,0
12369,296,309,93,1,0
12370,296,312,0,1,0
12371,296,188,71,1,0
12372,296,252,0,1,0
12373,296,111,85,1,0
12374,296,240,0,1,0
12375,296,202,99,1,0
12376,296,209,0,1,0
12377,296,263,99,1,0
12378,296,46,98,1,0
12379,296,26,71,1,0
12380,296,273,0,1,0
12381,296,311,99,1,0
12382,296,358,0,1,0
12383,296,51,92,1,0
12384,296,275,99,1,0
12385,296,286,0,1,0
12386,296,53,0,1,0
12387,296,157,0,1,0
12388,296,426,74,1,0
12389,296,214,99,1,0
12390,296,342,22,1,0
12391,296,85,0,1,0
12392,296,178,98,1,0
12393,296,299,0,1,0
12394,296,392,0,1,0
12395,296,370,4,1,0
12396,296,138,0,1,0
12397,296,398,0,1,0
12398,296,231,85,1,0
12399,296,232,71,1,0
12400,297,137,0,0,0
12401,297,166,0,0,0
12402,297,173,0,0,0
12403,297,265,0,0,0
12404,297,371,0,0,0
12405,297,435,0,0,0
12406,297,263,0,0,0
12407,297,321,0,0,0
12408,297,316,0,0,0
12409,297,193,0,0,0
12410,297,93,0,0,0
12411,297,169,0,0,0
12412,297,39,0,0,0
12413,297,20,0,0,0
12414,297,90,0,0,0
12415,297,104,0,0,0
12416,297,301,0,0,0
12417,297,377,0,0,0
12418,297,225,0,0,0
12419,297,214,0,0,0
12420,297,164,0,0,0
12421,297,190,0,0,0
12422,297,374,0,0,0
12423,297,95,0,0,0
12424,297,71,0,0,0
12425,297,50,0,0,0
12426,297,327,0,0,0
12427,297,281,0,0,0
12428,297,179,0,0,0
12429,297,438,0,0,0
12430,297,357,0,0,0
12431,297,411,0,0,0
12432,297,257,0,0,0
12433,297,406,0,0,0
12434,297,35,0,0,0
12435,297,373,0,0,0
12436,297,269,0,0,0
12437,297,162,0,0,0
12438,297,70,0,0,0
12439,297,349,0,0,0
12440,298,61,0,0,0
12441,298,106,0,0,0
12442,298,141,0,0,0
12443,298,248,0,0,0
12444,298,396,0,0,0
12445,298,359,0,0,0
12446,298,24,0,0,0
12447,298,194,0,0,0
12448,298,303,0,0,0
12449,298,301,0,0,0
12450,298,261,0,0,0
12451,298,439,0,0,0
12452,298,237,0,0,0
12453,298,365,0,0,0
12454,298,117,0,0,0
12455,298,131,0,0,0
12456,298,99,0,0,0
12457,298,251,0,0,0
12458,298,305,0,0,0
12459,298,37,0,0,0
12460,298,176,0,0,0
12461,298,116,0,0,0
12462,298,107,0,0,0
12463,298,31,0,0,0
12464,298,344,0,0,0
12465,298,32,0,0,0
12466,298,53,0,0,0
12467,298,299,0,0,0
12468,298,243,0,0,0
12469,298,119,0,0,0
12470,298,421,0,0,0
12471,298,132,0,0,0
12472,298,297,0,0,0
12473,298,332,0,0,0
12474,298,175,0,0,0
12475,298,352,0,0,0
12476,298,346,0,0,0
12477,298,186,0,0,0
12478,298,356,0,0,0
12479,298,87,0,0,0
12480,299,147,99,1,0
12481,299,287,0,1,0
12482,299,262,0,1,0
12483,299,100,4,1,0
12484,299,311,99,1,0
12485,299,207,99,1,0
12486,299,284,0,1,0
12487,299,209,0,1,0
12488,299,76,0,1,0
12489,299,163,0,1,0
12490,299,212,0,1,0
12491,299,103,99,1,0
12492,299,162,0,1,0
12493,299,377,0,1,0
12494,299,331,95,1,0
12495,299,384,0,1,0
12496,299,290,0,1,0
12497,299,313,0,1,0
12498,299,332,0,1,0
12499,299,323,99,1,0
12500,299,196,0,1,0
12501,299,23,83,1,0
12502,299,75,99,1,0
12503,299,139,86,1,0
12504,299,208,28,1,0
12505,299,164,0,1,0
12506,299,381,0,1,0
12507,299,161,0,1,0
12508,299,396,0,1,0
12509,299,406,0,1,0
12510,299,264,0,1,0
12511,299,268,0,1,0
12512,299,294,4,1,0
12513,299,224,0,1,0
12514,299,354,0,1,0
12515,299,113,0,1,0
12516,299,335,99,1,0
12517,299,366,0,1,0
12518,299,183,99,1,0
12519,299,339,97,1,0
12520,300,211,0,1,0
12521,300,156,98,1,0
12522,300,397,98,1,0
12523,300,353,0,1,0
12524,300,104,0,1,0
12525,300,341,0,1,0
12526,300,61,0,1,0
12527,300,140,0,1,0
12528,300,331,98,1,0
12529,300,29,0,1,0
12530,300,167,98,1,0
12531,300,69,0,1,0
12532,300,422,0,1,0
12533,300,312,0,1,0
12534,300,398,98,1,0
12535,300,367,0,1,0
12536,300,429,98,1,0
12537,300,364,0,1,0
12538,300,26,98,1,0
12539,300,402,0,1,0
12540,300,241,0,1,0
12541,300,430,0,1,0
12542,300,32,0,1,0
12543,300,70,98,1,0
12544,300,294,0,1,0
12545,300,106,98,1,0
12546,300,400,98,1,0
12547,300,213,0,1,0
12548,300,358,45,1,0
12549,300,296,98,1,0
12550,300,412,0,1,0
12551,300,58,98,1,0
12552,300,332,0,1,0
12553,300,137,98,1,0
12554,300,153,0,1,0
12555,300,170,98,1,0
12556,300,152,98,1,0
12557,300,50,98,1,0
12558,300,298,0,1,0
12559,300,208,98,1,0
12560,302,181,0,1,0
12561,302,425,0,1,0
12562,302,66,81,1,0
12563,302,318,0,1,0
12564,302,390,50,1,0
12565,302,246,20,1,0
12566,302,261,0,1,0
12567,302,325,0,1,0
12568,302,170,38,1,0
12569,302,399,99,1,0
12570,302,291,99,1,0
12571,302,182,20,1,0
12572,302,167,99,1,0
12573,302,313,0,1,0
12574,302,274,96,1,0
12575,302,45,0,1,0
12576,302,388,0,1,0
12577,302,225,1,1,0
12578,302,367,99,1,0
12579,302,210,6,1,0
12580,302,144,3,1,0
12581,302,248,0,1,0
12582,302,31,64,1,0
12583,302,319,99,1,0
12584,302,439,98,1,0
12585,302,326,0,1,0
12586,302,241,0,1,0
12587,302,369,0,1,0
12588,302,245,20,1,0
12589,302,424,1,1,0
12590,302,62,47,1,0
12591,302,57,0,1,0
12592,302,186,0,1,0
12593,302,91,99,1,0
12594,302,20,0,1,0
12595,302,405,0,1,0
12596,302,433,0,1,0
12597,302,434,99,1,0
12598,302,381,0,1,0
12599,302,392,1,1,0
12600,304,105,0,1,0
12601,304,395,98,1,0
12602,304,69,0,1,0
12603,304,202,0,1,0
12604,304,348,0,1,0
12605,304,182,96,1,0
12606,304,356,2,1,0
12607,304,81,0,1,0
12608,304,237,0,1,0
12609,304,163,96,1,0
12610,304,84,2,1,0
12611,304,302,0,1,0
12612,304,135,98,1,0
12613,304,193,0,1,0
12614,304,255,98,1,0
12615,304,149,0,1,0
12616,304,298,0,1,0
12617,304,102,96,1,0
12618,304,47,98,1,0
12619,304,56,2,1,0
12620,304,230,98,1,0
12621,304,197,0,1,0
12622,304,126,0,1,0
12623,304,363,96,1,0
12624,304,232,11,1,0
12625,304,131,11,1,0
12626,304,313,0,1,0
12627,304,325,0,1,0
12628,304,336,0,1,0
12629,304,201,0,1,0
12630,304,405,0,1,0
12631,304,121,0,1,0
12632,304,357,0,1,0
12633,304,92,98,1,0
12634,304,330,0,1,0
12635,304,370,0,1,0
12636,304,123,98,1,0
12637,304,189,0,1,0
12638,304,110,96,1,0
12639,304,141,0,1,0
12640,305,371,0,0,0
12641,305,350,0,0,0
12642,305,340,0,0,0
12643,305,139,0,0,0
12644,305,237,0,0,0
12645,305,334,0,0,0
12646,305,275,0,0,0
12647,305,62,0,0,0
12648,305,69,0,0,0
12649,305,348,0,0,0
12650,305,66,0,0,0
12651,305,32,0,0,0
12652,305,45,0,0,0
12653,305,380,0,0,0
12654,305,145,0,0,0
12655,305,420,0,0,0
12656,305,155,0,0,0
12657,305,332,0,0,0
12658,305,426,0,0,0
12659,305,307,0,0,0
12660,305,23,0,0,0
12661,305,238,0,0,0
12662,305,131,0,0,0
12663,305,199,0,0,0
12664,305,118,0,0,0
12665,305,285,0,0,0
12666,305,76,0,0,0
12667,305,127,0,0,0
12668,305,261,0,0,0
12669,305,201,0,0,0
12670,305,411,0,0,0
12671,305,361,0,0,0
12672,305,368,0,0,0
12673,305,214,0,0,0
12674,305,140,0,0,0
12675,305,364,0,0,0
12676,305,378,0,0,0
12677,305,247,0,0,0
12678,305,147,0,0,0
12679,305,402,0,0,0
12680,308,214,0,0,0
12681,308,412,0,0,0
12682,308,325,0,0,0
12683,308,96,0,0,0
12684,308,369,0,0,0
12685,308,418,0,0,0
12686,308,53,0,0,0
12687,308,78,0,0,0
12688,308,233,0,0,0
12689,308,74,0,0,0
12690,308,288,0,0,0
12691,308,88,0,0,0
12692,308,319,0,0,0
12693,308,318,0,0,0
12694,308,285,0,0,0
12695,308,422,0,0,0
12696,308,343,0,0,0
12697,308,159,0,0,0
12698,308,120,0,0,0
12699,308,362,0,0,0
12700,308,381,0,0,0
12701,308,171,0,0,0
12702,308,195,0,0,0
12703,308,153,0,0,0
12704,308,148,0,0,0
12705,308,405,0,0,0
12706,308,212,0,0,0
12707,308,128,0,0,0
12708,308,68,0,0,0
12709,308,90,0,0,0
12710,308,79,0,0,0
12711,308,151,0,0,0
12712,308,227,0,0,0
12713,308,245,0,0,0
12714,308,92,0,0,0
12715,308,46,0,0,0
12716,308,93,0,0,0
12717,308,216,0,0,0
12718,308,358,0,0,0
12719,308,338,0,0,0
12720,310,117,0,1,0
12721,310,299,99,1,0
12722,310,58,99,1,0
12723,310,284,3,1,0
12724,310,384,0,1,0
12725,310,172,4,1,0
12726,310,239,99,1,0
12727,310,430,0,1,0
12728,310,328,98,1,0
12729,310,322,0,1,0
12730,310,396,0,1,0
12731,310,418,0,1,0
12732,310,347,99,1,0
12733,310,50,0,1,0
12734,310,333,4,1,0
12735,310,280,0,1,0
12736,310,312,0,1,0
12737,310,224,81,1,0
12738,310,215,99,1,0
12739,310,212,3,1,0
12740,310,198,4,1,0
12741,310,115,99,1,0
12742,310,268,0,1,0
12743,310,297,0,1,0
12744,310,98,30,1,0
12745,310,378,0,1,0
12746,310,273,9,1,0
12747,310,221,0,1,0
12748,310,339,99,1,0
12749,310,170,99,1,0
12750,310,180,0,1,0
12751,310,234,4,1,0
12752,310,38,0,1,0
12753,310,122,0,1,0
12754,310,330,0,1,0
12755,310,306,0,1,0
12756,310,415,99,1,0
12757,310,149,0,1,0
12758,310,233,0,1,0
12759,310,186,0,1,0
12760,312,181,0,0,0
12761,312,292,0,0,0
12762,312,164,0,0,0
12763,312,351,0,0,0
12764,312,329,0,0,0
12765,312,267,0,0,0
12766,312,297,0,0,0
12767,312,249,0,0,0
12768,312,416,0,0,0
12769,312,358,0,0,0
12770,312,81,0,0,0
12771,312,304,0,0,0
12772,312,286,0,0,0
12773,312,260,0,0,0
12774,312,244,0,0,0
12775,312,94,0,0,0
12776,312,141,0,0,0
12777,312,324,0,0,0
12778,312,429,0,0,0
12779,312,162,0,0,0
12780,312,361,0,0,0
12781,312,275,0,0,0
12782,312,390,0,0,0
12783,312,415,0,0,0
12784,312,53,0,0,0
12785,312,352,0,0,0
12786,312,334,0,0,0
12787,312,417,0,0,0
12788,312,219,0,0,0
12789,312,387,0,0,0
12790,312,62,0,0,0
12791,312,91,0,0,0
12792,312,161,0,0,0
12793,312,422,0,0,0
12794,312,247,0,0,0
12795,312,143,0,0,0
12796,312,362,0,0,0
12797,312,158,0,0,0
12798,312,427,0,0,0
12799,312,198,0,0,0
12800,313,384,0,0,0
12801,313,252,0,0,0
12802,313,132,0,0,0
12803,313,312,0,0,0
12804,313,114,0,0,0
12805,313,241,0,0,0
12806,313,316,0,0,0
12807,313,233,0,0,0
12808,313,131,0,0,0
12809,313,102,0,0,0
12810,313,438,0,0,0
12811,313,337,0,0,0
12812,313,266,0,0,0
12813,313,43,0,0,0
12814,313,53,0,0,0
12815,313,249,0,0,0
12816,313,392,0,0,0
12817,313,405,0,0,0
12818,313,199,0,0,0
12819,313,322,0,0,0
12820,313,76,0,0,0
12821,313,212,0,0,0
12822,313,139,0,0,0
12823,313,166,0,0,0
12824,313,179,0,0,0
12825,313,425,0,0,0
12826,313,348,0,0,0
12827,313,242,0,0,0
12828,313,230,0,0,0
12829,313,280,0,0,0
12830,313,48,0,0,0
12831,313,163,0,0,0
12832,313,295,0,0,0
12833,313,86,0,0,0
12834,313,397,0,0,0
12835,313,180,0,0,0
12836,313,178,0,0,0
12837,313,64,0,0,0
12838,313,184,0,0,0
12839,313,255,0,0,0
12840,314,215,0,0,0
12841,314,161,0,0,0
12842,314,208,0,0,0
12843,314,252,0,0,0
12844,314,31,0,0,0
12845,314,257,0,0,0
12846,314,373,0,0,0
12847,314,276,0,0,0
12848,314,48,0,0,0
12849,314,380,0,0,0
12850,314,144,0,0,0
12851,314,351,0,0,0
12852,314,300,0,0,0
12853,314,213,0,0,0
12854,314,94,0,0,0
12855,314,289,0,0,0
12856,314,133,0,0,0
12857,314,350,0,0,0
12858,314,419,0,0,0
12859,314,315,0,0,0
12860,314,394,0,0,0
12861,314,113,0,0,0
12862,314,333,0,0,0
12863,314,263,0,0,0
12864,314,262,0,0,0
12865,314,322,0,0,0
12866,314,382,0,0,0
12867,314,285,0,0,0
12868,314,139,0,0,0
12869,314,255,0,0,0
12870,314,50,0,0,0
12871,314,324,0,0,0
12872,314,137,0,0,0
12873,314,270,0,0,0
12874,314,343,0,0,0
12875,314,216,0,0,0
12876,314,51,0,0,0
12877,314,21,0,0,0
12878,314,130,0,0,0
12879,314,132,0,0,0
12880,315,149,0,1,0
12881,315,320,0,1,0
12882,315,91,99,1,0
12883,315,94,0,1,0
12884,315,189,0,1,0
12885,315,411,99,1,0
12886,315,309,4,1,0
12887,315,154,0,1,0
12888,315,437,0,1,0
12889,315,250,2,1,0
12890,315,163,0,1,0
12891,315,408,0,1,0
12892,315,98,0,1,0
12893,315,281,0,1,0
12894,315,187,2,1,0
12895,315,392,0,1,0
12896,315,192,0,1,0
12897,315,334,0,1,0
12898,315,227,99,1,0
12899,315,63,47,1,0
12900,315,97,0,1,0
12901,315,272,0,1,0
12902,315,122,0,1,0
12903,315,291,99,1,0
12904,315,311,99,1,0
12905,315,369,0,1,0
12906,315,389,0,1,0
12907,315,317,0,1,0
12908,315,79,99,1,0
12909,315,23,0,1,0
12910,315,251,36,1,0
12911,315,266,0,1,0
12912,315,360,0,1,0
12913,315,383,0,1,0
12914,315,310,0,1,0
12915,315,247,0,1,0
12916,315,355,0,1,0
12917,315,234,0,1,0
12918,315,216,0,1,0
12919,315,181,0,1,0
12920,316,71,97,1,0
12921,316,223,97,1,0
12922,316,80,0,1,0
12923,316,148,0,1,0
12924,316,304,0,1,0
12925,316,353,0,1,0
12926,316,317,0,1,0
12927,316,420,0,1,0
12928,316,384,0,1,0
12929,316,119,97,1,0
12930,316,343,70,1,0
12931,316,330,0,1,0
12932,316,243,99,1,0
12933,316,207,97,1,0
12934,316,437,0,1,0
12935,316,68,0,1,0
12936,316,66,23,1,0
12937,316,429,4,1,0
12938,316,396,0,1,0
12939,316,397,0,1,0
12940,316,203,97,1,0
12941,316,383,99,1,0
12942,316,373,0,1,0
12943,316,231,97,1,0
12944,316,299,77,1,0
12945,316,277,0,1,0
12946,316,165,0,1,0
12947,316,46,0,1,0
12948,316,273,4,1,0
12949,316,245,99,1,0
12950,316,54,0,1,0
12951,316,222,4,1,0
12952,316,337,0,1,0
12953,316,125,0,1,0
12954,316,136,10,1,0
12955,316,51,97,1,0
12956,316,252,0,1,0
12957,316,187,99,1,0
12958,316,214,96,1,0
12959,316,242,63,1,0
12960,317,307,0,0,0
12961,317,394,0,0,0
12962,317,309,0,0,0
12963,317,195,0,0,0
12964,317,287,0,0,0
12965,317,391,0,0,0
12966,317,252,0,0,0
12967,317,83,0,0,0
12968,317,326,0,0,0
12969,317,124,0,0,0
12970,317,421,0,0,0
12971,317,360,0,0,0
12972,317,266,0,0,0
12973,317,177,0,0,0
12974,317,25,0,0,0
12975,317,235,0,0,0
12976,317,337,0,0,0
12977,317,104,0,0,0
12978,317,257,0,0,0
12979,317,388,0,0,0
12980,317,149,0,0,0
12981,317,387,0,0,0
12982,317,224,0,0,0
12983,317,24,0,0,0
12984,317,190,0,0,0
12985,317,48,0,0,0
12986,317,386,0,0,0
12987,317,284,0,0,0
12988,317,288,0,0,0
12989,317,207,0,0,0
12990,317,319,0,0,0
12991,317,280,0,0,0
12992,317,251,0,0,0
12993,317,106,0,0,0
12994,317,60,0,0,0
12995,317,138,0,0,0
12996,317,160,0,0,0
12997,317,161,0,0,0
12998,317,90,0,0,0
12999,317,408,0,0,0
13000,318,23,0,0,0
13001,318,47,0,0,0
13002,318,116,0,0,0
13003,318,205,0,0,0
13004,318,237,0,0,0
13005,318,340,0,0,0
13006,318,272,0,0,0
13007,318,44,0,0,0
13008,318,221,0,0,0
13009,318,257,0,0,0
13010,318,358,0,0,0
13011,318,267,0,0,0
13012,318,204,0,0,0
13013,318,412,0,0,0
13014,318,60,0,0,0
13015,318,214,0,0,0
13016,318,331,0,0,0
13017,318,100,0,0,0
13018,318,213,0,0,0
13019,318,149,0,0,0
13020,318,195,0,0,0
13021,318,236,0,0,0
13022,318,262,0,0,0
13023,318,411,0,0,0
13024,318,165,0,0,0
13025,318,225,0,0,0
13026,318,404,0,0,0
13027,318,303,0,0,0
13028,318,122,0,0,0
13029,318,394,0,0,0
13030,318,54,0,0,0
13031,318,46,0,0,0
13032,318,369,0,0,0
13033,318,96,0,0,0
13034,318,294,0,0,0
13035,318,227,0,0,0
13036,318,309,0,0,0
13037,318,269,0,0,0
13038,318,220,0,0,0
13039,318,53,0,0,0
13040,319,62,0,1,0
13041,319,102,0,1,0
13042,319,193,0,1,0
13043,319,165,0,1,0
13044,319,315,0,1,0
13045,319,235,0,1,0
13046,319,408,0,1,0
13047,319,180,0,1,0
13048,319,271,0,1,0
13049,319,20,0,1,0
13050,319,39,0,1,0
13051,319,312,0,1,0
13052,319,421,0,1,0
13053,319,84,11,1,0
13054,319,70,0,1,0
13055,319,406,0,1,0
13056,319,198,0,1,0
13057,319,150,8,1,0
13058,319,292,10,1,0
13059,319,107,77,1,0
13060,319,260,0,1,0
13061,319,158,0,1,0
13062,319,186,0,1,0
13063,319,323,8,1,0
13064,319,261,0,1,0
13065,319,435,0,1,0
13066,319,233,0,1,0
13067,319,213,0,1,0
13068,319,122,0,1,0
13069,319,176,10,1,0
13070,319,89,0,1,0
13071,319,308,0,1,0
13072,319,413,10,1,0
13073,319,410,0,1,0
13074,319,290,0,1,0
13075,319,353,0,1,0
13076,319,155,0,1,0
13077,319,212,3,1,0
13078,319,153,0,1,0
13079,319,391,18,1,0
13080,320,60,0,0,0
13081,320,40,0,0,0
13082,320,308,0,0,0
13083,320,189,0,0,0
13084,320,383,0,0,0
13085,320,321,0,0,0
13086,320,404,0,0,0
13087,320,100,0,0,0
13088,320,59,0,0,0
13089,320,347,0,0,0
13090,320,146,0,0,0
13091,320,129,0,0,0
13092,320,324,0,0,0
13093,320,412,0,0,0
13094,320,199,0,0,0
13095,320,293,0,0,0
13096,320,196,0,0,0
13097,320,64,0,0,0
13098,320,351,0,0,0
13099,320,119,0,0,0
13100,320,174,0,0,0
13101,320,416,0,0,0
13102,320,49,0,0,0
13103,320,332,0,0,0
13104,320,179,0,0,0
13105,320,212,0,0,0
13106,320,315,0,0,0
13107,320,415,0,0,0
13108,320,134,0,0,0
13109,320,35,0,0,0
13110,320,239,0,0,0
13111,320,97,0,0,0
13112,320,167,0,0,0
13113,320,233,0,0,0
13114,320,72,0,0,0
13115,320,325,0,0,0
13116,320,188,0,0,0
13117,320,349,0,0,0
13118,320,90,0,0,0
13119,320,292,0,0,0
13120,321,358,0,0,0
13121,321,161,0,0,0
13122,321,412,0,0,0
13123,321,269,0,0,0
13124,321,249,0,0,0
13125,321,107,0,0,0
13126,321,411,0,0,0
13127,321,314,0,0,0
13128,321,203,0,0,0
13129,321,409,0,0,0
13130,321,299,0,0,0
13131,321,122,0,0,0
13132,321,416,0,0,0
13133,321,182,0,0,0
13134,321,27,0,0,0
13135,321,63,0,0,0
13136,321,193,0,0,0
13137,321,104,0,0,0
13138,321,293,0,0,0
13139,321,65,0,0,0
13140,321,117,0,0,0
13141,321,391,0,0,0
13142,321,194,0,0,0
13143,321,199,0,0,0
13144,321,227,0,0,0
13145,321,234,0,0,0
13146,321,167,0,0,0
13147,321,235,0,0,0
13148,321,295,0,0,0
13149,321,143,0,0,0
13150,321,439,0,0,0
13151,321,384,0,0,0
13152,321,380,0,0,0
13153,321,151,0,0,0
13154,321,383,0,0,0
13155,321,248,0,0,0
13156,321,147,0,0,0
13157,321,118,0,0,0
13158,321,106,0,0,0
13159,321,179,0,0,0
13160,322,288,0,0,0
13161,322,115,0,0,0
13162,322,256,0,0,0
13163,322,337,0,0,0
13164,322,377,0,0,0
13165,322,246,0,0,0
13166,322,318,0,0,0
13167,322,416,0,0,0
13168,322,231,0,0,0
13169,322,328,0,0,0
13170,322,75,0,0,0
13171,322,349,0,0,0
13172,322,63,0,0,0
13173,322,217,0,0,0
13174,322,239,0,0,0
13175,322,429,0,0,0
13176,322,36,0,0,0
13177,322,352,0,0,0
13178,322,52,0,0,0
13179,322,384,0,0,0
13180,322,55,0,0,0
13181,322,150,0,0,0
13182,322,90,0,0,0
13183,322,291,0,0,0
13184,322,392,0,0,0
13185,322,329,0,0,0
13186,322,310,0,0,0
13187,322,212,0,0,0
13188,322,317,0,0,0
13189,322,92,0,0,0
13190,322,282,0,0,0
13191,322,168,0,0,0
13192,322,269,0,0,0
13193,322,221,0,0,0
13194,322,396,0,0,0
13195,322,406,0,0,0
13196,322,414,0,0,0
13197,322,207,0,0,0
13198,322,276,0,0,0
13199,322,251,0,0,0
13200,323,425,0,1,0
13201,323,209,0,1,0
13202,323,54,0,1,0
13203,323,221,0,1,0
13204,323,91,65,1,0
13205,323,42,0,1,0
13206,323,204,0,1,0
13207,323,92,0,1,0
13208,323,404,0,1,0
13209,323,78,0,1,0
13210,323,375,69,1,0
13211,323,93,0,1,0
13212,323,167,0,1,0
13213,323,300,0,1,0
13214,323,426,0,1,0
13215,323,366,0,1,0
13216,323,274,0,1,0
13217,323,228,0,1,0
13218,323,415,0,1,0
13219,323,313,0,1,0
13220,323,202,4,1,0
13221,323,394,0,1,0
13222,323,127,0,1,0
13223,323,104,0,1,0
13224,323,58,0,1,0
13225,323,347,0,1,0
13226,323,79,98,1,0
13227,323,342,0,1,0
13228,323,200,0,1,0
13229,323,231,89,1,0
13230,323,145,0,1,0
13231,323,439,99,1,0
13232,323,383,0,1,0
13233,323,299,0,1,0
13234,323,67,0,1,0
13235,323,220,0,1,0
13236,323,52,0,1,0
13237,323,385,0,1,0
13238,323,241,0,1,0
13239,323,76,0,1,0
13240,325,131,0,0,0
13241,325,343,0,0,0
13242,325,35,0,0,0
13243,325,353,0,0,0
13244,325,210,0,0,0
13245,325,261,0,0,0
13246,325,226,0,0,0
13247,325,138,0,0,0
13248,325,162,0,0,0
13249,325,91,0,0,0
13250,325,157,0,0,0
13251,325,244,0,0,0
13252,325,366,0,0,0
13253,325,42,0,0,0
13254,325,30,0,0,0
13255,325,314,0,0,0
13256,325,404,0,0,0
13257,325,151,0,0,0
13258,325,351,0,0,0
13259,325,80,0,0,0
13260,325,231,0,0,0
13261,325,417,0,0,0
13262,325,322,0,0,0
13263,325,50,0,0,0
13264,325,292,0,0,0
13265,325,275,0,0,0
13266,325,175,0,0,0
13267,325,327,0,0,0
13268,325,99,0,0,0
13269,325,370,0,0,0
13270,325,153,0,0,0
13271,325,114,0,0,0
13272,325,264,0,0,0
13273,325,432,0,0,0
13274,325,288,0,0,0
13275,325,169,0,0,0
13276,325,188,0,0,0
13277,325,373,0,0,0
13278,325,201,0,0,0
13279,325,256,0,0,0
13280,326,197,0,0,0
13281,326,87,0,0,0
13282,326,181,0,0,0
13283,326,300,0,0,0
13284,326,318,0,0,0
13285,326,240,0,0,0
13286,326,190,0,0,0
13287,326,81,0,0,0
13288,326,47,0,0,0
13289,326,64,0,0,0
13290,326,68,0,0,0
13291,326,275,0,0,0
13292,326,27,0,0,0
13293,326,143,0,0,0
13294,326,110,0,0,0
13295,326,26,0,0,0
13296,326,304,0,0,0
13297,326,276,0,0,0
13298,326,372,0,0,0
13299,326,97,0,0,0
13300,326,77,0,0,0
13301,326,269,0,0,0
13302,326,92,0,0,0
13303,326,96,0,0,0
13304,326,170,0,0,0
13305,326,36,0,0,0
13306,326,330,0,0,0
13307,326,309,0,0,0
13308,326,324,0,0,0
13309,326,141,0,0,0
13310,326,157,0,0,0
13311,326,244,0,0,0
13312,326,53,0,0,0
13313,326,254,0,0,0
13314,326,152,0,0,0
13315,326,358,0,0,0
13316,326,277,0,0,0
13317,326,421,0,0,0
13318,326,307,0,0,0
13319,326,210,0,0,0
13320,327,87,11,1,0
13321,327,329,0,1,0
13322,327,323,90,1,0
13323,327,132,4,1,0
13324,327,354,0,1,0
13325,327,425,0,1,0
13326,327,418,0,1,0
13327,327,202,4,1,0
13328,327,352,0,1,0
13329,327,126,0,1,0
13330,327,307,98,1,0
13331,327,407,99,1,0
13332,327,182,0,1,0
13333,327,422,0,1,0
13334,327,350,0,1,0
13335,327,180,0,1,0
13336,327,260,0,1,0
13337,327,414,0,1,0
13338,327,258,0,1,0
13339,327,74,0,1,0
13340,327,122,0,1,0
13341,327,193,0,1,0
13342,327,196,0,1,0
13343,327,383,0,1,0
13344,327,135,9,1,0
13345,327,309,4,1,0
13346,327,266,0,1,0
13347,327,316,0,1,0
13348,327,281,0,1,0
13349,327,29,0,1,0
13350,327,411,99,1,0
13351,327,50,0,1,0
13352,327,396,0,1,0
13353,327,53,0,1,0
13354,327,60,0,1,0
13355,327,341,0,1,0
13356,327,340,0,1,0
13357,327,365,0,1,0
13358,327,54,0,1,0
13359,327,115,14,1,0
13360,328,159,98,1,0
13361,328,82,87,1,0
13362,328,378,0,1,0
13363,328,74,0,1,0
13364,328,308,0,1,0
13365,328,110,0,1,0
13366,328,296,98,1,0
13367,328,339,91,1,0
13368,328,73,0,1,0
13369,328,67,91,1,0
13370,328,184,0,1,0
13371,328,343,98,1,0
13372,328,358,43,1,0
13373,328,205,0,1,0
13374,328,359,99,1,0
13375,328,408,0,1,0
13376,328,283,98,1,0
13377,328,68,0,1,0
13378,328,76,0,1,0
13379,328,37,0,1,0
13380,328,130,0,1,0
13381,328,309,96,1,0
13382,328,133,0,1,0
13383,328,46,96,1,0
13384,328,383,98,1,0
13385,328,202,99,1,0
13386,328,369,0,1,0
13387,328,28,0,1,0
13388,328,329,98,1,0
13389,328,342,4,1,0
13390,328,266,0,1,0
13391,328,108,0,1,0
13392,328,98,1,1,0
13393,328,300,0,1,0
13394,328,172,0,1,0
13395,328,287,98,1,0
13396,328,269,0,1,0
13397,328,57,0,1,0
13398,328,367,99,1,0
13399,328,233,0,1,0
13400,329,27,99,1,0
13401,329,106,0,1,0
13402,329,350,0,1,0
13403,329,97,0,1,0
13404,329,361,0,1,0
13405,329,265,0,1,0
13406,329,30,0,1,0
13407,329,208,98,1,0
13408,329,411,99,1,0
13409,329,65,0,1,0
13410,329,168,0,1,0
13411,329,310,0,1,0
13412,329,254,0,1,0
13413,329,382,93,1,0
13414,329,268,0,1,0
13415,329,301,0,1,0
13416,329,231,99,1,0
13417,329,96,0,1,0
13418,329,309,0,1,0
13419,329,391,99,1,0
13420,329,408,0,1,0
13421,329,321,0,1,0
13422,329,394,0,1,0
13423,329,402,0,1,0
13424,329,317,0,1,0
13425,329,94,0,1,0
13426,329,200,0,1,0
13427,329,159,99,1,0
13428,329,90,0,1,0
13429,329,221,0,1,0
13430,329,327,99,1,0
13431,329,399,99,1,0
13432,329,318,0,1,0
13433,329,336,0,1,0
13434,329,202,4,1,0
13435,329,153,0,1,0
13436,329,68,0,1,0
13437,329,76,0,1,0
13438,329,206,0,1,0
13439,329,381,0,1,0
13440,330,287,0,0,0
13441,330,128,0,0,0
13442,330,335,0,0,0
13443,330,275,0,0,0
13444,330,24,0,0,0
13445,330,328,0,0,0
13446,330,415,0,0,0
13447,330,199,0,0,0
13448,330,370,0,0,0
13449,330,177,0,0,0
13450,330,269,0,0,0
13451,330,300,0,0,0
13452,330,148,0,0,0
13453,330,170,0,0,0
13454,330,126,0,0,0
13455,330,39,0,0,0
13456,330,347,0,0,0
13457,330,397,0,0,0
13458,330,178,0,0,0
13459,330,316,0,0,0
13460,330,384,0,0,0
13461,330,435,0,0,0
13462,330,62,0,0,0
13463,330,171,0,0,0
13464,330,185,0,0,0
13465,330,43,0,0,0
13466,330,32,0,0,0
13467,330,268,0,0,0
13468,330,73,0,0,0
13469,330,159,0,0,0
13470,330,429,0,0,0
13471,330,26,0,0,0
13472,330,58,0,0,0
13473,330,431,0,0,0
13474,330,46,0,0,0
13475,330,291,0,0,0
13476,330,318,0,0,0
13477,330,348,0,0,0
13478,330,294,0,0,0
13479,330,420,0,0,0
13480,331,113,0,1,0
13481,331,170,2,1,0
13482,331,216,0,1,0
13483,331,227,99,1,0
13484,331,245,0,1,0
13485,331,402,0,1,0
13486,331,107,93,1,0
13487,331,346,0,1,0
13488,331,165,0,1,0
13489,331,433,0,1,0
13490,331,424,0,1,0
13491,331,411,99,1,0
13492,331,60,0,1,0
13493,331,203,99,1,0
13494,331,317,0,1,0
13495,331,231,99,1,0
13496,331,270,0,1,0
13497,331,57,0,1,0
13498,331,85,3,1,0
13499,331,425,0,1,0
13500,331,150,13,1,0
13501,331,212,3,1,0
13502,331,420,0,1,0
13503,331,111,99,1,0
13504,331,241,0,1,0
13505,331,233,0,1,0
13506,331,159,99,1,0
13507,331,382,2,1,0
13508,331,103,99,1,0
13509,331,180,0,1,0
13510,331,88,0,1,0
13511,331,178,0,1,0
13512,331,391,99,1,0
13513,331,419,61,1,0
13514,331,310,0,1,0
13515,331,436,0,1,0
13516,331,41,0,1,0
13517,331,301,0,1,0
13518,331,218,0,1,0
13519,331,51,99,1,0
13520,332,220,0,0,0
13521,332,173,0,0,0
13522,332,312,0,0,0
13523,332,123,0,0,0
13524,332,186,0,0,0
13525,332,211,0,0,0
13526,332,305,0,0,0
13527,332,145,0,0,0
13528,332,22,0,0,0
13529,332,302,0,0,0
13530,332,422,0,0,0
13531,332,419,0,0,0
13532,332,304,0,0,0
13533,332,392,0,0,0
13534,332,317,0,0,0
13535,332,399,0,0,0
13536,332,310,0,0,0
13537,332,300,0,0,0
13538,332,181,0,0,0
13539,332,54,0,0,0
13540,332,62,0,0,0
13541,332,330,0,0,0
13542,332,427,0,0,0
13543,332,255,0,0,0
13544,332,425,0,0,0
13545,332,172,0,0,0
13546,332,127,0,0,0
13547,332,38,0,0,0
13548,332,368,0,0,0
13549,332,256,0,0,0
13550,332,344,0,0,0
13551,332,126,0,0,0
13552,332,177,0,0,0
13553,332,37,0,0,0
13554,332,277,0,0,0
13555,332,85,0,0,0
13556,332,202,0,0,0
13557,332,83,0,0,0
13558,332,358,0,0,0
13559,332,346,0,0,0
13560,333,434,0,1,0
13561,333,157,48,1,0
13562,333,200,0,1,0
13563,333,27,99,1,0
13564,333,243,99,1,0
13565,333,99,99,1,0
13566,333,63,99,1,0
13567,333,301,24,1,0
13568,333,433,0,1,0
13569,333,120,98,1,0
13570,333,180,0,1,0
13571,333,191,99,1,0
13572,333,247,99,1,0
13573,333,267,99,1,0
13574,333,236,0,1,0
13575,333,249,0,1,0
13576,333,95,99,1,0
13577,333,225,0,1,0
13578,333,406,99,1,0
13579,333,211,99,1,0
13580,333,424,0,1,0
13581,333,112,0,1,0
13582,333,382,1,1,0
13583,333,66,99,1,0
13584,333,284,3,1,0
13585,333,115,64,1,0
13586,333,372,0,1,0
13587,333,230,92,1,0
13588,333,416,0,1,0
13589,333,286,99,1,0
13590,333,361,48,1,0
13591,333,291,99,1,0
13592,333,214,26,1,0
13593,333,282,99,1,0
13594,333,318,0,1,0
13595,333,168,98,1,0
13596,333,163,99,1,0
13597,333,379,99,1,0
13598,333,238,8,1,0
13599,333,160,0,1,0
13600,334,331,0,1,0
13601,334,279,0,1,0
13602,334,327,0,1,0
13603,334,277,0,1,0
13604,334,311,0,1,0
13605,334,33,0,1,0
13606,334,266,0,1,0
13607,334,110,0,1,0
13608,334,130,0,1,0
13609,334,145,0,1,0
13610,334,154,0,1,0
13611,334,64,0,1,0
13612,334,265,0,1,0
13613,334,94,0,1,0
13614,334,75,0,1,0
13615,334,95,0,1,0
13616,334,324,0,1,0
13617,334,47,0,1,0
13618,334,36,0,1,0
13619,334,244,0,1,0
13620,334,115,0,1,0
13621,334,146,0,1,0
13622,334,201,0,1,0
13623,334,374,0,1,0
13624,334,404,0,1,0
13625,334,425,0,1,0
13626,334,78,0,1,0
13627,334,66,0,1,0
13628,334,61,0,1,0
13629,334,216,0,1,0
13630,334,262,0,1,0
13631,334,358,0,1,0
13632,334,347,0,1,0
13633,334,205,0,1,0
13634,334,293,0,1,0
13635,334,155,0,1,0
13636,334,234,0,1,0
13637,334,193,0,1,0
13638,334,121,0,1,0
13639,334,23,0,1,0
13640,336,260,0,1,0
13641,336,363,0,1,0
13642,336,266,0,1,0
13643,336,136,0,1,0
13644,336,427,0,1,0
13645,336,173,0,1,0
13646,336,199,0,1,0
13647,336,431,0,1,0
13648,336,330,0,1,0
13649,336,345,0,1,0
13650,336,209,0,1,0
13651,336,347,0,1,0
13652,336,300,0,1,0
13653,336,99,0,1,0
13654,336,263,0,1,0
13655,336,393,0,1,0
13656,336,195,0,1,0
13657,336,384,0,1,0
13658,336,432,0,1,0
13659,336,211,0,1,0
13660,336,410,0,1,0
13661,336,137,0,1,0
13662,336,349,0,1,0
13663,336,40,0,1,0
13664,336,216,0,1,0
13665,336,177,0,1,0
13666,336,71,0,1,0
13667,336,219,0,1,0
13668,336,387,0,1,0
13669,336,428,0,1,0
13670,336,182,0,1,0
13671,336,386,0,1,0
13672,336,318,0,1,0
13673,336,22,0,1,0
13674,336,174,0,1,0
13675,336,67,0,1,0
13676,336,375,0,1,0
13677,336,255,0,1,0
13678,336,287,0,1,0
13679,336,292,0,1,0
13680,337,246,0,0,0
13681,337,104,0,0,0
13682,337,231,0,0,0
13683,337,368,0,0,0
13684,337,213,0,0,0
13685,337,32,0,0,0
13686,337,285,0,0,0
13687,337,425,0,0,0
13688,337,245,0,0,0
13689,337,326,0,0,0
13690,337,254,0,0,0
13691,337,439,0,0,0
13692,337,80,0,0,0
13693,337,107,0,0,0
13694,337,165,0,0,0
13695,337,260,0,0,0
13696,337,356,0,0,0
13697,337,198,0,0,0
13698,337,402,0,0,0
13699,337,42,0,0,0
13700,337,218,0,0,0
13701,337,133,0,0,0
13702,337,220,0,0,0
13703,337,209,0,0,0
13704,337,343,0,0,0
13705,337,91,0,0,0
13706,337,71,0,0,0
13707,337,310,0,0,0
13708,337,176,0,0,0
13709,337,252,0,0,0
13710,337,238,0,0,0
13711,337,324,0,0,0
13712,337,126,0,0,0
13713,337,429,0,0,0
13714,337,69,0,0,0
13715,337,181,0,0,0
13716,337,406,0,0,0
13717,337,292,0,0,0
13718,337,350,0,0,0
13719,337,335,0,0,0
13720,338,55,99,1,0
13721,338,88,0,1,0
13722,338,220,99,1,0
13723,338,366,0,1,0
13724,338,411,99,1,0
13725,338,142,0,1,0
13726,338,129,0,1,0
13727,338,216,0,1,0
13728,338,235,99,1,0
13729,338,437,0,1,0
13730,338,281,0,1,0
13731,338,200,99,1,0
13732,338,21,0,1,0
13733,338,62,63,1,0
13734,338,114,57,1,0
13735,338,218,99,1,0
13736,338,158,0,1,0
13737,338,251,57,1,0
13738,338,211,98,1,0
13739,338,427,99,1,0
13740,338,424,8,1,0
13741,338,336,0,1,0
13742,338,295,98,1,0
13743,338,136,42,1,0
13744,338,210,3,1,0
13745,338,108,0,1,0
13746,338,153,0,1,0
13747,338,308,0,1,0
13748,338,419,99,1,0
13749,338,184,0,1,0
13750,338,241,0,1,0
13751,338,368,0,1,0
13752,338,222,4,1,0
13753,338,229,0,1,0
13754,338,69,0,1,0
13755,338,334,0,1,0
13756,338,266,0,1,0
13757,338,268,0,1,0
13758,338,24,0,1,0
13759,338,376,0,1,0
13760,339,407,93,1,0
13761,339,35,75,1,0
13762,339,90,0,1,0
13763,339,164,0,1,0
13764,339,117,0,1,0
13765,339,150,8,1,0
13766,339,91,98,1,0
13767,339,293,0,1,0
13768,339,141,0,1,0
13769,339,143,99,1,0
13770,339,182,0,1,0
13771,339,404,0,1,0
13772,339,230,0,1,0
13773,339,298,0,1,0
13774,339,418,0,1,0
13775,339,177,0,1,0
13776,339,34,0,1,0
13777,339,309,0,1,0
13778,339,193,0,1,0
13779,339,365,0,1,0
13780,339,115,2,1,0
13781,339,378,0,1,0
13782,339,341,0,1,0
13783,339,212,3,1,0
13784,339,199,0,1,0
13785,339,69,0,1,0
13786,339,83,97,1,0
13787,339,161,0,1,0
13788,339,392,0,1,0
13789,339,308,0,1,0
13790,339,133,0,1,0
13791,339,114,0,1,0
13792,339,413,0,1,0
13793,339,25,0,1,0
13794,339,271,6,1,0
13795,339,189,0,1,0
13796,339,344,0,1,0
13797,339,137,0,1,0
13798,339,292,0,1,0
13799,339,99,98,1,0
13800,340,220,0,1,0
13801,340,395,99,1,0
13802,340,262,0,1,0
13803,340,188,0,1,0
13804,340,118,98,1,0
13805,340,247,98,1,0
13806,340,339,98,1,0
13807,340,319,98,1,0
13808,340,294,0,1,0
13809,340,364,0,1,0
13810,340,284,98,1,0
13811,340,346,77,1,0
13812,340,147,99,1,0
13813,340,149,0,1,0
13814,340,155,98,1,0
13815,340,32,0,1,0
13816,340,377,0,1,0
13817,340,361,9,1,0
13818,340,64,98,1,0
13819,340,321,0,1,0
13820,340,178,98,1,0
13821,340,328,98,1,0
13822,340,222,52,1,0
13823,340,65,0,1,0
13824,340,439,98,1,0
13825,340,136,98,1,0
13826,340,56,0,1,0
13827,340,243,98,1,0
13828,340,362,98,1,0
13829,340,274,77,1,0
13830,340,146,0,1,0
13831,340,276,0,1,0
13832,340,344,0,1,0
13833,340,52,0,1,0
13834,340,296,98,1,0
13835,340,322,0,1,0
13836,340,438,92,1,0
13837,340,190,0,1,0
13838,340,358,98,1,0
13839,340,26,98,1,0
13840,344,212,98,1,0
13841,344,387,98,1,0
13842,344,149,0,1,0
13843,344,87,99,1,0
13844,344,190,0,1,0
13845,344,155,96,1,0
13846,344,277,0,1,0
13847,344,44,0,1,0
13848,344,280,0,1,0
13849,344,139,3,1,0
13850,344,430,0,1,0
13851,344,425,0,1,0
13852,344,131,96,1,0
13853,344,206,3,1,0
13854,344,353,0,1,0
13855,344,47,3,1,0
13856,344,225,96,1,0
13857,344,76,96,1,0
13858,344,398,0,1,0
13859,344,308,0,1,0
13860,344,301,98,1,0
13861,344,406,98,1,0
13862,344,50,96,1,0
13863,344,56,0,1,0
13864,344,173,0,1,0
13865,344,234,0,1,0
13866,344,332,0,1,0
13867,344,375,78,1,0
13868,344,257,0,1,0
13869,344,325,0,1,0
13870,344,392,96,1,0
13871,344,303,96,1,0
13872,344,237,0,1,0
13873,344,26,96,1,0
13874,344,349,0,1,0
13875,344,437,0,1,0
13876,344,376,0,1,0
13877,344,282,0,1,0
13878,344,400,0,1,0
13879,344,118,98,1,0
13880,345,176,0,0,0
13881,345,157,0,0,0
13882,345,437,0,0,0
13883,345,144,0,0,0
13884,345,302,0,0,0
13885,345,411,0,0,0
13886,345,331,0,0,0
13887,345,312,0,0,0
13888,345,127,0,0,0
13889,345,389,0,0,0
13890,345,205,0,0,0
13891,345,172,0,0,0
13892,345,269,0,0,0
13893,345,260,0,0,0
13894,345,86,0,0,0
13895,345,439,0,0,0
13896,345,398,0,0,0
13897,345,329,0,0,0
13898,345,378,0,0,0
13899,345,259,0,0,0
13900,345,195,0,0,0
13901,345,430,0,0,0
13902,345,338,0,0,0
13903,345,192,0,0,0
13904,345,123,0,0,0
13905,345,171,0,0,0
13906,345,45,0,0,0
13907,345,315,0,0,0
13908,345,385,0,0,0
13909,345,280,0,0,0
13910,345,117,0,0,0
13911,345,109,0,0,0
13912,345,313,0,0,0
13913,345,52,0,0,0
13914,345,376,0,0,0
13915,345,410,0,0,0
13916,345,160,0,0,0
13917,345,362,0,0,0
13918,345,112,0,0,0
13919,345,169,0,0,0
13920,347,303,13,1,0
13921,347,304,0,1,0
13922,347,380,0,1,0
13923,347,192,3,1,0
13924,347,215,99,1,0
13925,347,228,0,1,0
13926,347,89,0,1,0
13927,347,320,0,1,0
13928,347,55,99,1,0
13929,347,209,0,1,0
13930,347,137,0,1,0
13931,347,262,0,1,0
13932,347,146,0,1,0
13933,347,357,0,1,0
13934,347,49,0,1,0
13935,347,217,0,1,0
13936,347,188,0,1,0
13937,347,120,0,1,0
13938,347,316,0,1,0
13939,347,422,0,1,0
13940,347,196,0,1,0
13941,347,226,0,1,0
13942,347,128,0,1,0
13943,347,170,13,1,0
13944,347,375,99,1,0
13945,347,292,0,1,0
13946,347,254,9,1,0
13947,347,147,99,1,0
13948,347,305,0,1,0
13949,347,364,0,1,0
13950,347,348,0,1,0
13951,347,310,0,1,0
13952,347,427,99,1,0
13953,347,105,0,1,0
13954,347,368,0,1,0
13955,347,249,0,1,0
13956,347,35,18,1,0
13957,347,230,0,1,0
13958,347,317,0,1,0
13959,347,415,99,1,0
13960,349,288,0,1,0
13961,349,411,99,1,0
13962,349,123,99,1,0
13963,349,179,99,1,0
13964,349,62,11,1,0
13965,349,60,96,1,0
13966,349,312,0,1,0
13967,349,222,0,1,0
13968,349,93,99,1,0
13969,349,45,0,1,0
13970,349,340,3,1,0
13971,349,289,0,1,0
13972,349,295,99,1,0
13973,349,181,0,1,0
13974,349,22,99,1,0
13975,349,269,0,1,0
13976,349,395,99,1,0
13977,349,282,99,1,0
13978,349,262,0,1,0
13979,349,317,0,1,0
13980,349,407,99,1,0
13981,349,366,0,1,0
13982,349,195,99,1,0
13983,349,64,3,1,0
13984,349,409,1,1,0
13985,349,253,0,1,0
13986,349,203,99,1,0
13987,349,33,0,1,0
13988,349,177,0,1,0
13989,349,216,0,1,0
13990,349,408,0,1,0
13991,349,70,0,1,0
13992,349,251,99,1,0
13993,349,150,40,1,0
13994,349,242,99,1,0
13995,349,333,99,1,0
13996,349,361,92,1,0
13997,349,284,3,1,0
13998,349,155,99,1,0
13999,349,63,99,1,0
14000,350,346,4,1,0
14001,350,273,0,1,0
14002,350,103,99,1,0
14003,350,372,0,1,0
14004,350,403,99,1,0
14005,350,114,4,1,0
14006,350,377,0,1,0
14007,350,186,0,1,0
14008,350,266,0,1,0
14009,350,175,99,1,0
14010,350,142,0,1,0
14011,350,193,0,1,0
14012,350,408,0,1,0
14013,350,92,55,1,0
14014,350,102,4,1,0
14015,350,112,0,1,0
14016,350,145,0,1,0
14017,350,52,0,1,0
14018,350,140,0,1,0
14019,350,434,0,1,0
14020,350,386,0,1,0
14021,350,292,0,1,0
14022,350,126,0,1,0
14023,350,171,97,1,0
14024,350,321,0,1,0
14025,350,258,0,1,0
14026,350,348,0,1,0
14027,350,187,99,1,0
14028,350,85,0,1,0
14029,350,353,0,1,0
14030,350,303,99,1,0
14031,350,37,0,1,0
14032,350,24,0,1,0
14033,350,285,0,1,0
14034,350,110,4,1,0
14035,350,211,99,1,0
14036,350,308,0,1,0
14037,350,311,99,1,0
14038,350,357,0,1,0
14039,350,161,0,1,0
14040,351,141,0,1,0
14041,351,327,0,1,0
14042,351,368,0,1,0
14043,351,136,0,1,0
14044,351,32,0,1,0
14045,351,81,0,1,0
14046,351,184,0,1,0
14047,351,46,0,1,0
14048,351,260,0,1,0
14049,351,373,0,1,0
14050,351,68,0,1,0
14051,351,152,0,1,0
14052,351,305,0,1,0
14053,351,31,0,1,0
14054,351,164,0,1,0
14055,351,330,0,1,0
14056,351,320,0,1,0
14057,351,160,0,1,0
14058,351,272,0,1,0
14059,351,211,0,1,0
14060,351,323,0,1,0
14061,351,428,0,1,0
14062,351,270,0,1,0
14063,351,53,0,1,0
14064,351,191,4,1,0
14065,351,87,0,1,0
14066,351,283,0,1,0
14067,351,82,0,1,0
14068,351,189,0,1,0
14069,351,65,0,1,0
14070,351,246,0,1,0
14071,351,226,0,1,0
14072,351,313,0,1,0
14073,351,104,0,1,0
14074,351,365,0,1,0
14075,351,140,0,1,0
14076,351,231,0,1,0
14077,351,337,0,1,0
14078,351,192,0,1,0
14079,351,386,0,1,0
14080,352,304,98,1,0
14081,352,48,0,1,0
14082,352,131,99,1,0
14083,352,300,98,1,0
14084,352,305,0,1,0
14085,352,279,98,1,0
14086,352,234,84,1,0
14087,352,426,98,1,0
14088,352,153,0,1,0
14089,352,372,0,1,0
14090,352,296,98,1,0
14091,352,227,99,1,0
14092,352,332,0,1,0
14093,352,154,0,1,0
14094,352,31,98,1,0
14095,352,79,99,1,0
14096,352,105,0,1,0
14097,352,127,98,1,0
14098,352,124,0,1,0
14099,352,333,56,1,0
14100,352,192,98,1,0
14101,352,360,0,1,0
14102,352,151,99,1,0
14103,352,402,0,1,0
14104,352,271,98,1,0
14105,352,249,0,1,0
14106,352,35,98,1,0
14107,352,121,0,1,0
14108,352,225,98,1,0
14109,352,251,98,1,0
14110,352,359,99,1,0
14111,352,387,98,1,0
14112,352,341,0,1,0
14113,352,297,0,1,0
14114,352,208,98,1,0
14115,352,365,0,1,0
14116,352,147,99,1,0
14117,352,250,0,1,0
14118,352,358,92,1,0
14119,352,164,98,1,0
14120,353,347,0,0,0
14121,353,22,0,0,0
14122,353,365,0,0,0
14123,353,208,0,0,0
14124,353,43,0,0,0
14125,353,102,0,0,0
14126,353,324,0,0,0
14127,353,313,0,0,0
14128,353,245,0,0,0
14129,353,321,0,0,0
14130,353,183,0,0,0
14131,353,304,0,0,0
14132,353,95,0,0,0
14133,353,72,0,0,0
14134,353,85,0,0,0
14135,353,280,0,0,0
14136,353,46,0,0,0
14137,353,303,0,0,0
14138,353,288,0,0,0
14139,353,175,0,0,0
14140,353,158,0,0,0
14141,353,23,0,0,0
14142,353,169,0,0,0
14143,353,251,0,0,0
14144,353,426,0,0,0
14145,353,332,0,0,0
14146,353,264,0,0,0
14147,353,399,0,0,0
14148,353,226,0,0,0
14149,353,232,0,0,0
14150,353,209,0,0,0
14151,353,266,0,0,0
14152,353,48,0,0,0
14153,353,80,0,0,0
14154,353,414,0,0,0
14155,353,171,0,0,0
14156,353,89,0,0,0
14157,353,157,0,0,0
14158,353,356,0,0,0
14159,353,233,0,0,0
14160,354,302,36,1,0
14161,354,283,97,1,0
14162,354,305,0,1,0
14163,354,189,0,1,0
14164,354,114,6,1,0
14165,354,296,0,1,0
14166,354,64,0,1,0
14167,354,107,97,1,0
14168,354,127,97,1,0
14169,354,241,0,1,0
14170,354,342,84,1,0
14171,354,124,0,1,0
14172,354,39,97,1,0
14173,354,269,0,1,0
14174,354,335,97,1,0
14175,354,332,0,1,0
14176,354,69,0,1,0
14177,354,92,97,1,0
14178,354,145,0,1,0
14179,354,287,97,1,0
14180,354,58,6,1,0
14181,354,211,97,1,0
14182,354,355,97,1,0
14183,354,310,90,1,0
14184,354,175,99,1,0
14185,354,149,0,1,0
14186,354,421,0,1,0
14187,354,67,97,1,0
14188,354,210,0,1,0
14189,354,98,4,1,0
14190,354,35,97,1,0
14191,354,431,99,1,0
14192,354,125,0,1,0
14193,354,75,97,1,0
14194,354,197,0,1,0
14195,354,172,99,1,0
14196,354,418,0,1,0
14197,354,132,97,1,0
14198,354,44,0,1,0
14199,354,400,97,1,0
14200,355,436,0,1,0
14201,355,426,0,1,0
14202,355,310,0,1,0
14203,355,287,55,1,0
14204,355,246,4,1,0
14205,355,282,0,1,0
14206,355,205,0,1,0
14207,355,140,0,1,0
14208,355,304,0,1,0
14209,355,200,0,1,0
14210,355,263,22,1,0
14211,355,294,30,1,0
14212,355,178,0,1,0
14213,355,398,0,1,0
14214,355,83,7,1,0
14215,355,295,97,1,0
14216,355,331,4,1,0
14217,355,57,0,1,0
14218,355,141,0,1,0
14219,355,399,92,1,0
14220,355,158,0,1,0
14221,355,107,99,1,0
14222,355,334,0,1,0
14223,355,62,0,1,0
14224,355,106,0,1,0
14225,355,139,92,1,0
14226,355,145,0,1,0
14227,355,300,0,1,0
14228,355,431,99,1,0
14229,355,127,90,1,0
14230,355,265,0,1,0
14231,355,31,24,1,0
14232,355,289,0,1,0
14233,355,49,0,1,0
14234,355,227,99,1,0
14235,355,21,0,1,0
14236,355,351,99,1,0
14237,355,118,0,1,0
14238,355,278,0,1,0
14239,355,352,0,1,0
14240,356,415,78,1,0
14241,356,22,0,1,0
14242,356,259,62,1,0
14243,356,419,98,1,0
14244,356,216,0,1,0
14245,356,341,72,1,0
14246,356,61,0,1,0
14247,356,40,0,1,0
14248,356,334,0,1,0
14249,356,433,0,1,0
14250,356,267,78,1,0
14251,356,49,0,1,0
14252,356,422,72,1,0
14253,356,329,98,1,0
14254,356,368,0,1,0
14255,356,180,72,1,0
14256,356,370,4,1,0
14257,356,37,0,1,0
14258,356,383,96,1,0
14259,356,156,0,1,0
14260,356,326,0,1,0
14261,356,377,98,1,0
14262,356,25,0,1,0
14263,356,263,96,1,0
14264,356,157,0,1,0
14265,356,292,0,1,0
14266,356,230,0,1,0
14267,356,346,0,1,0
14268,356,188,72,1,0
14269,356,178,96,1,0
14270,356,274,0,1,0
14271,356,320,0,1,0
14272,356,352,98,1,0
14273,356,170,96,1,0
14274,356,168,98,1,0
14275,356,127,98,1,0
14276,356,102,0,1,0
14277,356,336,0,1,0
14278,356,208,96,1,0
14279,356,273,3,1,0
14280,357,21,0,0,0
14281,357,80,0,0,0
14282,357,164,0,0,0
14283,357,191,0,0,0
14284,357,120,0,0,0
14285,357,375,0,0,0
14286,357,243,0,0,0
14287,357,371,0,0,0
14288,357,410,0,0,0
14289,357,211,0,0,0
14290,357,304,0,0,0
14291,357,284,0,0,0
14292,357,391,0,0,0
14293,357,266,0,0,0
14294,357,346,0,0,0
14295,357,193,0,0,0
14296,357,145,0,0,0
14297,357,67,0,0,0
14298,357,45,0,0,0
14299,357,123,0,0,0
14300,357,311,0,0,0
14301,357,22,0,0,0
14302,357,414,0,0,0
14303,357,320,0,0,0
14304,357,127,0,0,0
14305,357,251,0,0,0
14306,357,162,0,0,0
14307,357,111,0,0,0
14308,357,246,0,0,0
14309,357,68,0,0,0
14310,357,70,0,0,0
14311,357,182,0,0,0
14312,357,214,0,0,0
14313,357,134,0,0,0
14314,357,64,0,0,0
14315,357,141,0,0,0
14316,357,218,0,0,0
14317,357,339,0,0,0
14318,357,383,0,0,0
14319,357,392,0,0,0
14320,358,191,98,1,0
14321,358,424,3,1,0
14322,358,320,0,1,0
14323,358,267,98,1,0
14324,358,146,0,1,0
14325,358,285,0,1,0
14326,358,94,0,1,0
14327,358,406,12,1,0
14328,358,385,0,1,0
14329,358,209,0,1,0
14330,358,375,98,1,0
14331,358,234,0,1,0
14332,358,394,18,1,0
14333,358,323,98,1,0
14334,358,39,99,1,0
14335,358,32,0,1,0
14336,358,337,0,1,0
14337,358,228,0,1,0
14338,358,371,99,1,0
14339,358,203,99,1,0
14340,358,306,0,1,0
14341,358,420,0,1,0
14342,358,36,48,1,0
14343,358,42,0,1,0
14344,358,321,0,1,0
14345,358,120,50,1,0
14346,358,50,1,1,0
14347,358,382,99,1,0
14348,358,145,0,1,0
14349,358,290,65,1,0
14350,358,177,0,1,0
14351,358,138,0,1,0
14352,358,29,0,1,0
14353,358,298,0,1,0
14354,358,315,98,1,0
14355,358,253,0,1,0
14356,358,27,99,1,0
14357,358,223,99,1,0
14358,358,158,0,1,0
14359,358,31,98,1,0
14360,359,341,0,1,0
14361,359,418,0,1,0
14362,359,162,0,1,0
14363,359,361,0,1,0
14364,359,202,4,1,0
14365,359,146,0,1,0
14366,359,39,0,1,0
14367,359,30,0,1,0
14368,359,403,98,1,0
14369,359,20,0,1,0
14370,359,326,0,1,0
14371,359,380,0,1,0
14372,359,201,0,1,0
14373,359,431,0,1,0
14374,359,217,0,1,0
14375,359,153,0,1,0
14376,359,137,0,1,0
14377,359,270,0,1,0
14378,359,38,0,1,0
14379,359,381,0,1,0
14380,359,397,0,1,0
14381,359,290,0,1,0
14382,359,87,3,1,0
14383,359,425,0,1,0
14384,359,295,0,1,0
14385,359,40,0,1,0
14386,359,374,0,1,0
14387,359,121,0,1,0
14388,359,337,0,1,0
14389,359,228,0,1,0
14390,359,420,0,1,0
14391,359,364,0,1,0
14392,359,327,0,1,0
14393,359,45,0,1,0
14394,359,278,0,1,0
14395,359,216,0,1,0
14396,359,102,0,1,0
14397,359,293,0,1,0
14398,359,97,0,1,0
14399,359,117,0,1,0
14400,360,398,0,0,0
14401,360,176,0,0,0
14402,360,117,0,0,0
14403,360,269,0,0,0
14404,360,380,0,0,0
14405,360,297,0,0,0
14406,360,90,0,0,0
14407,360,116,0,0,0
14408,360,334,0,0,0
14409,360,379,0,0,0
14410,360,47,0,0,0
14411,360,170,0,0,0
14412,360,51,0,0,0
14413,360,193,0,0,0
14414,360,291,0,0,0
14415,360,374,0,0,0
14416,360,276,0,0,0
14417,360,113,0,0,0
14418,360,121,0,0,0
14419,360,81,0,0,0
14420,360,279,0,0,0
14421,360,169,0,0,0
14422,360,156,0,0,0
14423,360,60,0,0,0
14424,360,181,0,0,0
14425,360,65,0,0,0
14426,360,165,0,0,0
14427,360,403,0,0,0
14428,360,157,0,0,0
14429,360,143,0,0,0
14430,360,72,0,0,0
14431,360,262,0,0,0
14432,360,41,0,0,0
14433,360,401,0,0,0
14434,360,76,0,0,0
14435,360,273,0,0,0
14436,360,342,0,0,0
14437,360,307,0,0,0
14438,360,46,0,0,0
14439,360,99,0,0,0
14440,362,292,0,1,0
14441,362,275,99,1,0
14442,362,72,98,1,0
14443,362,309,93,1,0
14444,362,271,99,1,0
14445,362,225,92,1,0
14446,362,217,0,1,0
14447,362,297,0,1,0
14448,362,295,99,1,0
14449,362,337,0,1,0
14450,362,127,99,1,0
14451,362,398,53,1,0
14452,362,333,28,1,0
14453,362,23,95,1,0
14454,362,289,0,1,0
14455,362,136,98,1,0
14456,362,382,93,1,0
14457,362,65,0,1,0
14458,362,415,99,1,0
14459,362,112,0,1,0
14460,362,238,99,1,0
14461,362,132,8,1,0
14462,362,166,99,1,0
14463,362,247,99,1,0
14464,362,363,95,1,0
14465,362,176,98,1,0
14466,362,115,99,1,0
14467,362,66,97,1,0
14468,362,426,99,1,0
14469,362,259,99,1,0
14470,362,278,20,1,0
14471,362,118,99,1,0
14472,362,372,0,1,0
14473,362,232,99,1,0
14474,362,193,0,1,0
14475,362,231,99,1,0
14476,362,273,0,1,0
14477,362,29,0,1,0
14478,362,158,0,1,0
14479,362,196,0,1,0
14480,364,365,0,0,0
14481,364,26,0,0,0
14482,364,24,0,0,0
14483,364,169,0,0,0
14484,364,260,0,0,0
14485,364,381,0,0,0
14486,364,411,0,0,0
14487,364,258,0,0,0
14488,364,367,0,0,0
14489,364,89,0,0,0
14490,364,360,0,0,0
14491,364,75,0,0,0
14492,364,137,0,0,0
14493,364,426,0,0,0
14494,364,369,0,0,0
14495,364,208,0,0,0
14496,364,124,0,0,0
14497,364,194,0,0,0
14498,364,433,0,0,0
14499,364,241,0,0,0
14500,364,233,0,0,0
14501,364,152,0,0,0
14502,364,176,0,0,0
14503,364,267,0,0,0
14504,364,41,0,0,0
14505,364,230,0,0,0
14506,364,327,0,0,0
14507,364,170,0,0,0
14508,364,79,0,0,0
14509,364,200,0,0,0
14510,364,210,0,0,0
14511,364,38,0,0,0
14512,364,240,0,0,0
14513,364,276,0,0,0
14514,364,67,0,0,0
14515,364,354,0,0,0
14516,364,147,0,0,0
14517,364,162,0,0,0
14518,364,113,0,0,0
14519,364,408,0,0,0
14520,365,246,0,0,0
14521,365,319,0,0,0
14522,365,308,0,0,0
14523,365,44,0,0,0
14524,365,43,0,0,0
14525,365,240,0,0,0
14526,365,253,0,0,0
14527,365,373,0,0,0
14528,365,396,0,0,0
14529,365,231,0,0,0
14530,365,302,0,0,0
14531,365,268,0,0,0
14532,365,36,0,0,0
14533,365,287,0,0,0
14534,365,86,0,0,0
14535,365,395,0,0,0
14536,365,111,0,0,0
14537,365,188,0,0,0
14538,365,92,0,0,0
14539,365,51,0,0,0
14540,365,368,0,0,0
14541,365,22,0,0,0
14542,365,342,0,0,0
14543,365,401,0,0,0
14544,365,184,0,0,0
14545,365,437,0,0,0
14546,365,152,0,0,0
14547,365,417,0,0,0
14548,365,113,0,0,0
14549,365,430,0,0,0
14550,365,211,0,0,0
14551,365,336,0,0,0
14552,365,324,0,0,0
14553,365,282,0,0,0
14554,365,137,0,0,0
14555,365,432,0,0,0
14556,365,404,0,0,0
14557,365,354,0,0,0
14558,365,227,0,0,0
14559,365,67,0,0,0
14560,366,305,0,1,0
14561,366,80,0,1,0
14562,366,167,0,1,0
14563,366,21,0,1,0
14564,366,357,0,1,0
14565,366,222,0,1,0
14566,366,370,0,1,0
14567,366,300,0,1,0
14568,366,61,0,1,0
14569,366,161,0,1,0
14570,366,181,0,1,0
14571,366,262,0,1,0
14572,366,133,0,1,0
14573,366,149,0,1,0
14574,366,399,0,1,0
14575,366,202,0,1,0
14576,366,272,0,1,0
14577,366,339,0,1,0
14578,366,87,0,1,0
14579,366,105,0,1,0
14580,366,153,0,1,0
14581,366,299,0,1,0
14582,366,435,0,1,0
14583,366,86,0,1,0
14584,366,324,0,1,0
14585,366,281,0,1,0
14586,366,330,0,1,0
14587,366,190,0,1,0
14588,366,436,0,1,0
14589,366,211,0,1,0
14590,366,156,0,1,0
14591,366,79,0,1,0
14592,366,119,0,1,0
14593,366,427,0,1,0
14594,366,192,0,1,0
14595,366,53,0,1,0
14596,366,373,0,1,0
14597,366,93,0,1,0
14598,366,179,0,1,0
14599,366,37,0,1,0
14600,367,372,0,1,0
14601,367,109,0,1,0
14602,367,327,0,1,0
14603,367,354,0,1,0
14604,367,218,0,1,0
14605,367,243,0,1,0
14606,367,304,0,1,0
14607,367,260,0,1,0
14608,367,288,0,1,0
14609,367,183,0,1,0
14610,367,364,0,1,0
14611,367,363,0,1,0
14612,367,391,0,1,0
14613,367,181,0,1,0
14614,367,303,0,1,0
14615,367,214,0,1,0
14616,367,331,0,1,0
14617,367,291,0,1,0
14618,367,135,0,1,0
14619,367,341,0,1,0
14620,367,281,0,1,0
14621,367,295,0,1,0
14622,367,226,0,1,0
14623,367,382,0,1,0
14624,367,94,0,1,0
14625,367,432,0,1,0
14626,367,275,0,1,0
14627,367,315,0,1,0
14628,367,263,0,1,0
14629,367,254,0,1,0
14630,367,406,0,1,0
14631,367,251,0,1,0
14632,367,82,0,1,0
14633,367,194,0,1,0
14634,367,69,0,1,0
14635,367,418,0,1,0
14636,367,120,0,1,0
14637,367,266,0,1,0
14638,367,279,0,1,0
14639,367,424,0,1,0
14640,368,430,0,0,0
14641,368,307,0,0,0
14642,368,189,0,0,0
14643,368,305,0,0,0
14644,368,377,0,0,0
14645,368,284,0,0,0
14646,368,210,0,0,0
14647,368,118,0,0,0
14648,368,249,0,0,0
14649,368,178,0,0,0
14650,368,109,0,0,0
14651,368,371,0,0,0
14652,368,224,0,0,0
14653,368,51,0,0,0
14654,368,203,0,0,0
14655,368,251,0,0,0
14656,368,145,0,0,0
14657,368,352,0,0,0
14658,368,410,0,0,0
14659,368,265,0,0,0
14660,368,309,0,0,0
14661,368,21,0,0,0
14662,368,115,0,0,0
14663,368,20,0,0,0
14664,368,70,0,0,0
14665,368,191,0,0,0
14666,368,30,0,0,0
14667,368,226,0,0,0
14668,368,211,0,0,0
14669,368,140,0,0,0
14670,368,417,0,0,0
14671,368,306,0,0,0
14672,368,150,0,0,0
14673,368,431,0,0,0
14674,368,85,0,0,0
14675,368,370,0,0,0
14676,368,168,0,0,0
14677,368,225,0,0,0
14678,368,107,0,0,0
14679,368,39,0,0,0
14680,369,120,0,0,0
14681,369,200,0,0,0
14682,369,424,0,0,0
14683,369,406,0,0,0
14684,369,235,0,0,0
14685,369,285,0,0,0
14686,369,176,0,0,0
14687,369,417,0,0,0
14688,369,400,0,0,0
14689,369,66,0,0,0
14690,369,39,0,0,0
14691,369,413,0,0,0
14692,369,426,0,0,0
14693,369,161,0,0,0
14694,369,111,0,0,0
14695,369,23,0,0,0
14696,369,82,0,0,0
14697,369,335,0,0,0
14698,369,325,0,0,0
14699,369,219,0,0,0
14700,369,427,0,0,0
14701,369,321,0,0,0
14702,369,85,0,0,0
14703,369,30,0,0,0
14704,369,438,0,0,0
14705,369,187,0,0,0
14706,369,213,0,0,0
14707,369,383,0,0,0
14708,369,140,0,0,0
14709,369,139,0,0,0
14710,369,177,0,0,0
14711,369,391,0,0,0
14712,369,334,0,0,0
14713,369,258,0,0,0
14714,369,256,0,0,0
14715,369,403,0,0,0
14716,369,115,0,0,0
14717,369,299,0,0,0
14718,369,132,0,0,0
14719,369,268,0,0,0
14720,371,275,0,1,0
14721,371,203,0,1,0
14722,371,192,0,1,0
14723,371,206,0,1,0
14724,371,233,0,1,0
14725,371,281,0,1,0
14726,371,105,0,1,0
14727,371,243,0,1,0
14728,371,213,0,1,0
14729,371,101,0,1,0
14730,371,254,0,1,0
14731,371,40,0,1,0
14732,371,414,0,1,0
14733,371,306,0,1,0
14734,371,167,0,1,0
14735,371,276,0,1,0
14736,371,356,0,1,0
14737,371,298,0,1,0
14738,371,152,0,1,0
14739,371,304,0,1,0
14740,371,438,0,1,0
14741,371,375,0,1,0
14742,371,424,0,1,0
14743,371,401,0,1,0
14744,371,20,0,1,0
14745,371,244,0,1,0
14746,371,189,0,1,0
14747,371,63,0,1,0
14748,371,263,0,1,0
14749,371,381,0,1,0
14750,371,252,0,1,0
14751,371,169,0,1,0
14752,371,199,0,1,0
14753,371,345,0,1,0
14754,371,434,0,1,0
14755,371,156,0,1,0
14756,371,140,0,1,0
14757,371,222,0,1,0
14758,371,419,0,1,0
14759,371,417,0,1,0
14760,372,386,0,0,0
14761,372,137,0,0,0
14762,372,415,0,0,0
14763,372,216,0,0,0
14764,372,306,0,0,0
14765,372,239,0,0,0
14766,372,56,0,0,0
14767,372,378,0,0,0
14768,372,413,0,0,0
14769,372,302,0,0,0
14770,372,119,0,0,0
14771,372,147,0,0,0
14772,372,250,0,0,0
14773,372,429,0,0,0
14774,372,269,0,0,0
14775,372,406,0,0,0
14776,372,362,0,0,0
14777,372,168,0,0,0
14778,372,217,0,0,0
14779,372,357,0,0,0
14780,372,263,0,0,0
14781,372,196,0,0,0
14782,372,292,0,0,0
14783,372,121,0,0,0
14784,372,181,0,0,0
14785,372,68,0,0,0
14786,372,174,0,0,0
14787,372,183,0,0,0
14788,372,110,0,0,0
14789,372,116,0,0,0
14790,372,136,0,0,0
14791,372,328,0,0,0
14792,372,209,0,0,0
14793,372,395,0,0,0
14794,372,81,0,0,0
14795,372,295,0,0,0
14796,372,307,0,0,0
14797,372,30,0,0,0
14798,372,40,0,0,0
14799,372,276,0,0,0
14800,373,204,0,0,0
14801,373,57,0,0,0
14802,373,415,0,0,0
14803,373,228,0,0,0
14804,373,159,0,0,0
14805,373,208,0,0,0
14806,373,331,0,0,0
14807,373,251,0,0,0
14808,373,232,0,0,0
14809,373,267,0,0,0
14810,373,56,0,0,0
14811,373,393,0,0,0
14812,373,385,0,0,0
14813,373,320,0,0,0
14814,373,221,0,0,0
14815,373,247,0,0,0
14816,373,233,0,0,0
14817,373,22,0,0,0
14818,373,106,0,0,0
14819,373,102,0,0,0
14820,373,118,0,0,0
14821,373,349,0,0,0
14822,373,377,0,0,0
14823,373,405,0,0,0
14824,373,388,0,0,0
14825,373,150,0,0,0
14826,373,317,0,0,0
14827,373,312,0,0,0
14828,373,370,0,0,0
14829,373,387,0,0,0
14830,373,299,0,0,0
14831,373,252,0,0,0
14832,373,94,0,0,0
14833,373,258,0,0,0
14834,373,231,0,0,0
14835,373,337,0,0,0
14836,373,64,0,0,0
14837,373,211,0,0,0
14838,373,65,0,0,0
14839,373,357,0,0,0
14840,375,342,0,1,0
14841,375,314,0,1,0
14842,375,132,0,1,0
14843,375,188,0,1,0
14844,375,137,0,1,0
14845,375,339,0,1,0
14846,375,196,0,1,0
14847,375,163,0,1,0
14848,375,241,0,1,0
14849,375,270,0,1,0
14850,375,420,0,1,0
14851,375,47,0,1,0
14852,375,285,0,1,0
14853,375,159,5,1,0
14854,375,171,0,1,0
14855,375,176,0,1,0
14856,375,436,0,1,0
14857,375,91,0,1,0
14858,375,328,0,1,0
14859,375,109,0,1,0
14860,375,412,0,1,0
14861,375,142,3,1,0
14862,375,114,0,1,0
14863,375,382,4,1,0
14864,375,313,0,1,0
14865,375,414,0,1,0
14866,375,438,0,1,0
14867,375,30,0,1,0
14868,375,147,84,1,0
14869,375,428,0,1,0
14870,375,211,84,1,0
14871,375,72,3,1,0
14872,375,419,0,1,0
14873,375,367,99,1,0
14874,375,344,0,1,0
14875,375,377,0,1,0
14876,375,71,0,1,0
14877,375,252,0,1,0
14878,375,261,0,1,0
14879,375,362,0,1,0
14880,376,89,0,0,0
14881,376,401,0,0,0
14882,376,195,0,0,0
14883,376,418,0,0,0
14884,376,170,0,0,0
14885,376,232,0,0,0
14886,376,417,0,0,0
14887,376,68,0,0,0
14888,376,139,0,0,0
14889,376,193,0,0,0
14890,376,324,0,0,0
14891,376,168,0,0,0
14892,376,328,0,0,0
14893,376,78,0,0,0
14894,376,338,0,0,0
14895,376,99,0,0,0
14896,376,352,0,0,0
14897,376,30,0,0,0
14898,376,409,0,0,0
14899,376,44,0,0,0
14900,376,25,0,0,0
14901,376,423,0,0,0
14902,376,426,0,0,0
14903,376,439,0,0,0
14904,376,75,0,0,0
14905,376,351,0,0,0
14906,376,254,0,0,0
14907,376,165,0,0,0
14908,376,23,0,0,0
14909,376,392,0,0,0
14910,376,398,0,0,0
14911,376,413,0,0,0
14912,376,155,0,0,0
14913,376,141,0,0,0
14914,376,278,0,0,0
14915,376,399,0,0,0
14916,376,237,0,0,0
14917,376,116,0,0,0
14918,376,53,0,0,0
14919,376,32,0,0,0
14920,377,141,0,1,0
14921,377,342,4,1,0
14922,377,278,0,1,0
14923,377,199,96,1,0
14924,377,275,99,1,0
14925,377,131,96,1,0
14926,377,45,0,1,0
14927,377,140,0,1,0
14928,377,432,96,1,0
14929,377,179,98,1,0
14930,377,301,98,1,0
14931,377,433,0,1,0
14932,377,317,0,1,0
14933,377,139,72,1,0
14934,377,71,80,1,0
14935,377,392,65,1,0
14936,377,167,96,1,0
14937,377,387,98,1,0
14938,377,55,79,1,0
14939,377,363,96,1,0
14940,377,134,0,1,0
14941,377,224,98,1,0
14942,377,165,0,1,0
14943,377,408,0,1,0
14944,377,417,0,1,0
14945,377,367,99,1,0
14946,377,219,98,1,0
14947,377,56,0,1,0
14948,377,133,0,1,0
14949,377,205,0,1,0
14950,377,124,98,1,0
14951,377,33,0,1,0
14952,377,86,0,1,0
14953,377,333,0,1,0
14954,377,121,0,1,0
14955,377,425,0,1,0
14956,377,268,0,1,0
14957,377,247,68,1,0
14958,377,274,0,1,0
14959,377,292,0,1,0
14960,378,366,0,0,0
14961,378,49,0,0,0
14962,378,418,0,0,0
14963,378,156,0,0,0
14964,378,300,0,0,0
14965,378,24,0,0,0
14966,378,127,0,0,0
14967,378,218,0,0,0
14968,378,188,0,0,0
14969,378,154,0,0,0
14970,378,415,0,0,0
14971,378,155,0,0,0
14972,378,158,0,0,0
14973,378,237,0,0,0
14974,378,240,0,0,0
14975,378,87,0,0,0
14976,378,241,0,0,0
14977,378,57,0,0,0
14978,378,245,0,0,0
14979,378,105,0,0,0
14980,378,410,0,0,0
14981,378,200,0,0,0
14982,378,101,0,0,0
14983,378,347,0,0,0
14984,378,55,0,0,0
14985,378,328,0,0,0
14986,378,116,0,0,0
14987,378,126,0,0,0
14988,378,397,0,0,0
14989,378,72,0,0,0
14990,378,358,0,0,0
14991,378,322,0,0,0
14992,378,195,0,0,0
14993,378,306,0,0,0
14994,378,376,0,0,0
14995,378,91,0,0,0
14996,378,305,0,0,0
14997,378,161,0,0,0
14998,378,26,0,0,0
14999,378,74,0,0,0
15000,379,362,0,1,0
15001,379,284,0,1,0
15002,379,390,0,1,0
15003,379,408,0,1,0
15004,379,270,6,1,0
15005,379,368,0,1,0
15006,379,165,0,1,0
15007,379,323,84,1,0
15008,379,71,55,1,0
15009,379,194,0,1,0
15010,379,343,32,1,0
15011,379,243,0,1,0
15012,379,121,0,1,0
15013,379,303,2,1,0
15014,379,230,0,1,0
15015,379,75,0,1,0
15016,379,206,0,1,0
15017,379,60,0,1,0
15018,379,157,0,1,0
15019,379,102,0,1,0
15020,379,160,0,1,0
15021,379,423,99,1,0
15022,379,361,0,1,0
15023,379,360,0,1,0
15024,379,86,0,1,0
15025,379,219,0,1,0
15026,379,74,0,1,0
15027,379,318,0,1,0
15028,379,221,0,1,0
15029,379,317,0,1,0
15030,379,280,0,1,0
15031,379,136,0,1,0
15032,379,119,99,1,0
15033,379,203,99,1,0
15034,379,438,0,1,0
15035,379,127,0,1,0
15036,379,398,0,1,0
15037,379,405,0,1,0
15038,379,218,0,1,0
15039,379,192,0,1,0
15040,381,161,0,0,0
15041,381,377,0,0,0
15042,381,109,0,0,0
15043,381,386,0,0,0
15044,381,346,0,0,0
15045,381,389,0,0,0
15046,381,279,0,0,0
15047,381,236,0,0,0
15048,381,339,0,0,0
15049,381,211,0,0,0
15050,381,289,0,0,0
15051,381,260,0,0,0
15052,381,323,0,0,0
15053,381,352,0,0,0
15054,381,350,0,0,0
15055,381,280,0,0,0
15056,381,62,0,0,0
15057,381,36,0,0,0
15058,381,387,0,0,0
15059,381,314,0,0,0
15060,381,241,0,0,0
15061,381,202,0,0,0
15062,381,251,0,0,0
15063,381,104,0,0,0
15064,381,49,0,0,0
15065,381,127,0,0,0
15066,381,92,0,0,0
15067,381,243,0,0,0
15068,381,218,0,0,0
15069,381,321,0,0,0
15070,381,179,0,0,0
15071,381,103,0,0,0
15072,381,110,0,0,0
15073,381,167,0,0,0
15074,381,293,0,0,0
15075,381,42,0,0,0
15076,381,58,0,0,0
15077,381,196,0,0,0
15078,381,257,0,0,0
15079,381,252,0,0,0
15080,384,140,0,0,0
15081,384,417,0,0,0
15082,384,75,0,0,0
15083,384,153,0,0,0
15084,384,252,0,0,0
15085,384,28,0,0,0
15086,384,171,0,0,0
15087,384,409,0,0,0
15088,384,47,0,0,0
15089,384,206,0,0,0
15090,384,373,0,0,0
15091,384,87,0,0,0
15092,384,205,0,0,0
15093,384,227,0,0,0
15094,384,143,0,0,0
15095,384,70,0,0,0
15096,384,305,0,0,0
15097,384,246,0,0,0
15098,384,72,0,0,0
15099,384,221,0,0,0
15100,384,280,0,0,0
15101,384,240,0,0,0
15102,384,52,0,0,0
15103,384,403,0,0,0
15104,384,144,0,0,0
15105,384,224,0,0,0
15106,384,65,0,0,0
15107,384,112,0,0,0
15108,384,307,0,0,0
15109,384,263,0,0,0
15110,384,393,0,0,0
15111,384,361,0,0,0
15112,384,279,0,0,0
15113,384,325,0,0,0
15114,384,228,0,0,0
15115,384,407,0,0,0
15116,384,289,0,0,0
15117,384,376,0,0,0
15118,384,40,0,0,0
15119,384,235,0,0,0
15120,385,21,0,0,0
15121,385,65,0,0,0
15122,385,22,0,0,0
15123,385,150,0,0,0
15124,385,355,0,0,0
15125,385,351,0,0,0
15126,385,126,0,0,0
15127,385,132,0,0,0
15128,385,330,0,0,0
15129,385,155,0,0,0
15130,385,439,0,0,0
15131,385,25,0,0,0
15132,385,353,0,0,0
15133,385,57,0,0,0
15134,385,211,0,0,0
15135,385,200,0,0,0
15136,385,259,0,0,0
15137,385,69,0,0,0
15138,385,418,0,0,0
15139,385,136,0,0,0
15140,385,281,0,0,0
15141,385,282,0,0,0
15142,385,70,0,0,0
15143,385,180,0,0,0
15144,385,296,0,0,0
15145,385,344,0,0,0
15146,385,395,0,0,0
15147,385,243,0,0,0
15148,385,234,0,0,0
15149,385,412,0,0,0
15150,385,122,0,0,0
15151,385,300,0,0,0
15152,385,177,0,0,0
15153,385,329,0,0,0
15154,385,401,0,0,0
15155,385,199,0,0,0
15156,385,245,0,0,0
15157,385,375,0,0,0
15158,385,255,0,0,0
15159,385,328,0,0,0
15160,386,107,0,0,0
15161,386,309,0,0,0
15162,386,148,0,0,0
15163,386,226,0,0,0
15164,386,293,0,0,0
15165,386,213,0,0,0
15166,386,234,0,0,0
15167,386,40,0,0,0
15168,386,230,0,0,0
15169,386,146,0,0,0
15170,386,236,0,0,0
15171,386,51,0,0,0
15172,386,377,0,0,0
15173,386,177,0,0,0
15174,386,221,0,0,0
15175,386,112,0,0,0
15176,386,314,0,0,0
15177,386,135,0,0,0
15178,386,310,0,0,0
15179,386,119,0,0,0
15180,386,261,0,0,0
15181,386,250,0,0,0
15182,386,291,0,0,0
15183,386,175,0,0,0
15184,386,182,0,0,0
15185,386,144,0,0,0
15186,386,80,0,0,0
15187,386,323,0,0,0
15188,386,305,0,0,0
15189,386,345,0,0,0
15190,386,413,0,0,0
15191,386,390,0,0,0
15192,386,343,0,0,0
15193,386,335,0,0,0
15194,386,370,0,0,0
15195,386,215,0,0,0
15196,386,289,0,0,0
15197,386,393,0,0,0
15198,386,170,0,0,0
15199,386,209,0,0,0
15200,387,305,0,1,0
15201,387,179,99,1,0
15202,387,358,0,1,0
15203,387,330,0,1,0
15204,387,381,0,1,0
15205,387,106,0,1,0
15206,387,214,0,1,0
15207,387,20,0,1,0
15208,387,237,0,1,0
15209,387,98,0,1,0
15210,387,168,0,1,0
15211,387,217,0,1,0
15212,387,193,0,1,0
15213,387,157,0,1,0
15214,387,292,0,1,0
15215,387,396,0,1,0
15216,387,41,0,1,0
15217,387,395,93,1,0
15218,387,192,3,1,0
15219,387,327,19,1,0
15220,387,199,0,1,0
15221,387,236,0,1,0
15222,387,316,0,1,0
15223,387,383,0,1,0
15224,387,85,3,1,0
15225,387,82,0,1,0
15226,387,402,0,1,0
15227,387,253,0,1,0
15228,387,57,0,1,0
15229,387,323,93,1,0
15230,387,213,0,1,0
15231,387,414,0,1,0
15232,387,269,0,1,0
15233,387,51,99,1,0
15234,387,197,0,1,0
15235,387,48,0,1,0
15236,387,154,0,1,0
15237,387,171,95,1,0
15238,387,84,3,1,0
15239,387,342,0,1,0
15240,388,168,0,0,0
15241,388,204,0,0,0
15242,388,272,0,0,0
15243,388,407,0,0,0
15244,388,245,0,0,0
15245,388,238,0,0,0
15246,388,172,0,0,0
15247,388,371,0,0,0
15248,388,224,0,0,0
15249,388,265,0,0,0
15250,388,359,0,0,0
15251,388,430,0,0,0
15252,388,221,0,0,0
15253,388,84,0,0,0
15254,388,352,0,0,0
15255,388,277,0,0,0
15256,388,330,0,0,0
15257,388,139,0,0,0
15258,388,220,0,0,0
15259,388,102,0,0,0
15260,388,323,0,0,0
15261,388,72,0,0,0
15262,388,88,0,0,0
15263,388,393,0,0,0
15264,388,163,0,0,0
15265,388,67,0,0,0
15266,388,228,0,0,0
15267,388,322,0,0,0
15268,388,374,0,0,0
15269,388,402,0,0,0
15270,388,132,0,0,0
15271,388,296,0,0,0
15272,388,87,0,0,0
15273,388,28,0,0,0
15274,388,189,0,0,0
15275,388,398,0,0,0
15276,388,336,0,0,0
15277,388,32,0,0,0
15278,388,75,0,0,0
15279,388,267,0,0,0
15280,389,223,98,1,0
15281,389,402,0,1,0
15282,389,380,0,1,0
15283,389,208,98,1,0
15284,389,138,0,1,0
15285,389,82,0,1,0
15286,389,202,3,1,0
15287,389,432,10,1,0
15288,389,314,0,1,0
15289,389,427,98,1,0
15290,389,34,0,1,0
15291,389,344,97,1,0
15292,389,157,0,1,0
15293,389,397,0,1,0
15294,389,101,0,1,0
15295,389,113,0,1,0
15296,389,104,0,1,0
15297,389,143,98,1,0
15298,389,187,98,1,0
15299,389,141,0,1,0
15300,389,407,98,1,0
15301,389,317,0,1,0
15302,389,237,0,1,0
15303,389,411,98,1,0
15304,389,51,98,1,0
15305,389,97,0,1,0
15306,389,233,0,1,0
15307,389,41,0,1,0
15308,389,171,98,1,0
15309,389,133,0,1,0
15310,389,428,0,1,0
15311,389,332,0,1,0
15312,389,265,0,1,0
15313,389,115,98,1,0
15314,389,424,0,1,0
15315,389,185,0,1,0
15316,389,241,0,1,0
15317,389,336,0,1,0
15318,389,25,0,1,0
15319,389,44,0,1,0
15320,390,95,99,1,0
15321,390,149,0,1,0
15322,390,290,0,1,0
15323,390,416,0,1,0
15324,390,197,0,1,0
15325,390,129,0,1,0
15326,390,315,99,1,0
15327,390,272,0,1,0
15328,390,229,0,1,0
15329,390,133,0,1,0
15330,390,113,0,1,0
15331,390,389,98,1,0
15332,390,206,99,1,0
15333,390,345,0,1,0
15334,390,244,47,1,0
15335,390,328,67,1,0
15336,390,158,0,1,0
15337,390,414,0,1,0
15338,390,190,0,1,0
15339,390,59,99,1,0
15340,390,220,65,1,0
15341,390,180,0,1,0
15342,390,51,99,1,0
15343,390,135,99,1,0
15344,390,212,3,1,0
15345,390,217,0,1,0
15346,390,183,99,1,0
15347,390,316,0,1,0
15348,390,98,95,1,0
15349,390,350,99,1,0
15350,390,305,0,1,0
15351,390,54,0,1,0
15352,390,279,99,1,0
15353,390,356,92,1,0
15354,390,291,99,1,0
15355,390,52,0,1,0
15356,390,209,0,1,0
15357,390,77,0,1,0
15358,390,201,0,1,0
15359,390,268,0,1,0
15360,393,314,0,0,0
15361,393,401,0,0,0
15362,393,146,0,0,0
15363,393,211,0,0,0
15364,393,230,0,0,0
15365,393,330,0,0,0
15366,393,118,0,0,0
15367,393,115,0,0,0
15368,393,225,0,0,0
15369,393,410,0,0,0
15370,393,382,0,0,0
15371,393,436,0,0,0
15372,393,305,0,0,0
15373,393,86,0,0,0
15374,393,318,0,0,0
15375,393,377,0,0,0
15376,393,364,0,0,0
15377,393,38,0,0,0
15378,393,60,0,0,0
15379,393,266,0,0,0
15380,393,100,0,0,0
15381,393,160,0,0,0
15382,393,158,0,0,0
15383,393,353,0,0,0
15384,393,389,0,0,0
15385,393,299,0,0,0
15386,393,125,0,0,0
15387,393,272,0,0,0
15388,393,68,0,0,0
15389,393,177,0,0,0
15390,393,123,0,0,0
15391,393,213,0,0,0
15392,393,372,0,0,0
15393,393,210,0,0,0
15394,393,194,0,0,0
15395,393,73,0,0,0
15396,393,380,0,0,0
15397,393,61,0,0,0
15398,393,316,0,0,0
15399,393,30,0,0,0
15400,395,84,0,1,0
15401,395,379,4,1,0
15402,395,50,0,1,0
15403,395,354,0,1,0
15404,395,104,0,1,0
15405,395,56,0,1,0
15406,395,238,0,1,0
15407,395,380,0,1,0
15408,395,164,0,1,0
15409,395,110,0,1,0
15410,395,422,0,1,0
15411,395,249,0,1,0
15412,395,21,0,1,0
15413,395,148,0,1,0
15414,395,128,0,1,0
15415,395,366,0,1,0
15416,395,142,0,1,0
15417,395,220,0,1,0
15418,395,335,20,1,0
15419,395,271,0,1,0
15420,395,424,0,1,0
15421,395,144,0,1,0
15422,395,352,0,1,0
15423,395,373,0,1,0
15424,395,112,0,1,0
15425,395,356,0,1,0
15426,395,338,0,1,0
15427,395,45,0,1,0
15428,395,83,0,1,0
15429,395,67,0,1,0
15430,395,307,98,1,0
15431,395,152,0,1,0
15432,395,414,0,1,0
15433,395,269,0,1,0
15434,395,355,0,1,0
15435,395,228,0,1,0
15436,395,58,4,1,0
15437,395,109,0,1,0
15438,395,227,98,1,0
15439,395,295,91,1,0
15440,397,236,0,1,0
15441,397,410,9,1,0
15442,397,429,3,1,0
15443,397,430,0,1,0
15444,397,303,98,1,0
15445,397,280,0,1,0
15446,397,301,98,1,0
15447,397,148,0,1,0
15448,397,196,0,1,0
15449,397,160,0,1,0
15450,397,161,0,1,0
15451,397,329,98,1,0
15452,397,428,0,1,0
15453,397,117,0,1,0
15454,397,166,4,1,0
15455,397,313,0,1,0
15456,397,331,98,1,0
15457,397,433,0,1,0
15458,397,98,30,1,0
15459,397,262,0,1,0
15460,397,127,98,1,0
15461,397,199,99,1,0
15462,397,152,0,1,0
15463,397,20,0,1,0
15464,397,175,98,1,0
15465,397,248,0,1,0
15466,397,326,0,1,0
15467,397,293,0,1,0
15468,397,73,0,1,0
15469,397,97,0,1,0
15470,397,310,98,1,0
15471,397,45,0,1,0
15472,397,286,98,1,0
15473,397,225,4,1,0
15474,397,35,98,1,0
15475,397,243,98,1,0
15476,397,270,98,1,0
15477,397,70,0,1,0
15478,397,424,4,1,0
15479,397,87,99,1,0
15480,399,430,0,1,0
15481,399,156,0,1,0
15482,399,344,0,1,0
15483,399,310,0,1,0
15484,399,201,0,1,0
15485,399,435,8,1,0
15486,399,79,99,1,0
15487,399,218,0,1,0
15488,399,193,0,1,0
15489,399,277,0,1,0
15490,399,312,0,1,0
15491,399,419,8,1,0
15492,399,146,0,1,0
15493,399,162,0,1,0
15494,399,194,0,1,0
15495,399,53,0,1,0
15496,399,230,0,1,0
15497,399,144,0,1,0
15498,399,225,3,1,0
15499,399,77,0,1,0
15500,399,145,0,1,0
15501,399,295,97,1,0
15502,399,377,0,1,0
15503,399,305,0,1,0
15504,399,62,0,1,0
15505,399,99,99,1,0
15506,399,325,0,1,0
15507,399,160,0,1,0
15508,399,106,0,1,0
15509,399,368,0,1,0
15510,399,304,0,1,0
15511,399,342,0,1,0
15512,399,251,89,1,0
15513,399,397,0,1,0
15514,399,223,99,1,0
15515,399,158,0,1,0
15516,399,272,0,1,0
15517,399,135,0,1,0
15518,399,276,0,1,0
15519,399,138,0,1,0
15520,401,326,0,0,0
15521,401,332,0,0,0
15522,401,83,0,0,0
15523,401,73,0,0,0
15524,401,267,0,0,0
15525,401,417,0,0,0
15526,401,21,0,0,0
15527,401,335,0,0,0
15528,401,268,0,0,0
15529,401,114,0,0,0
15530,401,320,0,0,0
15531,401,217,0,0,0
15532,401,218,0,0,0
15533,401,147,0,0,0
15534,401,261,0,0,0
15535,401,400,0,0,0
15536,401,27,0,0,0
15537,401,120,0,0,0
15538,401,282,0,0,0
15539,401,203,0,0,0
15540,401,51,0,0,0
15541,401,86,0,0,0
15542,401,318,0,0,0
15543,401,237,0,0,0
15544,401,399,0,0,0
15545,401,112,0,0,0
15546,401,382,0,0,0
15547,401,225,0,0,0
15548,401,130,0,0,0
15549,401,322,0,0,0
15550,401,255,0,0,0
15551,401,403,0,0,0
15552,401,205,0,0,0
15553,401,372,0,0,0
15554,401,361,0,0,0
15555,401,374,0,0,0
15556,401,293,0,0,0
15557,401,201,0,0,0
15558,401,304,0,0,0
15559,401,160,0,0,0
15560,402,173,0,0,0
15561,402,368,0,0,0
15562,402,260,0,0,0
15563,402,299,0,0,0
15564,402,57,0,0,0
15565,402,265,0,0,0
15566,402,198,0,0,0
15567,402,170,0,0,0
15568,402,251,0,0,0
15569,402,250,0,0,0
15570,402,425,0,0,0
15571,402,415,0,0,0
15572,402,332,0,0,0
15573,402,268,0,0,0
15574,402,78,0,0,0
15575,402,281,0,0,0
15576,402,169,0,0,0
15577,402,231,0,0,0
15578,402,201,0,0,0
15579,402,307,0,0,0
15580,402,329,0,0,0
15581,402,167,0,0,0
15582,402,204,0,0,0
15583,402,213,0,0,0
15584,402,331,0,0,0
15585,402,166,0,0,0
15586,402,104,0,0,0
15587,402,380,0,0,0
15588,402,341,0,0,0
15589,402,32,0,0,0
15590,402,277,0,0,0
15591,402,316,0,0,0
15592,402,181,0,0,0
15593,402,348,0,0,0
15594,402,363,0,0,0
15595,402,280,0,0,0
15596,402,284,0,0,0
15597,402,412,0,0,0
15598,402,108,0,0,0
15599,402,95,0,0,0
15600,403,342,4,1,0
15601,403,427,0,1,0
15602,403,65,0,1,0
15603,403,74,0,1,0
15604,403,407,0,1,0
15605,403,154,0,1,0
15606,403,123,0,1,0
15607,403,114,0,1,0
15608,403,332,0,1,0
15609,403,221,0,1,0
15610,403,379,0,1,0
15611,403,25,0,1,0
15612,403,432,0,1,0
15613,403,37,0,1,0
15614,403,98,0,1,0
15615,403,170,0,1,0
15616,403,69,0,1,0
15617,403,422,0,1,0
15618,403,243,0,1,0
15619,403,234,0,1,0
15620,403,382,0,1,0
15621,403,293,0,1,0
15622,403,139,0,1,0
15623,403,368,0,1,0
15624,403,131,0,1,0
15625,403,236,0,1,0
15626,403,150,0,1,0
15627,403,378,0,1,0
15628,403,165,0,1,0
15629,403,361,0,1,0
15630,403,396,0,1,0
15631,403,263,0,1,0
15632,403,416,0,1,0
15633,403,436,0,1,0
15634,403,340,0,1,0
15635,403,146,0,1,0
15636,403,437,0,1,0
15637,403,279,0,1,0
15638,403,364,0,1,0
15639,403,344,0,1,0
15640,404,327,99,1,0
15641,404,61,0,1,0
15642,404,325,0,1,0
15643,404,324,4,1,0
15644,404,242,99,1,0
15645,404,338,3,1,0
15646,404,340,0,1,0
15647,404,166,0,1,0
15648,404,348,0,1,0
15649,404,65,0,1,0
15650,404,271,99,1,0
15651,404,259,99,1,0
15652,404,94,99,1,0
15653,404,119,99,1,0
15654,404,224,0,1,0
15655,404,421,0,1,0
15656,404,241,0,1,0
15657,404,362,0,1,0
15658,404,352,0,1,0
15659,404,301,0,1,0
15660,404,52,0,1,0
15661,404,264,0,1,0
15662,404,182,24,1,0
15663,404,368,0,1,0
15664,404,48,0,1,0
15665,404,290,24,1,0
15666,404,191,99,1,0
15667,404,127,99,1,0
15668,404,278,99,1,0
15669,404,100,3,1,0
15670,404,121,0,1,0
15671,404,208,3,1,0
15672,404,231,99,1,0
15673,404,418,3,1,0
15674,404,134,99,1,0
15675,404,263,99,1,0
15676,404,95,99,1,0
15677,404,92,99,1,0
15678,404,420,0,1,0
15679,404,57,0,1,0
15680,405,324,0,0,0
15681,405,21,0,0,0
15682,405,221,0,0,0
15683,405,403,0,0,0
15684,405,94,0,0,0
15685,405,328,0,0,0
15686,405,126,0,0,0
15687,405,400,0,0,0
15688,405,367,0,0,0
15689,405,104,0,0,0
15690,405,49,0,0,0
15691,405,111,0,0,0
15692,405,201,0,0,0
15693,405,352,0,0,0
15694,405,303,0,0,0
15695,405,112,0,0,0
15696,405,332,0,0,0
15697,405,370,0,0,0
15698,405,322,0,0,0
15699,405,160,0,0,0
15700,405,247,0,0,0
15701,405,67,0,0,0
15702,405,424,0,0,0
15703,405,241,0,0,0
15704,405,364,0,0,0
15705,405,230,0,0,0
15706,405,136,0,0,0
15707,405,309,0,0,0
15708,405,92,0,0,0
15709,405,361,0,0,0
15710,405,183,0,0,0
15711,405,53,0,0,0
15712,405,314,0,0,0
15713,405,374,0,0,0
15714,405,110,0,0,0
15715,405,203,0,0,0
15716,405,329,0,0,0
15717,405,77,0,0,0
15718,405,325,0,0,0
15719,405,141,0,0,0
15720,406,43,99,1,0
15721,406,133,0,1,0
15722,406,135,75,1,0
15723,406,39,99,1,0
15724,406,286,4,1,0
15725,406,329,99,1,0
15726,406,299,99,1,0
15727,406,177,0,1,0
15728,406,224,72,1,0
15729,406,284,90,1,0
15730,406,130,0,1,0
15731,406,198,0,1,0
15732,406,171,99,1,0
15733,406,253,0,1,0
15734,406,143,99,1,0
15735,406,388,0,1,0
15736,406,278,0,1,0
15737,406,186,0,1,0
15738,406,168,98,1,0
15739,406,187,93,1,0
15740,406,227,99,1,0
15741,406,142,35,1,0
15742,406,75,99,1,0
15743,406,332,0,1,0
15744,406,188,0,1,0
15745,406,437,0,1,0
15746,406,407,99,1,0
15747,406,268,0,1,0
15748,406,27,99,1,0
15749,406,405,0,1,0
15750,406,99,99,1,0
15751,406,66,0,1,0
15752,406,333,0,1,0
15753,406,331,99,1,0
15754,406,127,92,1,0
15755,406,137,0,1,0
15756,406,249,0,1,0
15757,406,401,0,1,0
15758,406,318,0,1,0
15759,406,330,0,1,0
15760,407,429,0,1,0
15761,407,56,0,1,0
15762,407,186,0,1,0
15763,407,247,4,1,0
15764,407,431,99,1,0
15765,407,375,97,1,0
15766,407,284,0,1,0
15767,407,285,0,1,0
15768,407,151,99,1,0
15769,407,363,0,1,0
15770,407,222,0,1,0
15771,407,152,0,1,0
15772,407,74,0,1,0
15773,407,400,0,1,0
15774,407,91,99,1,0
15775,407,138,0,1,0
15776,407,111,97,1,0
15777,407,303,0,1,0
15778,407,426,0,1,0
15779,407,142,0,1,0
15780,407,221,0,1,0
15781,407,374,0,1,0
15782,407,63,0,1,0
15783,407,50,0,1,0
15784,407,311,99,1,0
15785,407,250,21,1,0
15786,407,421,0,1,0
15787,407,216,0,1,0
15788,407,26,0,1,0
15789,407,340,0,1,0
15790,407,362,0,1,0
15791,407,104,0,1,0
15792,407,433,0,1,0
15793,407,52,0,1,0
15794,407,302,0,1,0
15795,407,214,0,1,0
15796,407,137,0,1,0
15797,407,198,0,1,0
15798,407,273,0,1,0
15799,407,171,0,1,0
15800,408,78,0,0,0
15801,408,374,0,0,0
15802,408,168,0,0,0
15803,408,267,0,0,0
15804,408,101,0,0,0
15805,408,355,0,0,0
15806,408,155,0,0,0
15807,408,302,0,0,0
15808,408,118,0,0,0
15809,408,183,0,0,0
15810,408,243,0,0,0
15811,408,427,0,0,0
15812,408,398,0,0,0
15813,408,186,0,0,0
15814,408,177,0,0,0
15815,408,132,0,0,0
15816,408,191,0,0,0
15817,408,314,0,0,0
15818,408,304,0,0,0
15819,408,350,0,0,0
15820,408,233,0,0,0
15821,408,184,0,0,0
15822,408,229,0,0,0
15823,408,31,0,0,0
15824,408,123,0,0,0
15825,408,256,0,0,0
15826,408,282,0,0,0
15827,408,207,0,0,0
15828,408,265,0,0,0
15829,408,72,0,0,0
15830,408,91,0,0,0
15831,408,307,0,0,0
15832,408,33,0,0,0
15833,408,79,0,0,0
15834,408,131,0,0,0
15835,408,182,0,0,0
15836,408,161,0,0,0
15837,408,140,0,0,0
15838,408,208,0,0,0
15839,408,332,0,0,0
15840,409,425,0,1,0
15841,409,317,0,1,0
15842,409,174,67,1,0
15843,409,39,99,1,0
15844,409,304,0,1,0
15845,409,292,0,1,0
15846,409,216,0,1,0
15847,409,131,99,1,0
15848,409,153,0,1,0
15849,409,33,0,1,0
15850,409,197,0,1,0
15851,409,274,4,1,0
15852,409,264,0,1,0
15853,409,354,99,1,0
15854,409,271,99,1,0
15855,409,431,93,1,0
15856,409,50,4,1,0
15857,409,241,0,1,0
15858,409,257,0,1,0
15859,409,64,98,1,0
15860,409,338,0,1,0
15861,409,351,99,1,0
15862,409,281,0,1,0
15863,409,435,99,1,0
15864,409,118,99,1,0
15865,409,371,99,1,0
15866,409,213,0,1,0
15867,409,414,0,1,0
15868,409,250,4,1,0
15869,409,402,0,1,0
15870,409,220,4,1,0
15871,409,147,94,1,0
15872,409,165,0,1,0
15873,409,418,42,1,0
15874,409,290,67,1,0
15875,409,225,0,1,0
15876,409,62,99,1,0
15877,409,408,0,1,0
15878,409,26,4,1,0
15879,409,407,99,1,0
15880,410,58,8,1,0
15881,410,270,99,1,0
15882,410,85,3,1,0
15883,410,264,0,1,0
15884,410,265,0,1,0
15885,410,209,0,1,0
15886,410,56,56,1,0
15887,410,285,0,1,0
15888,410,390,46,1,0
15889,410,59,99,1,0
15890,410,52,0,1,0
15891,410,303,0,1,0
15892,410,195,28,1,0
15893,410,193,0,1,0
15894,410,337,0,1,0
15895,410,40,0,1,0
15896,410,315,85,1,0
15897,410,382,0,1,0
15898,410,263,0,1,0
15899,410,30,11,1,0
15900,410,292,0,1,0
15901,410,432,1,1,0
15902,410,106,2,1,0
15903,410,319,99,1,0
15904,410,189,0,1,0
15905,410,255,26,1,0
15906,410,293,0,1,0
15907,410,152,0,1,0
15908,410,175,99,1,0
15909,410,162,0,1,0
15910,410,316,0,1,0
15911,410,213,0,1,0
15912,410,256,92,1,0
15913,410,222,0,1,0
15914,410,411,99,1,0
15915,410,53,0,1,0
15916,410,404,0,1,0
15917,410,31,0,1,0
15918,410,232,0,1,0
15919,410,140,98,1,0
15920,411,320,0,1,0
15921,411,42,0,1,0
15922,411,288,0,1,0
15923,411,66,0,1,0
15924,411,156,0,1,0
15925,411,258,0,1,0
15926,411,309,4,1,0
15927,411,335,0,1,0
15928,411,159,0,1,0
15929,411,299,0,1,0
15930,411,367,99,1,0
15931,411,136,0,1,0
15932,411,38,0,1,0
15933,411,72,0,1,0
15934,411,183,99,1,0
15935,411,39,0,1,0
15936,411,360,0,1,0
15937,411,142,0,1,0
15938,411,240,0,1,0
15939,411,385,0,1,0
15940,411,114,0,1,0
15941,411,71,0,1,0
15942,411,272,0,1,0
15943,411,331,0,1,0
15944,411,200,0,1,0
15945,411,122,0,1,0
15946,411,363,0,1,0
15947,411,94,0,1,0
15948,411,314,0,1,0
15949,411,73,0,1,0
15950,411,344,0,1,0
15951,411,29,0,1,0
15952,411,46,0,1,0
15953,411,407,0,1,0
15954,411,430,0,1,0
15955,411,238,0,1,0
15956,411,55,0,1,0
15957,411,425,0,1,0
15958,411,167,0,1,0
15959,411,324,0,1,0
15960,412,125,0,0,0
15961,412,265,0,0,0
15962,412,241,0,0,0
15963,412,108,0,0,0
15964,412,239,0,0,0
15965,412,60,0,0,0
15966,412,406,0,0,0
15967,412,283,0,0,0
15968,412,93,0,0,0
15969,412,347,0,0,0
15970,412,137,0,0,0
15971,412,300,0,0,0
15972,412,183,0,0,0
15973,412,235,0,0,0
15974,412,94,0,0,0
15975,412,192,0,0,0
15976,412,36,0,0,0
15977,412,74,0,0,0
15978,412,134,0,0,0
15979,412,309,0,0,0
15980,412,111,0,0,0
15981,412,44,0,0,0
15982,412,321,0,0,0
15983,412,251,0,0,0
15984,412,186,0,0,0
15985,412,78,0,0,0
15986,412,202,0,0,0
15987,412,388,0,0,0
15988,412,261,0,0,0
15989,412,201,0,0,0
15990,412,249,0,0,0
15991,412,204,0,0,0
15992,412,243,0,0,0
15993,412,177,0,0,0
15994,412,209,0,0,0
15995,412,131,0,0,0
15996,412,380,0,0,0
15997,412,390,0,0,0
15998,412,289,0,0,0
15999,412,114,0,0,0
16000,414,156,0,0,0
16001,414,382,0,0,0
16002,414,331,0,0,0
16003,414,247,0,0,0
16004,414,85,0,0,0
16005,414,206,0,0,0
16006,414,439,0,0,0
16007,414,427,0,0,0
16008,414,172,0,0,0
16009,414,114,0,0,0
16010,414,309,0,0,0
16011,414,201,0,0,0
16012,414,77,0,0,0
16013,414,232,0,0,0
16014,414,275,0,0,0
16015,414,101,0,0,0
16016,414,209,0,0,0
16017,414,204,0,0,0
16018,414,286,0,0,0
16019,414,392,0,0,0
16020,414,362,0,0,0
16021,414,90,0,0,0
16022,414,49,0,0,0
16023,414,259,0,0,0
16024,414,433,0,0,0
16025,414,221,0,0,0
16026,414,391,0,0,0
16027,414,255,0,0,0
16028,414,328,0,0,0
16029,414,389,0,0,0
16030,414,181,0,0,0
16031,414,408,0,0,0
16032,414,178,0,0,0
16033,414,166,0,0,0
16034,414,192,0,0,0
16035,414,216,0,0,0
16036,414,294,0,0,0
16037,414,214,0,0,0
16038,414,64,0,0,0
16039,414,73,0,0,0
16040,415,258,0,1,0
16041,415,408,0,1,0
16042,415,24,0,1,0
16043,415,136,3,1,0
16044,415,30,0,1,0
16045,415,378,0,1,0
16046,415,386,0,1,0
16047,415,79,99,1,0
16048,415,215,92,1,0
16049,415,22,0,1,0
16050,415,325,0,1,0
16051,415,260,0,1,0
16052,415,53,0,1,0
16053,415,309,4,1,0
16054,415,180,0,1,0
16055,415,65,0,1,0
16056,415,224,0,1,0
16057,415,346,0,1,0
16058,415,39,2,1,0
16059,415,184,0,1,0
16060,415,414,0,1,0
16061,415,384,0,1,0
16062,415,270,0,1,0
16063,415,338,0,1,0
16064,415,105,0,1,0
16065,415,50,0,1,0
16066,415,158,0,1,0
16067,415,91,19,1,0
16068,415,314,0,1,0
16069,415,186,0,1,0
16070,415,199,0,1,0
16071,415,67,0,1,0
16072,415,152,0,1,0
16073,415,162,0,1,0
16074,415,407,0,1,0
16075,415,353,0,1,0
16076,415,178,0,1,0
16077,415,413,0,1,0
16078,415,153,0,1,0
16079,415,310,0,1,0
16080,417,29,0,0,0
16081,417,339,0,0,0
16082,417,287,0,0,0
16083,417,130,0,0,0
16084,417,137,0,0,0
16085,417,148,0,0,0
16086,417,149,0,0,0
16087,417,427,0,0,0
16088,417,429,0,0,0
16089,417,410,0,0,0
16090,417,418,0,0,0
16091,417,209,0,0,0
16092,417,27,0,0,0
16093,417,274,0,0,0
16094,417,100,0,0,0
16095,417,163,0,0,0
16096,417,436,0,0,0
16097,417,106,0,0,0
16098,417,144,0,0,0
16099,417,294,0,0,0
16100,417,305,0,0,0
16101,417,70,0,0,0
16102,417,315,0,0,0
16103,417,58,0,0,0
16104,417,214,0,0,0
16105,417,433,0,0,0
16106,417,406,0,0,0
16107,417,39,0,0,0
16108,417,384,0,0,0
16109,417,224,0,0,0
16110,417,333,0,0,0
16111,417,238,0,0,0
16112,417,21,0,0,0
16113,417,428,0,0,0
16114,417,342,0,0,0
16115,417,211,0,0,0
16116,417,215,0,0,0
16117,417,222,0,0,0
16118,417,371,0,0,0
16119,417,389,0,0,0
16120,418,202,15,1,0
16121,418,47,98,1,0
16122,418,328,17,1,0
16123,418,177,0,1,0
16124,418,392,16,1,0
16125,418,204,17,1,0
16126,418,103,97,1,0
16127,418,198,48,1,0
16128,418,185,0,1,0
16129,418,21,0,1,0
16130,418,237,0,1,0
16131,418,101,0,1,0
16132,418,279,98,1,0
16133,418,34,0,1,0
16134,418,294,92,1,0
16135,418,31,98,1,0
16136,418,295,98,1,0
16137,418,62,32,1,0
16138,418,116,0,1,0
16139,418,359,97,1,0
16140,418,35,98,1,0
16141,418,314,0,1,0
16142,418,380,0,1,0
16143,418,60,3,1,0
16144,418,271,98,1,0
16145,418,358,28,1,0
16146,418,36,29,1,0
16147,418,123,98,1,0
16148,418,23,98,1,0
16149,418,135,97,1,0
16150,418,316,8,1,0
16151,418,435,98,1,0
16152,418,85,17,1,0
16153,418,59,97,1,0
16154,418,374,31,1,0
16155,418,94,19,1,0
16156,418,410,90,1,0
16157,418,281,0,1,0
16158,418,401,0,1,0
16159,418,208,29,1,0
16160,419,125,0,1,0
16161,419,381,0,1,0
16162,419,238,0,1,0
16163,419,55,99,1,0
16164,419,32,0,1,0
16165,419,66,0,1,0
16166,419,350,0,1,0
16167,419,122,0,1,0
16168,419,201,0,1,0
16169,419,191,99,1,0
16170,419,96,0,1,0
16171,419,422,0,1,0
16172,419,434,0,1,0
16173,419,210,9,1,0
16174,419,395,32,1,0
16175,419,349,0,1,0
16176,419,189,0,1,0
16177,419,45,0,1,0
16178,419,388,0,1,0
16179,419,382,0,1,0
16180,419,205,0,1,0
16181,419,307,99,1,0
16182,419,298,0,1,0
16183,419,333,0,1,0
16184,419,357,0,1,0
16185,419,49,0,1,0
16186,419,199,0,1,0
16187,419,432,0,1,0
16188,419,214,0,1,0
16189,419,132,58,1,0
16190,419,320,0,1,0
16191,419,98,0,1,0
16192,419,147,99,1,0
16193,419,436,0,1,0
16194,419,364,0,1,0
16195,419,239,97,1,0
16196,419,72,0,1,0
16197,419,54,0,1,0
16198,419,305,0,1,0
16199,419,404,0,1,0
16200,420,292,0,0,0
16201,420,339,0,0,0
16202,420,348,0,0,0
16203,420,359,0,0,0
16204,420,74,0,0,0
16205,420,429,0,0,0
16206,420,59,0,0,0
16207,420,277,0,0,0
16208,420,191,0,0,0
16209,420,95,0,0,0
16210,420,181,0,0,0
16211,420,51,0,0,0
16212,420,431,0,0,0
16213,420,50,0,0,0
16214,420,340,0,0,0
16215,420,37,0,0,0
16216,420,151,0,0,0
16217,420,89,0,0,0
16218,420,248,0,0,0
16219,420,129,0,0,0
16220,420,98,0,0,0
16221,420,93,0,0,0
16222,420,255,0,0,0
16223,420,96,0,0,0
16224,420,386,0,0,0
16225,420,101,0,0,0
16226,420,406,0,0,0
16227,420,430,0,0,0
16228,420,424,0,0,0
16229,420,428,0,0,0
16230,420,330,0,0,0
16231,420,143,0,0,0
16232,420,121,0,0,0
16233,420,264,0,0,0
16234,420,246,0,0,0
16235,420,137,0,0,0
16236,420,222,0,0,0
16237,420,333,0,0,0
16238,420,167,0,0,0
16239,420,194,0,0,0
16240,421,342,0,0,0
16241,421,186,0,0,0
16242,421,274,0,0,0
16243,421,288,0,0,0
16244,421,213,0,0,0
16245,421,27,0,0,0
16246,421,311,0,0,0
16247,421,434,0,0,0
16248,421,230,0,0,0
16249,421,393,0,0,0
16250,421,108,0,0,0
16251,421,376,0,0,0
16252,421,20,0,0,0
16253,421,104,0,0,0
16254,421,269,0,0,0
16255,421,235,0,0,0
16256,421,170,0,0,0
16257,421,174,0,0,0
16258,421,140,0,0,0
16259,421,418,0,0,0
16260,421,169,0,0,0
16261,421,221,0,0,0
16262,421,250,0,0,0
16263,421,95,0,0,0
16264,421,357,0,0,0
16265,421,374,0,0,0
16266,421,54,0,0,0
16267,421,133,0,0,0
16268,421,200,0,0,0
16269,421,253,0,0,0
16270,421,183,0,0,0
16271,421,130,0,0,0
16272,421,386,0,0,0
16273,421,87,0,0,0
16274,421,190,0,0,0
16275,421,391,0,0,0
16276,421,285,0,0,0
16277,421,402,0,0,0
16278,421,372,0,0,0
16279,421,328,0,0,0
16280,423,99,27,1,0
16281,423,91,0,1,0
16282,423,97,0,1,0
16283,423,209,0,1,0
16284,423,49,0,1,0
16285,423,79,4,1,0
16286,423,112,0,1,0
16287,423,286,0,1,0
16288,423,412,0,1,0
16289,423,151,95,1,0
16290,423,109,0,1,0
16291,423,55,0,1,0
16292,423,228,0,1,0
16293,423,398,0,1,0
16294,423,71,0,1,0
16295,423,124,0,1,0
16296,423,360,0,1,0
16297,423,66,0,1,0
16298,423,203,0,1,0
16299,423,242,0,1,0
16300,423,287,0,1,0
16301,423,266,0,1,0
16302,423,95,0,1,0
16303,423,101,0,1,0
16304,423,392,0,1,0
16305,423,150,0,1,0
16306,423,180,0,1,0
16307,423,107,0,1,0
16308,423,347,0,1,0
16309,423,300,0,1,0
16310,423,116,0,1,0
16311,423,366,0,1,0
16312,423,277,0,1,0
16313,423,384,0,1,0
16314,423,303,0,1,0
16315,423,87,0,1,0
16316,423,272,0,1,0
16317,423,22,0,1,0
16318,423,404,0,1,0
16319,423,438,0,1,0
16320,425,148,0,0,0
16321,425,138,0,0,0
16322,425,353,0,0,0
16323,425,35,0,0,0
16324,425,427,0,0,0
16325,425,229,0,0,0
16326,425,231,0,0,0
16327,425,241,0,0,0
16328,425,434,0,0,0
16329,425,142,0,0,0
16330,425,238,0,0,0
16331,425,103,0,0,0
16332,425,197,0,0,0
16333,425,42,0,0,0
16334,425,151,0,0,0
16335,425,117,0,0,0
16336,425,327,0,0,0
16337,425,96,0,0,0
16338,425,406,0,0,0
16339,425,123,0,0,0
16340,425,236,0,0,0
16341,425,246,0,0,0
16342,425,124,0,0,0
16343,425,157,0,0,0
16344,425,279,0,0,0
16345,425,293,0,0,0
16346,425,44,0,0,0
16347,425,116,0,0,0
16348,425,395,0,0,0
16349,425,309,0,0,0
16350,425,76,0,0,0
16351,425,130,0,0,0
16352,425,399,0,0,0
16353,425,230,0,0,0
16354,425,73,0,0,0
16355,425,210,0,0,0
16356,425,101,0,0,0
16357,425,374,0,0,0
16358,425,104,0,0,0
16359,425,51,0,0,0
16360,426,407,99,1,0
16361,426,289,0,1,0
16362,426,132,63,1,0
16363,426,409,0,1,0
16364,426,392,0,1,0
16365,426,75,99,1,0
16366,426,340,0,1,0
16367,426,398,0,1,0
16368,426,76,0,1,0
16369,426,423,99,1,0
16370,426,406,0,1,0
16371,426,219,35,1,0
16372,426,41,0,1,0
16373,426,223,99,1,0
16374,426,139,70,1,0
16375,426,400,0,1,0
16376,426,98,0,1,0
16377,426,92,4,1,0
16378,426,204,0,1,0
16379,426,64,0,1,0
16380,426,374,1,1,0
16381,426,313,0,1,0
16382,426,61,0,1,0
16383,426,144,0,1,0
16384,426,155,86,1,0
16385,426,419,97,1,0
16386,426,161,0,1,0
16387,426,399,97,1,0
16388,426,127,4,1,0
16389,426,380,0,1,0
16390,426,357,0,1,0
16391,426,373,0,1,0
16392,426,175,99,1,0
16393,426,234,0,1,0
16394,426,246,4,1,0
16395,426,197,0,1,0
16396,426,267,97,1,0
16397,426,390,0,1,0
16398,426,212,0,1,0
16399,426,160,0,1,0
16400,427,298,0,1,0
16401,427,299,0,1,0
16402,427,211,0,1,0
16403,427,118,0,1,0
16404,427,136,0,1,0
16405,427,199,0,1,0
16406,427,207,0,1,0
16407,427,67,0,1,0
16408,427,124,0,1,0
16409,427,244,0,1,0
16410,427,400,0,1,0
16411,427,226,0,1,0
16412,427,291,34,1,0
16413,427,50,0,1,0
16414,427,250,0,1,0
16415,427,121,0,1,0
16416,427,93,0,1,0
16417,427,239,0,1,0
16418,427,145,0,1,0
16419,427,261,0,1,0
16420,427,438,0,1,0
16421,427,407,0,1,0
16422,427,86,0,1,0
16423,427,312,0,1,0
16424,427,238,0,1,0
16425,427,322,0,1,0
16426,427,76,0,1,0
16427,427,264,0,1,0
16428,427,217,0,1,0
16429,427,95,0,1,0
16430,427,175,0,1,0
16431,427,228,0,1,0
16432,427,432,0,1,0
16433,427,209,0,1,0
16434,427,313,0,1,0
16435,427,181,0,1,0
16436,427,268,0,1,0
16437,427,165,0,1,0
16438,427,230,0,1,0
16439,427,212,0,1,0
16440,428,80,0,0,0
16441,428,158,0,0,0
16442,428,50,0,0,0
16443,428,47,0,0,0
16444,428,64,0,0,0
16445,428,92,0,0,0
16446,428,235,0,0,0
16447,428,169,0,0,0
16448,428,29,0,0,0
16449,428,111,0,0,0
16450,428,224,0,0,0
16451,428,189,0,0,0
16452,428,52,0,0,0
16453,428,424,0,0,0
16454,428,419,0,0,0
16455,428,225,0,0,0
16456,428,71,0,0,0
16457,428,395,0,0,0
16458,428,190,0,0,0
16459,428,253,0,0,0
16460,428,416,0,0,0
16461,428,356,0,0,0
16462,428,90,0,0,0
16463,428,192,0,0,0
16464,428,99,0,0,0
16465,428,236,0,0,0
16466,428,266,0,0,0
16467,428,435,0,0,0
16468,428,54,0,0,0
16469,428,372,0,0,0
16470,428,176,0,0,0
16471,428,314,0,0,0
16472,428,125,0,0,0
16473,428,123,0,0,0
16474,428,163,0,0,0
16475,428,275,0,0,0
16476,428,433,0,0,0
16477,428,109,0,0,0
16478,428,251,0,0,0
16479,428,366,0,0,0
16480,430,164,0,0,0
16481,430,39,0,0,0
16482,430,259,0,0,0
16483,430,105,0,0,0
16484,430,306,0,0,0
16485,430,236,0,0,0
16486,430,64,0,0,0
16487,430,110,0,0,0
16488,430,38,0,0,0
16489,430,170,0,0,0
16490,430,325,0,0,0
16491,430,414,0,0,0
16492,430,250,0,0,0
16493,430,26,0,0,0
16494,430,95,0,0,0
16495,430,324,0,0,0
16496,430,383,0,0,0
16497,430,412,0,0,0
16498,430,263,0,0,0
16499,430,429,0,0,0
16500,430,126,0,0,0
16501,430,191,0,0,0
16502,430,186,0,0,0
16503,430,349,0,0,0
16504,430,172,0,0,0
16505,430,219,0,0,0
16506,430,36,0,0,0
16507,430,399,0,0,0
16508,430,225,0,0,0
16509,430,206,0,0,0
16510,430,124,0,0,0
16511,430,65,0,0,0
16512,430,22,0,0,0
16513,430,434,0,0,0
16514,430,215,0,0,0
16515,430,54,0,0,0
16516,430,401,0,0,0
16517,430,381,0,0,0
16518,430,310,0,0,0
16519,430,275,0,0,0
16520,431,100,0,1,0
16521,431,364,0,1,0
16522,431,246,0,1,0
16523,431,259,0,1,0
16524,431,130,0,1,0
16525,431,231,4,1,0
16526,431,277,0,1,0
16527,431,108,0,1,0
16528,431,66,0,1,0
16529,431,103,99,1,0
16530,431,23,0,1,0
16531,431,104,0,1,0
16532,431,39,0,1,0
16533,431,279,0,1,0
16534,431,61,0,1,0
16535,431,46,0,1,0
16536,431,388,0,1,0
16537,431,251,0,1,0
16538,431,428,0,1,0
16539,431,302,0,1,0
16540,431,140,0,1,0
16541,431,102,0,1,0
16542,431,351,97,1,0
16543,431,196,0,1,0
16544,431,370,0,1,0
16545,431,92,0,1,0
16546,431,293,0,1,0
16547,431,182,0,1,0
16548,431,235,0,1,0
16549,431,289,0,1,0
16550,431,387,0,1,0
16551,431,386,0,1,0
16552,431,228,0,1,0
16553,431,401,0,1,0
16554,431,209,0,1,0
16555,431,261,0,1,0
16556,431,342,0,1,0
16557,431,211,0,1,0
16558,431,163,0,1,0
16559,431,322,0,1,0
16560,432,68,0,1,0
16561,432,50,4,1,0
16562,432,142,0,1,0
16563,432,227,91,1,0
16564,432,123,96,1,0
16565,432,302,85,1,0
16566,432,161,0,1,0
16567,432,66,72,1,0
16568,432,239,96,1,0
16569,432,402,0,1,0
16570,432,178,4,1,0
16571,432,394,99,1,0
16572,432,350,4,1,0
16573,432,437,0,1,0
16574,432,23,96,1,0
16575,432,261,0,1,0
16576,432,26,4,1,0
16577,432,410,28,1,0
16578,432,181,0,1,0
16579,432,168,0,1,0
16580,432,285,0,1,0
16581,432,370,99,1,0
16582,432,113,0,1,0
16583,432,35,96,1,0
16584,432,186,0,1,0
16585,432,385,0,1,0
16586,432,221,0,1,0
16587,432,363,96,1,0
16588,432,106,53,1,0
16589,432,116,0,1,0
16590,432,364,0,1,0
16591,432,174,96,1,0
16592,432,434,70,1,0
16593,432,82,4,1,0
16594,432,256,6,1,0
16595,432,290,42,1,0
16596,432,318,0,1,0
16597,432,37,0,1,0
16598,432,303,96,1,0
16599,432,343,96,1,0
16600,433,270,0,0,0
16601,433,299,0,0,0
16602,433,343,0,0,0
16603,433,370,0,0,0
16604,433,363,0,0,0
16605,433,436,0,0,0
16606,433,201,0,0,0
16607,433,257,0,0,0
16608,433,68,0,0,0
16609,433,297,0,0,0
16610,433,419,0,0,0
16611,433,168,0,0,0
16612,433,82,0,0,0
16613,433,316,0,0,0
16614,433,439,0,0,0
16615,433,346,0,0,0
16616,433,411,0,0,0
16617,433,162,0,0,0
16618,433,361,0,0,0
16619,433,389,0,0,0
16620,433,328,0,0,0
16621,433,374,0,0,0
16622,433,334,0,0,0
16623,433,75,0,0,0
16624,433,45,0,0,0
16625,433,254,0,0,0
16626,433,46,0,0,0
16627,433,306,0,0,0
16628,433,332,0,0,0
16629,433,409,0,0,0
16630,433,51,0,0,0
16631,433,99,0,0,0
16632,433,77,0,0,0
16633,433,338,0,0,0
16634,433,325,0,0,0
16635,433,102,0,0,0
16636,433,196,0,0,0
16637,433,86,0,0,0
16638,433,333,0,0,0
16639,433,191,0,0,0
16640,434,358,8,1,0
16641,434,39,99,1,0
16642,434,102,9,1,0
16643,434,265,0,1,0
16644,434,229,0,1,0
16645,434,70,4,1,0
16646,434,314,0,1,0
16647,434,328,11,1,0
16648,434,326,0,1,0
16649,434,170,45,1,0
16650,434,114,20,1,0
16651,434,339,99,1,0
16652,434,404,14,1,0
16653,434,312,0,1,0
16654,434,88,0,1,0
16655,434,367,99,1,0
16656,434,261,0,1,0
16657,434,45,0,1,0
16658,434,41,0,1,0
16659,434,167,99,1,0
16660,434,381,0,1,0
16661,434,21,0,1,0
16662,434,327,99,1,0
16663,434,436,0,1,0
16664,434,124,11,1,0
16665,434,136,8,1,0
16666,434,255,99,1,0
16667,434,82,20,1,0
16668,434,121,0,1,0
16669,434,380,4,1,0
16670,434,207,99,1,0
16671,434,112,0,1,0
16672,434,68,0,1,0
16673,434,247,99,1,0
16674,434,46,8,1,0
16675,434,55,99,1,0
16676,434,197,0,1,0
16677,434,28,0,1,0
16678,434,30,5,1,0
16679,434,315,99,1,0
16680,435,246,0,1,0
16681,435,102,0,1,0
16682,435,85,0,1,0
16683,435,88,0,1,0
16684,435,218,0,1,0
16685,435,89,0,1,0
16686,435,24,0,1,0
16687,435,274,0,1,0
16688,435,401,0,1,0
16689,435,351,99,1,0
16690,435,347,0,1,0
16691,435,244,0,1,0
16692,435,291,99,1,0
16693,435,431,99,1,0
16694,435,120,0,1,0
16695,435,350,0,1,0
16696,435,67,0,1,0
16697,435,360,0,1,0
16698,435,221,0,1,0
16699,435,251,0,1,0
16700,435,177,0,1,0
16701,435,283,0,1,0
16702,435,382,0,1,0
16703,435,432,0,1,0
16704,435,335,99,1,0
16705,435,167,84,1,0
16706,435,367,99,1,0
16707,435,49,0,1,0
16708,435,243,0,1,0
16709,435,52,0,1,0
16710,435,279,30,1,0
16711,435,185,0,1,0
16712,435,379,2,1,0
16713,435,437,0,1,0
16714,435,260,0,1,0
16715,435,420,0,1,0
16716,435,175,99,1,0
16717,435,204,0,1,0
16718,435,150,8,1,0
16719,435,433,0,1,0
16720,436,61,0,0,0
16721,436,434,0,0,0
16722,436,115,0,0,0
16723,436,282,0,0,0
16724,436,290,0,0,0
16725,436,388,0,0,0
16726,436,98,0,0,0
16727,436,195,0,0,0
16728,436,235,0,0,0
16729,436,378,0,0,0
16730,436,137,0,0,0
16731,436,21,0,0,0
16732,436,370,0,0,0
16733,436,381,0,0,0
16734,436,119,0,0,0
16735,436,68,0,0,0
16736,436,54,0,0,0
16737,436,44,0,0,0
16738,436,149,0,0,0
16739,436,324,0,0,0
16740,436,367,0,0,0
16741,436,422,0,0,0
16742,436,375,0,0,0
16743,436,392,0,0,0
16744,436,20,0,0,0
16745,436,222,0,0,0
16746,436,49,0,0,0
16747,436,228,0,0,0
16748,436,55,0,0,0
16749,436,243,0,0,0
16750,436,281,0,0,0
16751,436,293,0,0,0
16752,436,373,0,0,0
16753,436,399,0,0,0
16754,436,227,0,0,0
16755,436,389,0,0,0
16756,436,247,0,0,0
16757,436,285,0,0,0
16758,436,182,0,0,0
16759,436,57,0,0,0
16760,437,325,0,0,0
16761,437,79,0,0,0
16762,437,113,0,0,0
16763,437,162,0,0,0
16764,437,120,0,0,0
16765,437,356,0,0,0
16766,437,130,0,0,0
16767,437,254,0,0,0
16768,437,271,0,0,0
16769,437,170,0,0,0
16770,437,252,0,0,0
16771,437,399,0,0,0
16772,437,322,0,0,0
16773,437,398,0,0,0
16774,437,125,0,0,0
16775,437,229,0,0,0
16776,437,172,0,0,0
16777,437,67,0,0,0
16778,437,226,0,0,0
16779,437,164,0,0,0
16780,437,134,0,0,0
16781,437,235,0,0,0
16782,437,432,0,0,0
16783,437,201,0,0,0
16784,437,407,0,0,0
16785,437,227,0,0,0
16786,437,99,0,0,0
16787,437,246,0,0,0
16788,437,66,0,0,0
16789,437,375,0,0,0
16790,437,303,0,0,0
16791,437,111,0,0,0
16792,437,304,0,0,0
16793,437,212,0,0,0
16794,437,381,0,0,0
16795,437,326,0,0,0
16796,437,397,0,0,0
16797,437,27,0,0,0
16798,437,102,0,0,0
16799,437,383,0,0,0
16800,438,145,38,1,0
16801,438,174,0,1,0
16802,438,324,3,1,0
16803,438,312,0,1,0
16804,438,400,71,1,0
16805,438,85,3,1,0
16806,438,421,0,1,0
16807,438,424,3,1,0
16808,438,84,23,1,0
16809,438,304,98,1,0
16810,438,52,0,1,0
16811,438,46,0,1,0
16812,438,260,0,1,0
16813,438,217,0,1,0
16814,438,89,0,1,0
16815,438,157,38,1,0
16816,438,23,98,1,0
16817,438,213,0,1,0
16818,438,230,43,1,0
16819,438,409,11,1,0
16820,438,223,97,1,0
16821,438,415,98,1,0
16822,438,194,3,1,0
16823,438,316,10,1,0
16824,438,90,38,1,0
16825,438,124,13,1,0
16826,438,187,98,1,0
16827,438,91,98,1,0
16828,438,393,0,1,0
16829,438,290,98,1,0
16830,438,425,0,1,0
16831,438,355,98,1,0
16832,438,151,98,1,0
16833,438,162,0,1,0
16834,438,156,98,1,0
16835,438,22,98,1,0
16836,438,20,0,1,0
16837,438,420,0,1,0
16838,438,236,0,1,0
16839,438,115,98,1,0
16840,439,44,0,1,0
16841,439,306,0,1,0
16842,439,254,0,1,0
16843,439,425,0,1,0
16844,439,151,99,1,0
16845,439,393,0,1,0
16846,439,64,0,1,0
16847,439,274,4,1,0
16848,439,213,0,1,0
16849,439,283,0,1,0
16850,439,202,4,1,0
16851,439,26,0,1,0
16852,439,69,0,1,0
16853,439,153,0,1,0
16854,439,248,0,1,0
16855,439,189,0,1,0
16856,439,340,0,1,0
16857,439,136,0,1,0
16858,439,352,0,1,0
16859,439,182,0,1,0
16860,439,227,93,1,0
16861,439,284,0,1,0
16862,439,409,0,1,0
16863,439,218,0,1,0
16864,439,31,0,1,0
16865,439,93,0,1,0
16866,439,158,0,1,0
16867,439,244,0,1,0
16868,439,234,0,1,0
16869,439,170,0,1,0
16870,439,135,0,1,0
16871,439,20,0,1,0
16872,439,304,0,1,0
16873,439,315,0,1,0
16874,439,381,0,1,0
16875,439,96,0,1,0
16876,439,270,0,1,0
16877,439,89,0,1,0
16878,439,309,4,1,0
16879,439,231,0,1,0
16880,63,2,1,1,1
16881,70,9,93,1,1
16882,71,10,0,1,1
16883,75,14,0,1,1
16884,83,62,0,1,1
16885,91,90,0,1,1
16886,98,77,0,1,1
16887,115,94,0,1,1
16888,119,118,0,1,1
16889,122,101,0,1,1
16890,127,106,0,1,1
16891,135,134,5,1,1
16892,142,121,0,1,1
16893,145,124,4,1,1
16894,147,126,0,1,1
16895,155,134,0,1,1
16896,167,146,0,1,1
16897,170,149,0,1,1
16898,171,190,0,1,1
16899,183,184,0,1,1
16900,195,174,0,1,1
16901,199,178,0,1,1
16902,202,181,0,1,1
16903,210,189,0,1,1
16904,211,190,0,1,1
16905,218,197,0,1,1
16906,222,201,0,1,1
16907,224,204,96,1,1
16908,230,209,0,1,1
16909,234,253,0,1,1
16910,243,242,0,1,1
16911,254,253,0,1,1
16912,259,238,0,1,1
16913,263,242,5,1,1
16914,266,265,0,0,1
16915,267,248,0,1,1
16916,274,253,0,1,1
16917,279,278,0,1,1
16918,299,278,0,1,1
16919,303,282,0,1,1
16920,306,285,0,1,1
16921,307,286,0,1,1
16922,309,308,0,1,1
16923,311,290,0,1,1
16924,331,312,0,1,1
16925,335,314,0,1,1
16926,342,321,0,1,1
16927,343,344,0,1,1
16928,346,325,0,1,1
16929,363,344,0,1,1
16930,370,369,0,1,1
16931,374,353,0,1,1
16932,382,401,0,1,1
16933,383,362,0,1,1
16934,391,390,0,1,1
16935,395,376,0,1,1
16936,398,377,99,1,1
16937,419,418,0,1,1
16938,422,401,0,1,1
16939,435,434,0,1,1
16940,23,22,0,1,1
16941,27,428,0,1,1
16942,31,32,0,1,1
16943,34,433,0,0,1
16944,35,436,0,1,1
16945,39,38,0,1,1
16946,43,22,0,1,1
16947,47,46,4,1,1
16948,50,29,0,1,1
16949,51,32,0,1,1
16950,54,33,0,0,1
16951,55,36,0,1,1
16952,63,3,0,1,1
16953,66,5,100,1,1
16954,67,6,93,1,1
16955,70,69,0,1,1
16956,71,11,0,1,1
16957,75,15,100,1,1
16958,79,18,0,1,1
16959,83,84,0,1,1
16960,87,86,0,1,1
16961,91,72,0,1,1
16962,93,72,99,1,1
16963,95,96,0,1,1
16964,98,97,0,1,1
16965,102,81,0,1,1
16966,103,84,0,1,1
16967,111,92,0,1,1
16968,114,113,0,1,1
16969,115,96,0,1,1
16970,119,138,0,1,1
16971,122,121,0,1,1
16972,123,104,0,1,1
16973,127,108,0,1,1
16974,130,109,0,0,1
16975,131,112,0,1,1
16976,135,154,0,1,1
16977,137,116,0,1,1
16978,139,118,0,1,1
16979,142,161,0,1,1
16980,143,124,0,1,1
16981,147,128,0,1,1
16982,150,129,0,1,1
16983,155,154,0,1,1
16984,162,141,0,0,1
16985,163,144,0,1,1
16986,167,166,0,1,1
16987,170,169,0,1,1
16988,171,192,0,1,1
16989,175,154,0,1,1
16990,179,198,0,1,1
16991,183,182,0,1,1
16992,186,165,0,1,1
16993,187,168,0,1,1
16994,194,173,0,1,1
16995,195,176,52,1,1
16996,199,198,0,1,1
16997,202,201,0,1,1
16998,203,182,0,1,1
16999,207,226,0,1,1
17000,209,208,0,0,1
17001,210,229,0,1,1
17002,211,192,0,1,1
17003,214,193,0,1,1
17004,215,196,0,1,1
17005,219,218,0,1,1
17006,222,221,0,1,1
17007,227,228,0,1,1
17008,230,229,0,1,1
17009,231,212,4,1,1
17010,234,213,0,1,1
17011,235,216,0,1,1
17012,238,217,0,1,1
17013,243,264,0,1,1
17014,244,264,0,1,1
17015,246,265,0,1,1
17016,247,228,0,1,1
17017,251,232,0,1,1
17018,254,233,0,1,1
17019,255,236,0,1,1
17020,258,237,0,1,1
17021,259,258,0,1,1
17022,263,264,0,1,1
17023,266,245,0,0,1
17024,267,268,0,1,1
17025,271,252,0,1,1
17026,275,296,0,1,1
17027,278,257,0,1,1
17028,283,284,0,1,1
17029,287,268,0,1,1
17030,291,272,0,1,1
17031,295,296,4,1,1
17032,298,277,0,0,1
17033,299,298,0,1,1
17034,301,280,0,1,1
17035,303,284,0,1,1
17036,306,305,0,1,1
17037,307,326,0,1,1
17038,309,328,0,1,1
17039,311,292,0,1,1
17040,315,296,4,1,1
17041,319,318,0,1,1
17042,323,304,0,1,1
17043,327,326,0,1,1
17044,331,352,0,1,1
17045,335,336,0,1,1
17046,339,318,0,1,1
17047,341,320,0,1,1
17048,342,322,0,1,1
17049,343,364,0,1,1
17050,346,345,0,1,1
17051,351,352,0,1,1
17052,355,354,0,1,1
17053,359,358,0,1,1
17054,363,364,0,1,1
17055,366,345,0,1,1
17056,367,388,0,1,1
17057,370,389,98,1,1
17058,371,352,0,1,1
17059,374,373,0,1,1
17060,375,354,0,1,1
17061,379,358,0,1,1
17062,382,361,5,1,1
17063,383,384,0,1,1
17064,387,388,0,1,1
17065,390,369,0,1,1
17066,391,410,0,1,1
17067,394,373,0,1,1
17068,395,396,0,1,1
17069,398,397,99,1,1
17070,399,378,0,1,1
17071,403,402,0,1,1
17072,407,388,0,1,1
17073,415,396,0,1,1
17074,427,428,0,1,1
17075,429,408,0,1,1
17076,431,410,0,1,1
17077,435,436,0,1,1
17078,438,417,0,1,1
17079,439,418,0,1,1
17080,23,24,0,1,1
17081,27,426,0,1,1
17082,30,29,0,1,1
17083,35,36,0,1,1
17084,43,24,0,1,1
17085,47,28,0,1,1
17086,51,52,0,1,1
17087,55,56,0,1,1
17088,59,38,0,1,1
17089,63,82,0,1,1
17090,66,65,0,1,1
17091,67,7,99,1,1
17092,70,89,0,1,1
17093,71,12,0,1,1
17094,75,16,0,1,1
17095,79,19,0,1,1
17096,83,82,0,1,1
17097,87,68,0,1,1
17098,91,92,0,1,1
17099,95,116,0,1,1
17100,103,82,0,1,1
17101,107,88,0,1,1
17102,111,112,0,1,1
17103,115,116,0,1,1
17104,119,98,0,1,1
17105,123,144,0,1,1
17106,127,148,0,1,1
17107,131,132,97,1,1
17108,135,116,0,1,1
17109,138,117,0,1,1
17110,139,158,0,1,1
17111,142,162,0,1,1
17112,143,144,0,1,1
17113,147,148,0,1,1
17114,150,149,0,1,1
17115,155,174,0,1,1
17116,159,158,0,1,1
17117,163,164,0,1,1
17118,167,148,0,1,1
17119,170,189,0,1,1
17120,171,152,0,1,1
17121,175,174,0,1,1
17122,179,158,0,1,1
17123,183,164,0,1,1
17124,187,208,0,1,1
17125,191,172,0,1,1
17126,195,216,0,1,1
17127,203,184,0,1,1
17128,210,209,0,1,1
17129,211,212,0,1,1
17130,218,217,0,1,1
17131,219,238,0,1,1
17132,222,241,0,1,1
17133,223,204,0,1,1
17134,227,248,0,1,1
17135,230,249,0,1,1
17136,231,250,1,1,1
17137,234,233,0,1,1
17138,239,238,0,1,1
17139,243,262,0,1,1
17140,247,248,0,1,1
17141,251,250,35,1,1
17142,254,273,0,1,1
17143,255,256,0,1,1
17144,259,278,0,1,1
17145,263,262,0,1,1
17146,266,285,0,0,1
17147,267,288,0,1,1
17148,271,250,32,1,1
17149,274,273,99,1,1
17150,279,258,0,1,1
17151,283,262,0,1,1
17152,287,288,0,1,1
17153,291,270,0,1,1
17154,295,294,0,1,1
17155,303,304,0,1,1
17156,307,288,0,1,1
17157,311,312,0,1,1
17158,315,294,0,1,1
17159,318,297,0,0,1
17160,319,338,0,1,1
17161,323,344,0,1,1
17162,327,308,0,1,1
17163,331,330,0,1,1
17164,335,356,0,1,1
17165,342,341,4,1,1
17166,343,362,0,1,1
17167,346,365,0,1,1
17168,347,328,4,1,1
17169,351,350,0,1,1
17170,355,336,0,1,1
17171,359,338,0,1,1
17172,363,362,0,1,1
17173,367,386,0,1,1
17174,370,350,31,1,1
17175,371,350,0,1,1
17176,374,393,0,1,1
17177,375,356,0,1,1
17178,379,378,0,1,1
17179,382,381,0,1,1
17180,383,404,0,1,1
17181,387,386,0,1,1
17182,391,392,0,1,1
17183,394,393,0,1,1
17184,395,416,0,1,1
17185,399,418,0,1,1
17186,403,404,0,1,1
17187,407,386,0,1,1
17188,411,432,4,1,1
17189,414,393,0,0,1
17190,415,416,4,1,1
17191,419,398,0,1,1
17192,422,421,0,1,1
17193,427,426,0,1,1
17194,431,432,0,1,1
17195,434,433,0,1,1
17196,435,34,0,1,1
17197,439,38,0,1,1
17198,23,44,0,1,1
17199,27,28,0,1,1
17200,31,30,0,1,1
17201,34,33,0,0,1
17202,35,56,0,1,1
17203,39,438,0,1,1
17204,43,44,0,1,1
17205,47,48,0,1,1
17206,50,49,0,1,1
17207,55,34,0,1,1
17208,58,37,0,1,1
17209,62,1,61,1,1
17210,63,4,0,1,1
17211,66,85,4,1,1
17212,67,8,99,1,1
17213,70,10,0,1,1
17214,71,72,4,1,1
17215,75,96,0,1,1
17216,78,17,0,0,1
17217,82,61,0,1,1
17218,83,64,4,1,1
17219,87,88,0,1,1
17220,91,112,0,1,1
17221,95,74,0,1,1
17222,98,117,0,1,1
17223,102,101,0,1,1
17224,103,104,0,1,1
17225,106,85,4,1,1
17226,107,108,0,1,1
17227,111,132,0,1,1
17228,114,133,0,1,1
17229,115,136,0,1,1
17230,118,97,0,1,1
17231,122,141,0,1,1
17232,123,124,0,1,1
17233,127,126,0,1,1
17234,130,129,0,0,1
17235,131,110,4,1,1
17236,135,136,0,1,1
17237,139,159,99,1,1
17238,143,164,0,1,1
17239,145,125,0,1,1
17240,147,168,0,1,1
17241,151,152,0,1,1
17242,155,136,0,1,1
17243,158,157,0,0,1
17244,159,178,0,1,1
17245,162,161,0,0,1
17246,163,184,0,1,1
17247,166,185,0,1,1
17248,167,186,0,1,1
17249,170,150,99,1,1
17250,171,172,0,1,1
17251,175,156,0,1,1
17252,183,204,0,1,1
17253,191,192,0,1,1
17254,194,193,0,1,1
17255,198,177,0,1,1
17256,199,218,0,1,1
17257,203,204,0,1,1
17258,206,185,0,1,1
17259,207,186,0,1,1
17260,209,228,0,0,1
17261,211,232,0,1,1
17262,214,213,0,1,1
17263,215,216,0,1,1
17264,222,242,99,1,1
17265,224,205,0,1,1
17266,225,204,0,1,1
17267,230,210,3,1,1
17268,231,232,0,1,1
17269,235,236,0,1,1
17270,238,237,0,1,1
17271,239,218,0,1,1
17272,243,223,99,1,1
17273,247,226,0,1,1
17274,250,269,0,1,1
17275,251,252,0,1,1
17276,254,274,0,1,1
17277,255,276,0,1,1
17278,258,257,0,1,1
17279,259,239,0,1,1
17280,262,261,0,0,1
17281,263,282,4,1,1
17282,266,286,0,0,1
17283,267,246,0,1,1
17284,271,272,0,1,1
17285,274,293,0,1,1
17286,275,256,0,1,1
17287,278,277,0,1,1
17288,279,298,0,1,1
17289,283,304,0,1,1
17290,287,286,4,1,1
17291,291,292,0,1,1
17292,295,276,0,1,1
17293,298,317,0,0,1
17294,299,318,0,1,1
17295,303,324,0,1,1
17296,306,286,4,1,1
17297,307,308,0,1,1
17298,309,289,0,1,1
17299,310,289,0,1,1
17300,311,332,0,1,1
17301,313,292,0,0,1
17302,315,336,0,1,1
17303,318,317,0,0,1
17304,323,324,0,1,1
17305,327,348,0,1,1
17306,331,332,0,1,1
17307,335,334,0,1,1
17308,338,317,0,1,1
17309,339,358,0,1,1
17310,342,361,0,1,1
17311,343,324,0,1,1
17312,350,329,52,1,1
17313,351,332,0,1,1
17314,355,356,0,1,1
17315,362,361,0,1,1
17316,363,384,0,1,1
17317,366,365,0,1,1
17318,367,348,0,1,1
17319,371,372,0,1,1
17320,374,354,99,1,1
17321,375,376,0,1,1
17322,378,357,0,0,1
17323,382,402,0,1,1
17324,383,403,99,1,1
17325,386,365,0,0,1
17326,387,368,0,1,1
17327,391,412,0,1,1
17328,392,372,0,1,1
17329,393,412,0,0,1
17330,395,394,0,1,1
17331,398,417,0,1,1
17332,403,424,0,1,1
17333,406,385,0,1,1
17334,407,408,0,1,1
17335,411,410,0,1,1
17336,415,436,0,1,1
17337,419,438,0,1,1
17338,422,21,0,1,1
17339,423,424,0,1,1
17340,427,408,0,1,1
17341,430,409,0,0,1
17342,431,412,0,1,1
17343,435,416,4,1,1
17344,23,422,0,1,1
17345,26,425,0,1,1
17346,27,48,0,1,1
17347,30,49,0,1,1
17348,31,430,0,1,1
17349,34,53,0,0,1
17350,38,437,0,0,1
17351,39,58,5,1,1
17352,43,42,0,1,1
17353,46,25,0,1,1
17354,51,50,0,1,1
17355,55,54,0,1,1
17356,59,58,0,1,1
17357,63,64,0,1,1
17358,67,68,0,1,1
17359,70,11,87,1,1
17360,71,92,0,1,1
17361,74,13,0,0,1
17362,75,94,0,1,1
17363,79,78,0,1,1
17364,83,102,0,1,1
17365,87,108,0,1,1
17366,90,89,0,1,1
17367,91,70,0,1,1
17368,95,94,0,1,1
17369,99,78,0,1,1
17370,103,124,0,1,1
17371,107,86,0,1,1
17372,110,89,0,1,1
17373,115,114,5,1,1
17374,122,102,18,1,1
17375,123,102,0,1,1
17376,126,125,0,0,1
17377,127,128,0,1,1
17378,130,149,0,0,1
17379,131,130,0,1,1
17380,134,113,0,1,1
17381,135,156,99,1,1
17382,146,125,0,1,1
17383,147,146,0,1,1
17384,150,130,0,1,1
17385,151,172,0,1,1
17386,155,156,0,1,1
17387,159,138,0,1,1
17388,163,162,0,1,1
17389,167,188,0,1,1
17390,169,168,2,1,1
17391,170,190,0,1,1
17392,171,151,100,1,1
17393,175,196,0,1,1
17394,178,157,0,1,1
17395,183,162,0,1,1
17396,186,185,0,1,1
17397,187,166,0,1,1
17398,188,168,99,1,1
17399,191,212,0,1,1
17400,195,194,3,1,1
17401,199,179,100,1,1
17402,202,182,5,1,1
17403,203,224,0,1,1
17404,204,184,0,1,1
17405,207,206,0,1,1
17406,210,191,73,1,1
17407,211,191,6,1,1
17408,213,212,0,0,1
17409,215,236,0,1,1
17410,218,237,0,1,1
17411,222,203,100,1,1
17412,223,242,0,1,1
17413,226,205,0,0,1
17414,227,206,0,1,1
17415,230,250,100,1,1
17416,231,252,0,1,1
17417,234,214,2,1,1
17418,235,256,0,1,1
17419,237,236,0,0,1
17420,238,257,0,1,1
17421,239,258,0,1,1
17422,242,221,0,1,1
17423,243,244,0,1,1
17424,245,224,100,1,1
17425,246,225,4,1,1
17426,247,268,0,1,1
17427,251,272,0,1,1
17428,258,277,0,1,1
17429,263,244,0,1,1
17430,267,266,0,1,1
17431,271,270,60,1,1
17432,275,276,0,1,1
17433,278,297,0,1,1
17434,282,261,0,1,1
17435,283,282,0,1,1
17436,286,305,0,1,1
17437,287,308,0,1,1
17438,295,314,0,1,1
17439,299,279,98,1,1
17440,302,321,0,1,1
17441,303,302,0,1,1
17442,307,306,0,1,1
17443,311,310,0,1,1
17444,315,314,0,1,1
17445,318,337,0,0,1
17446,323,302,0,1,1
17447,324,325,0,1,1
17448,326,325,0,0,1
17449,327,328,0,1,1
17450,330,329,0,0,1
17451,331,350,0,1,1
17452,334,333,0,1,1
17453,335,354,0,1,1
17454,338,337,0,1,1
17455,342,362,5,1,1
17456,346,366,0,1,1
17457,347,326,0,1,1
17458,351,372,0,1,1
17459,355,376,0,1,1
17460,358,357,0,1,1
17461,359,378,0,1,1
17462,361,340,4,1,1
17463,363,342,0,1,1
17464,366,385,0,1,1
17465,367,368,0,1,1
17466,371,392,0,1,1
17467,374,394,71,1,1
17468,375,396,0,1,1
17469,382,362,5,1,1
17470,387,408,0,1,1
17471,390,409,0,1,1
17472,391,370,0,1,1
17473,393,373,0,0,1
17474,394,413,0,1,1
17475,398,418,57,1,1
17476,402,401,0,0,1
17477,403,384,0,1,1
17478,407,428,0,1,1
17479,411,392,0,1,1
17480,414,413,0,0,1
17481,415,434,0,1,1
17482,416,437,0,1,1
17483,423,24,0,1,1
17484,427,28,0,1,1
17485,431,430,0,1,1
17486,435,36,0,1,1
17487,438,437,0,1,1
17488,23,42,0,1,1
17489,27,46,0,1,1
17490,35,34,0,1,1
17491,47,26,0,1,1
17492,51,30,0,1,1
17493,54,53,0,0,1
17494,58,57,0,1,1
17495,62,61,0,1,1
17496,63,84,0,1,1
17497,66,6,93,1,1
17498,67,88,0,1,1
17499,70,90,99,1,1
17500,71,90,0,1,1
17501,75,76,0,1,1
17502,78,18,0,0,1
17503,87,66,5,1,1
17504,91,110,0,1,1
17505,94,73,0,1,1
17506,98,118,93,1,1
17507,99,118,0,1,1
17508,102,121,0,1,1
17509,107,128,0,1,1
17510,111,110,0,1,1
17511,114,134,5,1,1
17512,119,99,5,1,1
17513,127,146,0,1,1
17514,131,152,0,1,1
17515,138,157,0,1,1
17516,142,122,7,1,1
17517,143,122,0,1,1
17518,147,166,0,1,1
17519,155,176,0,1,1
17520,158,177,0,0,1
17521,162,181,0,0,1
17522,171,150,9,1,1
17523,179,178,0,1,1
17524,182,161,0,1,1
17525,183,202,0,1,1
17526,190,169,0,0,1
17527,194,213,0,1,1
17528,206,205,0,1,1
17529,207,188,0,1,1
17530,211,210,9,1,1
17531,214,233,0,1,1
17532,218,198,0,1,1
17533,219,239,100,1,1
17534,223,224,0,1,1
17535,227,246,0,1,1
17536,242,241,0,1,1
17537,244,245,0,1,1
17538,247,246,5,1,1
17539,250,229,0,1,1
17540,251,270,0,1,1
17541,254,235,98,1,1
17542,263,284,0,1,1
17543,266,246,0,0,1
17544,267,286,0,1,1
17545,271,290,0,1,1
17546,274,294,100,1,1
17547,275,294,5,1,1
17548,291,290,0,1,1
17549,295,316,0,1,1
17550,298,278,0,0,1
17551,302,322,0,1,1
17552,303,322,0,1,1
17553,307,287,0,1,1
17554,311,330,0,1,1
17555,314,293,0,0,1
17556,315,316,0,1,1
17557,319,298,0,1,1
17558,323,322,0,1,1
17559,331,351,100,1,1
17560,335,316,0,1,1
17561,339,338,0,1,1
17562,343,342,0,1,1
17563,350,349,19,1,1
17564,362,341,5,1,1
17565,363,382,0,1,1
17566,370,390,98,1,1
17567,374,355,70,1,1
17568,378,377,0,0,1
17569,382,403,99,1,1
17570,383,382,0,1,1
17571,391,371,100,1,1
17572,392,373,0,1,1
17573,395,375,100,1,1
17574,399,398,0,1,1
17575,407,406,0,1,1
17576,411,412,0,1,1
17577,413,432,9,1,1
17578,422,402,0,1,1
17579,423,402,0,1,1
17580,430,29,0,0,1
17581,431,30,0,1,1
17582,434,33,0,1,1
17583,435,414,0,1,1
17584,438,37,0,1,1
17585,439,438,0,1,1
17586,23,423,100,1,1
17587,26,25,0,1,1
17588,35,434,0,1,1
17589,42,21,0,1,1
17590,55,35,0,1,1
17591,63,62,0,1,1
17592,66,7,99,1,1
17593,67,86,0,1,1
17594,71,70,0,1,1
17595,75,74,0,1,1
17596,78,19,0,0,1
17597,87,106,0,1,1
17598,91,111,30,1,1
17599,95,114,0,1,1
17600,103,102,0,1,1
17601,110,109,99,1,1
17602,118,117,0,1,1
17603,127,107,100,1,1
17604,143,162,0,1,1
17605,155,135,2,1,1
17606,163,182,0,1,1
17607,166,165,0,1,1
17608,175,194,0,1,1
17609,181,160,0,0,1
17610,183,203,0,1,1
17611,187,186,0,1,1
17612,188,208,99,1,1
17613,195,214,1,1,1
17614,211,230,0,1,1
17615,215,194,0,1,1
17616,230,251,100,1,1
17617,233,212,0,1,1
17618,235,214,0,1,1
17619,237,216,0,0,1
17620,244,265,0,1,1
17621,245,265,0,1,1
17622,246,245,0,1,1
17623,250,249,0,1,1
17624,254,275,98,1,1
17625,255,274,0,1,1
17626,257,236,0,0,1
17627,267,247,69,1,1
17628,270,269,0,1,1
17629,271,292,0,1,1
17630,283,302,0,1,1
17631,290,269,0,1,1
17632,294,273,93,1,1
17633,299,319,100,1,1
17634,303,283,97,1,1
17635,307,328,0,1,1
17636,311,291,100,1,1
17637,313,332,0,0,1
17638,322,321,0,0,1
17639,335,315,9,1,1
17640,338,357,0,1,1
17641,341,360,0,1,1
17642,342,323,98,1,1
17643,347,366,0,1,1
17644,354,333,97,1,1
17645,363,343,98,1,1
17646,390,410,5,1,1
17647,391,411,100,1,1
17648,402,421,0,0,1
17649,403,423,0,1,1
17650,406,425,0,1,1
17651,415,394,0,1,1
17652,419,439,100,1,1
17653,431,32,0,1,1
17654,23,424,0,1,1
17655,27,26,0,1,1
17656,31,50,0,1,1
17657,35,54,0,1,1
17658,58,38,0,1,1
17659,62,81,0,1,1
17660,67,66,4,1,1
17661,74,73,0,0,1
17662,79,98,0,1,1
17663,83,63,100,1,1
17664,98,78,0,1,1
17665,99,98,0,1,1
17666,102,82,99,1,1
17667,106,105,0,1,1
17668,107,106,0,1,1
17669,110,129,0,1,1
17670,115,95,4,1,1
17671,127,147,100,1,1
17672,134,133,0,1,1
17673,150,169,4,1,1
17674,155,175,100,1,1
17675,167,187,0,1,1
17676,182,181,0,1,1
17677,186,206,0,1,1
17678,187,206,0,1,1
17679,194,174,36,1,1
17680,195,215,98,1,1
17681,211,231,5,1,1
17682,224,244,48,1,1
17683,243,222,0,1,1
17684,259,279,0,1,1
17685,267,287,62,1,1
17686,291,310,0,1,1
17687,303,323,97,1,1
17688,307,327,0,1,1
17689,310,329,99,1,1
17690,319,339,0,1,1
17691,331,311,100,1,1
17692,335,355,0,1,1
17693,346,347,99,1,1
17694,371,390,0,1,1
17695,386,385,0,0,1
17696,387,406,0,1,1
17697,410,389,0,1,1
17698,411,390,0,1,1
17699,418,397,40,1,1
17700,423,422,0,1,1
17701,427,406,0,1,1
17702,26,45,0,1,1
17703,42,41,0,1,1
17704,78,97,0,0,1
17705,87,67,4,1,1
17706,95,75,99,1,1
17707,106,125,0,1,1
17708,107,126,0,1,1
17709,114,93,4,1,1
17710,123,122,0,1,1
17711,131,150,0,1,1
17712,135,115,0,1,1
17713,151,130,0,1,1
17714,162,182,0,0,1
17715,169,148,0,1,1
17716,183,163,0,1,1
17717,206,225,1,1,1
17718,214,194,4,1,1
17719,246,226,0,1,1
17720,275,274,0,1,1
17721,287,306,0,1,1
17722,327,306,0,1,1
17723,366,386,0,1,1
17724,375,394,0,1,1
17725,406,386,0,1,1
17726,422,22,7,1,1
17727,427,26,0,1,1
17728,430,410,0,0,1
17729,435,35,87,1,1
17730,438,418,99,1,1
17731,22,421,0,1,1
17732,50,30,5,1,1
17733,74,14,0,0,1
17734,126,145,0,0,1
17735,182,201,0,1,1
17736,215,214,0,1,1
17737,225,205,0,1,1
17738,255,275,100,1,1
17739,262,281,0,0,1
17740,263,283,98,1,1
17741,282,281,0,1,1
17742,302,281,0,1,1
17743,310,290,0,1,1
17744,328,348,99,1,1
17745,329,308,0,1,1
17746,355,375,96,1,1
17747,367,366,0,1,1
17748,374,375,69,1,1
17749,386,405,0,0,1
17750,387,366,0,1,1
17751,394,414,0,1,1
17752,407,427,100,1,1
17753,30,429,0,1,1
17754,62,2,100,1,1
17755,111,131,0,1,1
17756,114,94,0,1,1
17757,151,150,0,1,1
17758,171,191,100,1,1
17759,227,207,0,1,1
17760,281,260,0,0,1
17761,290,289,0,1,1
17762,375,355,0,1,1
17763,406,426,100,1,1
17764,414,434,0,0,1
17765,419,399,64,1,1
17766,103,122,0,1,1
17767,123,142,4,1,1
17768,143,142,0,1,1
17769,203,202,4,1,1
17770,247,266,0,1,1
17771,298,318,0,0,1
17772,351,370,0,1,1
17773,395,374,0,1,1
17774,87,107,100,1,1
17775,94,113,0,1,1
17776,118,137,4,1,1
17777,163,143,100,1,1
17778,174,173,0,1,1
17779,309,329,89,1,1
17780,426,405,0,1,1
17781,191,210,9,1,1
17782,434,413,1,1,1
17783,83,103,100,1,1
17784,235,234,0,1,1
17785,255,234,0,1,1
17786,275,254,0,1,1
17787,327,346,0,1,1
17788,371,370,0,1,1
17789,171,170,0,1,1
17790,392,412,0,1,1
17791,223,202,0,1,1
17792,287,266,0,1,1
17793,178,197,0,1,1
17794,231,230,0,1,1
17795,251,231,100,1,1
17796,347,346,0,1,1
17797,215,234,0,1,1
17798,359,379,0,1,1
17799,226,245,0,0,1
17800,206,226,0,1,1
17801,223,222,0,1,1
17802,235,254,0,1,1
17803,355,374,4,1,1
17804,375,374,4,1,1
17805,367,346,0,1,1
17806,392,393,0,1,1
17807,27,427,98,1,1
17808,39,59,97,1,1
17809,178,177,0,1,1
17810,315,295,97,1,1
17811,327,347,40,1,1
17812,63,83,0,1,1
17813,191,170,0,1,1
17814,222,202,0,1,1
17815,238,218,0,1,1
17816,250,270,0,1,1
17817,263,243,4,1,1
17818,392,413,0,1,1
17819,359,339,0,1,1
17820,178,158,0,1,1
17821,151,170,0,1,1
17822,131,151,99,1,1
17823,178,198,0,1,1
17824,225,224,7,1,1
17825,207,227,98,1,1
17826,247,227,100,1,1
17827,439,39,0,1,1
17828,227,247,0,1,1
17829,78,98,0,0,1
17830,347,327,14,1,1
17831,387,367,100,1,1
17832,39,439,97,1,1
17833,51,31,0,1,1
17834,399,379,0,1,1
17835,407,387,1,1,1
17836,167,147,99,1,1
17837,430,30,0,0,1
17838,47,27,91,1,1
17839,243,263,69,1,1
17840,255,235,100,1,1
17841,271,291,100,1,1
17842,347,367,100,1,1
17843,91,71,0,1,1
17844,139,119,99,1,1
17845,215,235,0,1,1
17846,395,415,92,1,1
17847,187,207,97,1,1
17848,195,175,100,1,1
17849,159,179,100,1,1
17850,431,411,85,1,1
17851,123,103,99,1,1
17852,31,431,100,1,1
17853,379,359,100,1,1
17854,435,415,5,1,1
17855,351,371,100,1,1
17856,99,79,40,1,1
17857,163,183,100,1,1
17858,251,271,0,1,1
17859,123,143,100,1,1
17860,35,55,100,1,1
17861,339,319,98,1,1
17862,339,359,98,1,1
17863,219,199,20,1,1
17864,286,306,93,1,1
17865,234,254,100,1,1
17866,301,300,0,1,1
17867,199,219,30,1,1
17868,301,320,0,1,1
17869,275,295,5,1,1
17870,383,363,5,1,1
17871,274,254,66,1,1
17872,135,155,16,1,1
17873,131,111,100,1,1
17874,329,328,0,1,1
17875,301,281,0,1,1
17876,301,321,0,1,1
17877,23,43,57,1,1
17878,301,282,5,1,1
17879,301,302,85,1,1
17880,329,348,0,1,1
17881,290,309,0,1,1
17882,79,99,0,1,1
17883,301,322,0,1,1
17884,290,270,99,1,1
17885,290,310,9,1,1
17886,110,90,99,1,1
17887,329,349,0,1,1
17888,329,330,0,1,1
17889,206,186,0,1,1
17890,27,47,0,1,1
17891,35,435,5,1,1
17892,71,91,100,1,1
17893,231,211,93,1,1
17894,231,251,0,1,1
17895,363,383,17,1,1
17896,287,307,100,1,1
17897,115,135,90,1,1
17898,110,130,0,1,1
17899,415,395,4,1,1
17900,237,256,0,0,1
17901,202,222,84,1,1
17902,237,217,0,0,1
17903,387,407,9,1,1
17904,214,234,4,1,1
17905,59,39,0,1,1
17906,237,257,0,0,1
17907,122,142,0,1,1
17908,390,370,0,1,1
17909,237,218,0,0,1
17910,237,238,0,0,1
17911,239,219,0,1,1
17912,343,363,0,1,1
17913,106,86,0,1,1
17914,106,126,0,1,1
17915,95,115,7,1,1
17916,159,139,0,1,1
17917,254,234,0,1,1
17918,279,299,0,1,1
17919,311,331,0,1,1
17920,423,403,99,1,1
17921,134,153,0,1,1
17922,323,343,0,1,1
17923,250,230,0,1,1
17924,150,170,0,1,1
17925,247,267,14,1,1
17926,134,114,72,1,1
17927,279,259,98,1,1
17928,283,263,0,1,1
17929,278,298,0,1,1
17930,315,335,86,1,1
17931,366,346,0,1,1
17932,278,258,0,1,1
17933,187,167,98,1,1
17934,400,380,5,1,1
17935,282,301,19,1,1
17936,282,262,0,1,1
