idx,pre,post,conductance,alive,is_new
0,0,59,99,1,0
1,0,371,99,1,0
2,0,364,4,1,0
3,0,249,25,1,0
4,0,310,99,1,0
5,0,137,99,1,0
6,0,399,8,1,0
7,0,145,99,1,0
8,0,172,98,1,0
9,0,423,99,1,0
10,0,382,99,1,0
11,0,366,18,1,0
12,0,275,8,1,0
13,0,271,99,1,0
14,0,324,98,1,0
15,0,341,99,1,0
16,0,220,99,1,0
17,0,298,0,1,0
18,0,335,99,1,0
19,0,351,99,1,0
20,0,330,0,1,0
21,0,420,99,1,0
22,0,405,0,1,0
23,0,54,0,1,0
24,0,251,99,1,0
25,0,385,99,1,0
26,0,167,99,1,0
27,0,316,98,1,0
28,0,97,99,1,0
29,0,401,99,1,0
30,0,389,0,1,0
31,0,208,0,1,0
32,0,425,4,1,0
33,0,276,98,1,0
34,0,146,0,1,0
35,0,415,43,1,0
36,0,329,8,1,0
37,0,130,99,1,0
38,0,320,3,1,0
39,0,384,98,1,0
40,0,313,18,1,0
41,0,56,98,1,0
42,0,63,99,1,0
43,0,253,99,1,0
44,0,44,98,1,0
45,0,387,9,1,0
46,0,143,99,1,0
47,0,165,98,1,0
48,0,293,0,1,0
49,0,168,98,1,0
50,0,402,0,1,0
51,0,245,99,1,0
52,0,127,99,1,0
53,0,50,0,1,0
54,0,71,99,1,0
55,0,157,8,1,0
56,0,289,8,1,0
57,0,412,99,1,0
58,0,325,0,1,0
59,0,322,13,1,0
60,0,89,99,1,0
61,0,211,99,1,0
62,0,69,2,1,0
63,0,122,99,1,0
64,0,83,99,1,0
65,0,150,99,1,0
66,0,119,8,1,0
67,0,200,4,1,0
68,0,206,99,1,0
69,0,217,99,1,0
70,0,178,99,1,0
71,0,277,98,1,0
72,0,43,99,1,0
73,0,174,99,1,0
74,0,136,99,1,0
75,0,370,99,1,0
76,0,219,99,1,0
77,0,347,99,1,0
78,0,202,0,1,0
79,0,274,99,1,0
80,1,281,99,1,0
81,1,194,8,1,0
82,1,21,98,1,0
83,1,278,99,1,0
84,1,108,20,1,0
85,1,397,0,1,0
86,1,225,99,1,0
87,1,381,98,1,0
88,1,122,8,1,0
89,1,89,99,1,0
90,1,174,8,1,0
91,1,66,9,1,0
92,1,58,8,1,0
93,1,251,99,1,0
94,1,295,98,1,0
95,1,76,98,1,0
96,1,136,4,1,0
97,1,181,98,1,0
98,1,130,8,1,0
99,1,302,98,1,0
100,1,434,0,1,0
101,1,91,98,1,0
102,1,172,98,1,0
103,1,112,99,1,0
104,1,84,25,1,0
105,1,120,99,1,0
106,1,126,4,1,0
107,1,275,98,1,0
108,1,418,8,1,0
109,1,36,4,1,0
110,1,62,99,1,0
111,1,153,0,1,0
112,1,417,99,1,0
113,1,324,98,1,0
114,1,306,4,1,0
115,1,323,13,1,0
116,1,165,98,1,0
117,1,147,99,1,0
118,1,213,3,1,0
119,1,125,98,1,0
120,1,236,99,1,0
121,1,276,98,1,0
122,1,207,98,1,0
123,1,133,99,1,0
124,1,371,99,1,0
125,1,118,4,1,0
126,1,384,0,1,0
127,1,168,98,1,0
128,1,222,99,1,0
129,1,386,3,1,0
130,1,408,85,1,0
131,1,265,98,1,0
132,1,425,4,1,0
133,1,368,3,1,0
134,1,271,98,1,0
135,1,193,99,1,0
136,1,54,9,1,0
137,1,28,3,1,0
138,1,308,4,1,0
139,1,175,99,1,0
140,1,359,98,1,0
141,1,121,99,1,0
142,1,208,0,1,0
143,1,335,99,1,0
144,1,155,98,1,0
145,1,145,4,1,0
146,1,334,99,1,0
147,1,135,99,1,0
148,1,215,98,1,0
149,1,189,98,1,0
150,1,210,99,1,0
151,1,205,7,1,0
152,1,415,98,1,0
153,1,72,0,1,0
154,1,298,99,1,0
155,1,79,98,1,0
156,1,233,4,1,0
157,1,87,99,1,0
158,1,227,98,1,0
159,1,70,8,1,0
160,2,190,98,1,0
161,2,58,99,1,0
162,2,323,99,1,0
163,2,274,99,1,0
164,2,317,0,1,0
165,2,261,99,1,0
166,2,428,3,1,0
167,2,253,99,1,0
168,2,49,3,1,0
169,2,381,99,1,0
170,2,88,0,1,0
171,2,333,4,1,0
172,2,56,64,1,0
173,2,419,99,1,0
174,2,68,20,1,0
175,2,300,0,1,0
176,2,34,99,1,0
177,2,95,99,1,0
178,2,382,99,1,0
179,2,186,99,1,0
180,2,320,98,1,0
181,2,295,99,1,0
182,2,401,99,1,0
183,2,46,18,1,0
184,2,378,99,1,0
185,2,413,99,1,0
186,2,61,44,1,0
187,2,291,99,1,0
188,2,162,99,1,0
189,2,139,99,1,0
190,2,74,99,1,0
191,2,106,99,1,0
192,2,284,89,1,0
193,2,174,8,1,0
194,2,76,98,1,0
195,2,279,99,1,0
196,2,310,99,1,0
197,2,399,49,1,0
198,2,341,99,1,0
199,2,101,99,1,0
200,2,197,99,1,0
201,2,50,4,1,0
202,2,44,98,1,0
203,2,270,13,1,0
204,2,62,0,1,0
205,2,289,99,1,0
206,2,117,98,1,0
207,2,342,99,1,0
208,2,395,99,1,0
209,2,152,25,1,0
210,2,112,0,1,0
211,2,418,99,1,0
212,2,77,4,1,0
213,2,39,99,1,0
214,2,423,99,1,0
215,2,278,99,1,0
216,2,157,99,1,0
217,2,141,4,1,0
218,2,416,20,1,0
219,2,364,4,1,0
220,2,332,99,1,0
221,2,219,99,1,0
222,2,363,99,1,0
223,2,337,98,1,0
224,2,159,99,1,0
225,2,353,35,1,0
226,2,137,99,1,0
227,2,384,44,1,0
228,2,349,99,1,0
229,2,86,99,1,0
230,2,151,99,1,0
231,2,303,99,1,0
232,2,358,99,1,0
233,2,420,99,1,0
234,2,335,99,1,0
235,2,32,3,1,0
236,2,316,98,1,0
237,2,221,98,1,0
238,2,275,99,1,0
239,2,202,0,1,0
240,3,392,0,1,0
241,3,218,0,1,0
242,3,288,99,1,0
243,3,184,0,1,0
244,3,99,99,1,0
245,3,337,3,1,0
246,3,27,99,1,0
247,3,359,99,1,0
248,3,313,0,1,0
249,3,256,30,1,0
250,3,244,99,1,0
251,3,33,0,1,0
252,3,188,99,1,0
253,3,357,0,1,0
254,3,194,0,1,0
255,3,49,42,1,0
256,3,314,0,1,0
257,3,411,99,1,0
258,3,23,99,1,0
259,3,222,0,1,0
260,3,93,99,1,0
261,3,273,4,1,0
262,3,140,99,1,0
263,3,170,0,1,0
264,3,104,25,1,0
265,3,379,99,1,0
266,3,135,99,1,0
267,3,346,3,1,0
268,3,126,0,1,0
269,3,365,0,1,0
270,3,387,99,1,0
271,3,40,3,1,0
272,3,245,0,1,0
273,3,34,0,1,0
274,3,174,0,1,0
275,3,107,99,1,0
276,3,429,3,1,0
277,3,239,99,1,0
278,3,181,98,1,0
279,3,227,99,1,0
280,3,94,99,1,0
281,3,73,4,1,0
282,3,289,99,1,0
283,3,430,99,1,0
284,3,156,98,1,0
285,3,399,99,1,0
286,3,349,0,1,0
287,3,344,0,1,0
288,3,282,99,1,0
289,3,155,99,1,0
290,3,393,0,1,0
291,3,230,0,1,0
292,3,103,99,1,0
293,3,220,0,1,0
294,3,58,0,1,0
295,3,320,98,1,0
296,3,352,3,1,0
297,3,253,0,1,0
298,3,426,0,1,0
299,3,367,99,1,0
300,3,381,99,1,0
301,3,398,99,1,0
302,3,197,99,1,0
303,3,424,99,1,0
304,3,31,99,1,0
305,3,67,99,1,0
306,3,409,98,1,0
307,3,21,98,1,0
308,3,157,99,1,0
309,3,389,0,1,0
310,3,96,25,1,0
311,3,91,99,1,0
312,3,308,4,1,0
313,3,148,30,1,0
314,3,52,8,1,0
315,3,113,0,1,0
316,3,293,0,1,0
317,3,385,99,1,0
318,3,46,0,1,0
319,3,47,99,1,0
320,4,224,98,1,0
321,4,59,99,1,0
322,4,355,99,1,0
323,4,346,98,1,0
324,4,29,98,1,0
325,4,426,8,1,0
326,4,103,99,1,0
327,4,26,99,1,0
328,4,414,98,1,0
329,4,133,99,1,0
330,4,378,83,1,0
331,4,335,99,1,0
332,4,31,99,1,0
333,4,320,0,1,0
334,4,409,98,1,0
335,4,194,99,1,0
336,4,166,99,1,0
337,4,386,98,1,0
338,4,120,99,1,0
339,4,340,99,1,0
340,4,174,4,1,0
341,4,357,99,1,0
342,4,75,99,1,0
343,4,351,99,1,0
344,4,51,98,1,0
345,4,337,98,1,0
346,4,246,99,1,0
347,4,403,98,1,0
348,4,250,98,1,0
349,4,268,98,1,0
350,4,117,98,1,0
351,4,358,4,1,0
352,4,428,98,1,0
353,4,27,99,1,0
354,4,329,98,1,0
355,4,45,4,1,0
356,4,80,98,1,0
357,4,290,99,1,0
358,4,283,99,1,0
359,4,88,99,1,0
360,4,371,99,1,0
361,4,255,98,1,0
362,4,160,0,1,0
363,4,49,98,1,0
364,4,243,98,1,0
365,4,40,98,1,0
366,4,419,98,1,0
367,4,128,98,1,0
368,4,129,99,1,0
369,4,67,98,1,0
370,4,390,99,1,0
371,4,102,99,1,0
372,4,338,99,1,0
373,4,313,99,1,0
374,4,91,99,1,0
375,4,186,99,1,0
376,4,368,98,1,0
377,4,232,98,1,0
378,4,286,9,1,0
379,4,254,99,1,0
380,4,330,99,1,0
381,4,401,4,1,0
382,4,147,99,1,0
383,4,261,99,1,0
384,4,169,99,1,0
385,4,344,99,1,0
386,4,285,99,1,0
387,4,352,98,1,0
388,4,143,99,1,0
389,4,72,0,1,0
390,4,301,98,1,0
391,4,392,98,1,0
392,4,37,98,1,0
393,4,225,99,1,0
394,4,66,17,1,0
395,4,89,4,1,0
396,4,122,85,1,0
397,4,221,97,1,0
398,4,281,70,1,0
399,4,257,98,1,0
400,5,77,0,1,0
401,5,99,0,1,0
402,5,220,0,1,0
403,5,202,0,1,0
404,5,216,98,1,0
405,5,97,99,1,0
406,5,160,0,1,0
407,5,250,99,1,0
408,5,373,0,1,0
409,5,213,3,1,0
410,5,198,62,1,0
411,5,271,99,1,0
412,5,255,99,1,0
413,5,402,0,1,0
414,5,332,99,1,0
415,5,282,99,1,0
416,5,50,0,1,0
417,5,150,0,1,0
418,5,280,0,1,0
419,5,192,98,1,0
420,5,393,0,1,0
421,5,189,98,1,0
422,5,411,99,1,0
423,5,130,0,1,0
424,5,76,0,1,0
425,5,366,99,1,0
426,5,124,98,1,0
427,5,263,99,1,0
428,5,47,99,1,0
429,5,29,98,1,0
430,5,361,99,1,0
431,5,268,98,1,0
432,5,119,99,1,0
433,5,350,99,1,0
434,5,163,99,1,0
435,5,117,8,1,0
436,5,84,25,1,0
437,5,105,0,1,0
438,5,25,0,1,0
439,5,428,98,1,0
440,5,244,99,1,0
441,5,333,0,1,0
442,5,58,0,1,0
443,5,73,4,1,0
444,5,211,99,1,0
445,5,254,0,1,0
446,5,301,3,1,0
447,5,378,0,1,0
448,5,40,3,1,0
449,5,302,99,1,0
450,5,52,98,1,0
451,5,92,98,1,0
452,5,159,99,1,0
453,5,141,99,1,0
454,5,238,0,1,0
455,5,204,98,1,0
456,5,408,97,1,0
457,5,394,0,1,0
458,5,420,0,1,0
459,5,101,99,1,0
460,5,143,99,1,0
461,5,376,99,1,0
462,5,336,99,1,0
463,5,304,0,1,0
464,5,343,99,1,0
465,5,87,99,1,0
466,5,106,0,1,0
467,5,107,99,1,0
468,5,257,98,1,0
469,5,139,99,1,0
470,5,293,0,1,0
471,5,243,99,1,0
472,5,388,99,1,0
473,5,128,98,1,0
474,5,111,99,1,0
475,5,70,0,1,0
476,5,63,99,1,0
477,5,297,98,1,0
478,5,173,98,1,0
479,5,419,99,1,0
480,6,422,99,1,0
481,6,275,99,1,0
482,6,236,0,1,0
483,6,71,99,1,0
484,6,326,8,1,0
485,6,352,98,1,0
486,6,30,4,1,0
487,6,123,99,1,0
488,6,165,0,1,0
489,6,386,4,1,0
490,6,128,98,1,0
491,6,307,99,1,0
492,6,42,99,1,0
493,6,301,98,1,0
494,6,46,99,1,0
495,6,355,99,1,0
496,6,149,0,1,0
497,6,409,0,1,0
498,6,119,99,1,0
499,6,349,99,1,0
500,6,427,99,1,0
501,6,156,98,1,0
502,6,158,99,1,0
503,6,246,14,1,0
504,6,270,0,1,0
505,6,183,99,1,0
506,6,136,4,1,0
507,6,36,99,1,0
508,6,314,99,1,0
509,6,374,99,1,0
510,6,40,98,1,0
511,6,259,99,1,0
512,6,95,99,1,0
513,6,305,99,1,0
514,6,109,98,1,0
515,6,401,4,1,0
516,6,313,99,1,0
517,6,323,99,1,0
518,6,173,98,1,0
519,6,423,99,1,0
520,6,415,99,1,0
521,6,303,99,1,0
522,6,111,99,1,0
523,6,203,99,1,0
524,6,429,98,1,0
525,6,175,99,1,0
526,6,237,0,1,0
527,6,81,98,1,0
528,6,50,4,1,0
529,6,412,4,1,0
530,6,135,99,1,0
531,6,113,0,1,0
532,6,142,99,1,0
533,6,306,0,1,0
534,6,308,99,1,0
535,6,41,0,1,0
536,6,321,0,1,0
537,6,69,99,1,0
538,6,28,98,1,0
539,6,410,99,1,0
540,6,66,99,1,0
541,6,368,98,1,0
542,6,105,99,1,0
543,6,346,0,1,0
544,6,32,96,1,0
545,6,70,99,1,0
546,6,220,53,1,0
547,6,208,0,1,0
548,6,322,99,1,0
549,6,380,99,1,0
550,6,393,99,1,0
551,6,224,98,1,0
552,6,80,98,1,0
553,6,202,0,1,0
554,6,55,99,1,0
555,6,351,99,1,0
556,6,232,98,1,0
557,6,121,0,1,0
558,6,357,99,1,0
559,6,137,4,1,0
560,7,336,99,1,0
561,7,423,98,1,0
562,7,324,0,1,0
563,7,36,99,1,0
564,7,197,0,1,0
565,7,356,58,1,0
566,7,166,4,1,0
567,7,287,99,1,0
568,7,361,0,1,0
569,7,123,98,1,0
570,7,54,9,1,0
571,7,198,98,1,0
572,7,86,4,1,0
573,7,216,0,1,0
574,7,266,3,1,0
575,7,294,4,1,0
576,7,261,4,1,0
577,7,251,99,1,0
578,7,374,3,1,0
579,7,425,0,1,0
580,7,27,12,1,0
581,7,400,99,1,0
582,7,102,4,1,0
583,7,23,98,1,0
584,7,297,98,1,0
585,7,236,4,1,0
586,7,429,98,1,0
587,7,174,4,1,0
588,7,381,0,1,0
589,7,52,98,1,0
590,7,290,4,1,0
591,7,103,99,1,0
592,7,417,4,1,0
593,7,53,9,1,0
594,7,109,3,1,0
595,7,72,30,1,0
596,7,47,98,1,0
597,7,318,4,1,0
598,7,75,98,1,0
599,7,335,4,1,0
600,7,227,0,1,0
601,7,321,99,1,0
602,7,398,0,1,0
603,7,403,98,1,0
604,7,100,99,1,0
605,7,362,4,1,0
606,7,112,4,1,0
607,7,184,0,1,0
608,7,93,0,1,0
609,7,74,4,1,0
610,7,237,99,1,0
611,7,309,98,1,0
612,7,405,99,1,0
613,7,308,99,1,0
614,7,125,3,1,0
615,7,92,56,1,0
616,7,32,98,1,0
617,7,31,98,1,0
618,7,351,98,1,0
619,7,289,0,1,0
620,7,138,99,1,0
621,7,339,99,1,0
622,7,385,0,1,0
623,7,283,98,1,0
624,7,240,99,1,0
625,7,340,4,1,0
626,7,418,4,1,0
627,7,370,4,1,0
628,7,99,99,1,0
629,7,76,0,1,0
630,7,311,99,1,0
631,7,389,99,1,0
632,7,407,99,1,0
633,7,229,30,1,0
634,7,164,99,1,0
635,7,50,4,1,0
636,7,34,4,1,0
637,7,111,98,1,0
638,7,204,98,1,0
639,7,315,98,1,0
640,8,88,4,1,0
641,8,293,4,1,0
642,8,377,98,1,0
643,8,267,99,1,0
644,8,233,99,1,0
645,8,54,99,1,0
646,8,306,4,1,0
647,8,146,99,1,0
648,8,371,4,1,0
649,8,42,99,1,0
650,8,369,0,1,0
651,8,115,99,1,0
652,8,151,0,1,0
653,8,103,99,1,0
654,8,73,0,1,0
655,8,99,99,1,0
656,8,393,4,1,0
657,8,332,99,1,0
658,8,314,99,1,0
659,8,159,98,1,0
660,8,254,4,1,0
661,8,213,98,1,0
662,8,156,0,1,0
663,8,342,4,1,0
664,8,118,4,1,0
665,8,180,25,1,0
666,8,222,4,1,0
667,8,330,99,1,0
668,8,47,98,1,0
669,8,27,0,1,0
670,8,273,99,1,0
671,8,66,99,1,0
672,8,299,99,1,0
673,8,315,98,1,0
674,8,269,99,1,0
675,8,192,0,1,0
676,8,397,98,1,0
677,8,405,91,1,0
678,8,124,98,1,0
679,8,422,99,1,0
680,8,255,98,1,0
681,8,270,99,1,0
682,8,414,0,1,0
683,8,107,0,1,0
684,8,311,99,1,0
685,8,289,0,1,0
686,8,28,98,1,0
687,8,109,87,1,0
688,8,253,4,1,0
689,8,258,99,1,0
690,8,183,98,1,0
691,8,404,98,1,0
692,8,181,0,1,0
693,8,295,0,1,0
694,8,53,99,1,0
695,8,72,1,1,0
696,8,46,99,1,0
697,8,266,99,1,0
698,8,81,98,1,0
699,8,143,98,1,0
700,8,277,98,1,0
701,8,83,99,1,0
702,8,202,8,1,0
703,8,303,99,1,0
704,8,82,98,1,0
705,8,272,30,1,0
706,8,366,4,1,0
707,8,169,99,1,0
708,8,304,99,1,0
709,8,271,0,1,0
710,8,61,0,1,0
711,8,191,99,1,0
712,8,436,99,1,0
713,8,41,99,1,0
714,8,69,4,1,0
715,8,165,0,1,0
716,8,433,99,1,0
717,8,221,0,1,0
718,8,100,99,1,0
719,8,228,99,1,0
720,9,25,97,1,0
721,9,326,8,1,0
722,9,67,4,1,0
723,9,310,4,1,0
724,9,199,99,1,0
725,9,59,4,1,0
726,9,286,9,1,0
727,9,240,0,1,0
728,9,382,4,1,0
729,9,328,99,1,0
730,9,107,4,1,0
731,9,415,4,1,0
732,9,129,99,1,0
733,9,322,8,1,0
734,9,421,4,1,0
735,9,97,4,1,0
736,9,321,99,1,0
737,9,428,0,1,0
738,9,29,0,1,0
739,9,154,4,1,0
740,9,402,9,1,0
741,9,162,4,1,0
742,9,235,0,1,0
743,9,373,0,1,0
744,9,228,99,1,0
745,9,20,30,1,0
746,9,304,99,1,0
747,9,273,4,1,0
748,9,367,99,1,0
749,9,213,0,1,0
750,9,360,98,1,0
751,9,41,99,1,0
752,9,433,81,1,0
753,9,271,4,1,0
754,9,330,9,1,0
755,9,265,0,1,0
756,9,146,9,1,0
757,9,224,0,1,0
758,9,231,99,1,0
759,9,237,99,1,0
760,9,130,4,1,0
761,9,151,4,1,0
762,9,34,4,1,0
763,9,312,99,1,0
764,9,250,4,1,0
765,9,425,4,1,0
766,9,439,0,1,0
767,9,92,0,1,0
768,9,44,0,1,0
769,9,105,76,1,0
770,9,201,50,1,0
771,9,381,4,1,0
772,9,66,9,1,0
773,9,400,99,1,0
774,9,412,4,1,0
775,9,51,86,1,0
776,9,190,0,1,0
777,9,207,0,1,0
778,9,218,4,1,0
779,9,40,0,1,0
780,9,285,99,1,0
781,9,196,20,1,0
782,9,22,99,1,0
783,9,419,0,1,0
784,9,83,99,1,0
785,9,246,4,1,0
786,9,221,0,1,0
787,9,396,30,1,0
788,9,437,99,1,0
789,9,64,99,1,0
790,9,389,93,1,0
791,9,230,4,1,0
792,9,112,4,1,0
793,9,116,30,1,0
794,9,123,99,1,0
795,9,206,4,1,0
796,9,422,9,1,0
797,9,374,4,1,0
798,9,339,99,1,0
799,9,50,4,1,0
800,10,435,99,1,0
801,10,346,3,1,0
802,10,235,99,1,0
803,10,247,99,1,0
804,10,44,3,1,0
805,10,230,99,1,0
806,10,312,0,1,0
807,10,104,25,1,0
808,10,27,99,1,0
809,10,208,98,1,0
810,10,111,99,1,0
811,10,425,99,1,0
812,10,270,99,1,0
813,10,50,99,1,0
814,10,170,99,1,0
815,10,238,99,1,0
816,10,305,99,1,0
817,10,355,99,1,0
818,10,392,92,1,0
819,10,315,99,1,0
820,10,397,98,1,0
821,10,333,99,1,0
822,10,146,99,1,0
823,10,280,98,1,0
824,10,35,99,1,0
825,10,311,99,1,0
826,10,404,98,1,0
827,10,291,99,1,0
828,10,54,99,1,0
829,10,279,99,1,0
830,10,202,99,1,0
831,10,287,99,1,0
832,10,263,99,1,0
833,10,349,4,1,0
834,10,189,12,1,0
835,10,434,98,1,0
836,10,45,99,1,0
837,10,405,0,1,0
838,10,53,99,1,0
839,10,90,99,1,0
840,10,326,99,1,0
841,10,262,98,1,0
842,10,318,99,1,0
843,10,395,99,1,0
844,10,380,8,1,0
845,10,213,7,1,0
846,10,118,99,1,0
847,10,308,2,1,0
848,10,73,99,1,0
849,10,372,30,1,0
850,10,339,99,1,0
851,10,131,99,1,0
852,10,294,99,1,0
853,10,75,99,1,0
854,10,391,99,1,0
855,10,157,12,1,0
856,10,362,99,1,0
857,10,290,99,1,0
858,10,343,99,1,0
859,10,406,99,1,0
860,10,394,99,1,0
861,10,412,8,1,0
862,10,83,99,1,0
863,10,114,99,1,0
864,10,276,7,1,0
865,10,223,99,1,0
866,10,51,99,1,0
867,10,323,99,1,0
868,10,161,99,1,0
869,10,62,17,1,0
870,10,309,98,1,0
871,10,67,99,1,0
872,10,426,99,1,0
873,10,193,0,1,0
874,10,432,25,1,0
875,10,126,99,1,0
876,10,281,0,1,0
877,10,431,99,1,0
878,10,70,12,1,0
879,10,438,99,1,0
880,11,415,99,1,0
881,11,335,99,1,0
882,11,107,99,1,0
883,11,223,99,1,0
884,11,401,8,1,0
885,11,300,98,1,0
886,11,419,99,1,0
887,11,102,8,1,0
888,11,244,4,1,0
889,11,254,8,1,0
890,11,195,98,1,0
891,11,202,4,1,0
892,11,197,12,1,0
893,11,256,30,1,0
894,11,436,0,1,0
895,11,375,99,1,0
896,11,151,99,1,0
897,11,32,2,1,0
898,11,28,0,1,0
899,11,317,13,1,0
900,11,302,4,1,0
901,11,184,98,1,0
902,11,45,99,1,0
903,11,434,0,1,0
904,11,213,0,1,0
905,11,73,8,1,0
906,11,71,99,1,0
907,11,185,25,1,0
908,11,111,99,1,0
909,11,351,4,1,0
910,11,156,7,1,0
911,11,60,98,1,0
912,11,380,4,1,0
913,11,116,0,1,0
914,11,310,8,1,0
915,11,409,7,1,0
916,11,336,12,1,0
917,11,371,99,1,0
918,11,242,99,1,0
919,11,47,99,1,0
920,11,168,7,1,0
921,11,410,8,1,0
922,11,304,0,1,0
923,11,88,4,1,0
924,11,230,4,1,0
925,11,284,99,1,0
926,11,33,99,1,0
927,11,420,99,1,0
928,11,425,8,1,0
929,11,385,12,1,0
930,11,211,99,1,0
931,11,437,0,1,0
932,11,346,3,1,0
933,11,20,0,1,0
934,11,218,99,1,0
935,11,405,0,1,0
936,11,360,98,1,0
937,11,43,99,1,0
938,11,338,8,1,0
939,11,340,0,1,0
940,11,370,8,1,0
941,11,356,0,1,0
942,11,57,97,1,0
943,11,94,8,1,0
944,11,426,8,1,0
945,11,23,99,1,0
946,11,266,4,1,0
947,11,262,0,1,0
948,11,132,98,1,0
949,11,358,8,1,0
950,11,160,98,1,0
951,11,50,8,1,0
952,11,303,99,1,0
953,11,114,8,1,0
954,11,192,0,1,0
955,11,402,99,1,0
956,11,165,7,1,0
957,11,344,87,1,0
958,11,179,98,1,0
959,11,250,8,1,0
960,12,393,0,1,0
961,12,132,98,1,0
962,12,377,0,1,0
963,12,436,0,1,0
964,12,388,17,1,0
965,12,23,99,1,0
966,12,37,3,1,0
967,12,82,4,1,0
968,12,109,0,1,0
969,12,260,99,1,0
970,12,44,3,1,0
971,12,175,99,1,0
972,12,70,0,1,0
973,12,25,97,1,0
974,12,286,99,1,0
975,12,340,0,1,0
976,12,205,52,1,0
977,12,130,8,1,0
978,12,308,2,1,0
979,12,173,7,1,0
980,12,30,99,1,0
981,12,300,98,1,0
982,12,434,0,1,0
983,12,228,97,1,0
984,12,35,99,1,0
985,12,36,2,1,0
986,12,208,98,1,0
987,12,234,99,1,0
988,12,415,99,1,0
989,12,201,98,1,0
990,12,90,0,1,0
991,12,394,99,1,0
992,12,21,12,1,0
993,12,325,56,1,0
994,12,283,99,1,0
995,12,77,99,1,0
996,12,38,99,1,0
997,12,161,99,1,0
998,12,27,99,1,0
999,12,324,7,1,0
1000,12,302,17,1,0
1001,12,390,0,1,0
1002,12,438,0,1,0
1003,12,102,0,1,0
1004,12,76,7,1,0
1005,12,207,99,1,0
1006,12,277,0,1,0
1007,12,347,99,1,0
1008,12,122,0,1,0
1009,12,65,99,1,0
1010,12,367,99,1,0
1011,12,267,99,1,0
1012,12,194,0,1,0
1013,12,49,7,1,0
1014,12,80,3,1,0
1015,12,422,0,1,0
1016,12,262,0,1,0
1017,12,212,0,1,0
1018,12,364,99,1,0
1019,12,154,99,1,0
1020,12,314,0,1,0
1021,12,391,99,1,0
1022,12,148,30,1,0
1023,12,412,0,1,0
1024,12,200,99,1,0
1025,12,305,0,1,0
1026,12,233,98,1,0
1027,12,409,7,1,0
1028,12,31,99,1,0
1029,12,323,99,1,0
1030,12,93,17,1,0
1031,12,215,99,1,0
1032,12,247,99,1,0
1033,12,410,0,1,0
1034,12,26,8,1,0
1035,12,261,0,1,0
1036,12,425,99,1,0
1037,12,313,17,1,0
1038,12,126,99,1,0
1039,12,152,25,1,0
1040,13,363,99,1,0
1041,13,63,99,1,0
1042,13,59,99,1,0
1043,13,66,0,1,0
1044,13,53,0,1,0
1045,13,91,99,1,0
1046,13,296,25,1,0
1047,13,308,2,1,0
1048,13,386,8,1,0
1049,13,137,0,1,0
1050,13,133,0,1,0
1051,13,144,20,1,0
1052,13,123,99,1,0
1053,13,238,4,1,0
1054,13,387,99,1,0
1055,13,364,8,1,0
1056,13,215,99,1,0
1057,13,35,8,1,0
1058,13,346,3,1,0
1059,13,282,8,1,0
1060,13,229,0,1,0
1061,13,200,99,1,0
1062,13,350,8,1,0
1063,13,60,98,1,0
1064,13,431,99,1,0
1065,13,224,3,1,0
1066,13,26,8,1,0
1067,13,422,0,1,0
1068,13,341,0,1,0
1069,13,377,0,1,0
1070,13,233,0,1,0
1071,13,114,0,1,0
1072,13,57,0,1,0
1073,13,195,99,1,0
1074,13,151,99,1,0
1075,13,48,99,1,0
1076,13,312,0,1,0
1077,13,256,0,1,0
1078,13,154,8,1,0
1079,13,102,0,1,0
1080,13,86,0,1,0
1081,13,348,98,1,0
1082,13,428,7,1,0
1083,13,189,3,1,0
1084,13,162,8,1,0
1085,13,120,0,1,0
1086,13,124,3,1,0
1087,13,58,0,1,0
1088,13,160,98,1,0
1089,13,343,99,1,0
1090,13,322,0,1,0
1091,13,234,0,1,0
1092,13,381,13,1,0
1093,13,335,59,1,0
1094,13,236,0,1,0
1095,13,347,99,1,0
1096,13,272,0,1,0
1097,13,359,99,1,0
1098,13,42,0,1,0
1099,13,434,0,1,0
1100,13,426,0,1,0
1101,13,294,0,1,0
1102,13,101,17,1,0
1103,13,138,8,1,0
1104,13,248,20,1,0
1105,13,323,99,1,0
1106,13,275,99,1,0
1107,13,98,99,1,0
1108,13,237,0,1,0
1109,13,273,0,1,0
1110,13,375,99,1,0
1111,13,106,0,1,0
1112,13,217,0,1,0
1113,13,264,8,1,0
1114,13,271,99,1,0
1115,13,116,0,1,0
1116,13,439,99,1,0
1117,13,283,99,1,0
1118,13,32,7,1,0
1119,13,82,4,1,0
1120,14,225,0,1,0
1121,14,119,99,1,0
1122,14,421,0,1,0
1123,14,417,0,1,0
1124,14,218,0,1,0
1125,14,72,0,1,0
1126,14,392,0,1,0
1127,14,58,0,1,0
1128,14,187,99,1,0
1129,14,48,92,1,0
1130,14,244,17,1,0
1131,14,24,98,1,0
1132,14,376,99,1,0
1133,14,382,0,1,0
1134,14,233,7,1,0
1135,14,157,0,1,0
1136,14,87,99,1,0
1137,14,369,99,1,0
1138,14,223,99,1,0
1139,14,206,0,1,0
1140,14,404,0,1,0
1141,14,340,0,1,0
1142,14,422,0,1,0
1143,14,264,99,1,0
1144,14,388,17,1,0
1145,14,202,0,1,0
1146,14,79,99,1,0
1147,14,127,99,1,0
1148,14,136,0,1,0
1149,14,65,99,1,0
1150,14,368,3,1,0
1151,14,22,0,1,0
1152,14,38,99,1,0
1153,14,352,3,1,0
1154,14,45,0,1,0
1155,14,280,98,1,0
1156,14,341,0,1,0
1157,14,305,0,1,0
1158,14,401,0,1,0
1159,14,436,0,1,0
1160,14,411,99,1,0
1161,14,193,0,1,0
1162,14,315,99,1,0
1163,14,374,0,1,0
1164,14,260,99,1,0
1165,14,183,99,1,0
1166,14,377,3,1,0
1167,14,184,98,1,0
1168,14,169,0,1,0
1169,14,35,99,1,0
1170,14,227,99,1,0
1171,14,32,7,1,0
1172,14,343,99,1,0
1173,14,237,0,1,0
1174,14,70,0,1,0
1175,14,192,3,1,0
1176,14,105,0,1,0
1177,14,262,0,1,0
1178,14,316,3,1,0
1179,14,269,0,1,0
1180,14,161,0,1,0
1181,14,75,99,1,0
1182,14,116,0,1,0
1183,14,385,3,1,0
1184,14,329,62,1,0
1185,14,130,0,1,0
1186,14,383,99,1,0
1187,14,274,0,1,0
1188,14,207,99,1,0
1189,14,291,99,1,0
1190,14,151,99,1,0
1191,14,286,99,1,0
1192,14,81,3,1,0
1193,14,73,99,1,0
1194,14,425,0,1,0
1195,14,266,0,1,0
1196,14,412,0,1,0
1197,14,353,0,1,0
1198,14,141,49,1,0
1199,14,86,0,1,0
1200,15,375,99,1,0
1201,15,350,0,1,0
1202,15,230,0,1,0
1203,15,359,99,1,0
1204,15,44,3,1,0
1205,15,97,8,1,0
1206,15,48,0,1,0
1207,15,38,0,1,0
1208,15,377,3,1,0
1209,15,340,0,1,0
1210,15,320,7,1,0
1211,15,304,0,1,0
1212,15,143,0,1,0
1213,15,289,0,1,0
1214,15,268,7,1,0
1215,15,410,0,1,0
1216,15,301,3,1,0
1217,15,151,99,1,0
1218,15,342,0,1,0
1219,15,85,0,1,0
1220,15,77,0,1,0
1221,15,238,0,1,0
1222,15,395,99,1,0
1223,15,219,99,1,0
1224,15,271,12,1,0
1225,15,235,99,1,0
1226,15,349,0,1,0
1227,15,269,0,1,0
1228,15,156,7,1,0
1229,15,155,99,1,0
1230,15,294,0,1,0
1231,15,222,0,1,0
1232,15,258,0,1,0
1233,15,60,0,1,0
1234,15,234,0,1,0
1235,15,226,0,1,0
1236,15,64,0,1,0
1237,15,305,0,1,0
1238,15,365,98,1,0
1239,15,345,99,1,0
1240,15,371,0,1,0
1241,15,389,0,1,0
1242,15,131,99,1,0
1243,15,424,99,1,0
1244,15,209,99,1,0
1245,15,313,0,1,0
1246,15,272,0,1,0
1247,15,186,0,1,0
1248,15,228,2,1,0
1249,15,149,98,1,0
1250,15,295,99,1,0
1251,15,390,0,1,0
1252,15,330,0,1,0
1253,15,267,99,1,0
1254,15,374,0,1,0
1255,15,385,0,1,0
1256,15,78,0,1,0
1257,15,76,3,1,0
1258,15,176,0,1,0
1259,15,73,4,1,0
1260,15,283,0,1,0
1261,15,65,0,1,0
1262,15,148,0,1,0
1263,15,291,0,1,0
1264,15,288,0,1,0
1265,15,252,25,1,0
1266,15,343,99,1,0
1267,15,362,0,1,0
1268,15,280,0,1,0
1269,15,262,0,1,0
1270,15,167,99,1,0
1271,15,384,0,1,0
1272,15,392,0,1,0
1273,15,348,58,1,0
1274,15,435,99,1,0
1275,15,324,3,1,0
1276,15,113,0,1,0
1277,15,158,0,1,0
1278,15,417,0,1,0
1279,15,56,3,1,0
1280,16,154,4,1,0
1281,16,31,17,1,0
1282,16,160,0,1,0
1283,16,247,99,1,0
1284,16,134,99,1,0
1285,16,399,99,1,0
1286,16,150,8,1,0
1287,16,312,0,1,0
1288,16,188,22,1,0
1289,16,310,8,1,0
1290,16,176,99,1,0
1291,16,349,8,1,0
1292,16,232,3,1,0
1293,16,263,99,1,0
1294,16,122,8,1,0
1295,16,80,3,1,0
1296,16,276,3,1,0
1297,16,330,0,1,0
1298,16,56,3,1,0
1299,16,375,99,1,0
1300,16,46,8,1,0
1301,16,393,8,1,0
1302,16,438,4,1,0
1303,16,281,0,1,0
1304,16,420,77,1,0
1305,16,149,98,1,0
1306,16,183,17,1,0
1307,16,306,99,1,0
1308,16,355,99,1,0
1309,16,243,99,1,0
1310,16,216,98,1,0
1311,16,189,8,1,0
1312,16,120,0,1,0
1313,16,35,99,1,0
1314,16,348,0,1,0
1315,16,254,17,1,0
1316,16,21,8,1,0
1317,16,360,7,1,0
1318,16,380,9,1,0
1319,16,260,4,1,0
1320,16,361,8,1,0
1321,16,27,17,1,0
1322,16,270,9,1,0
1323,16,95,99,1,0
1324,16,268,7,1,0
1325,16,225,0,1,0
1326,16,238,4,1,0
1327,16,411,17,1,0
1328,16,184,0,1,0
1329,16,344,0,1,0
1330,16,91,17,1,0
1331,16,182,8,1,0
1332,16,208,0,1,0
1333,16,241,0,1,0
1334,16,346,3,1,0
1335,16,357,8,1,0
1336,16,384,0,1,0
1337,16,298,0,1,0
1338,16,113,99,1,0
1339,16,319,97,1,0
1340,16,226,99,1,0
1341,16,109,3,1,0
1342,16,412,8,1,0
1343,16,136,8,1,0
1344,16,239,99,1,0
1345,16,219,99,1,0
1346,16,321,0,1,0
1347,16,341,8,1,0
1348,16,166,0,1,0
1349,16,356,0,1,0
1350,16,24,98,1,0
1351,16,63,99,1,0
1352,16,286,99,1,0
1353,16,382,8,1,0
1354,16,33,86,1,0
1355,16,283,17,1,0
1356,16,203,99,1,0
1357,16,392,0,1,0
1358,16,256,0,1,0
1359,16,342,8,1,0
1360,17,59,99,1,0
1361,17,343,12,1,0
1362,17,84,20,1,0
1363,17,32,7,1,0
1364,17,113,0,1,0
1365,17,167,99,1,0
1366,17,403,99,1,0
1367,17,395,99,1,0
1368,17,326,0,1,0
1369,17,435,99,1,0
1370,17,54,0,1,0
1371,17,397,0,1,0
1372,17,110,13,1,0
1373,17,75,8,1,0
1374,17,74,0,1,0
1375,17,48,4,1,0
1376,17,116,0,1,0
1377,17,156,7,1,0
1378,17,362,4,1,0
1379,17,213,3,1,0
1380,17,90,0,1,0
1381,17,214,8,1,0
1382,17,426,0,1,0
1383,17,407,99,1,0
1384,17,308,7,1,0
1385,17,236,0,1,0
1386,17,364,4,1,0
1387,17,26,8,1,0
1388,17,66,0,1,0
1389,17,328,4,1,0
1390,17,109,3,1,0
1391,17,204,3,1,0
1392,17,266,8,1,0
1393,17,107,8,1,0
1394,17,174,0,1,0
1395,17,245,8,1,0
1396,17,34,8,1,0
1397,17,208,0,1,0
1398,17,170,0,1,0
1399,17,123,8,1,0
1400,17,383,99,1,0
1401,17,380,9,1,0
1402,17,393,0,1,0
1403,17,303,9,1,0
1404,17,350,8,1,0
1405,17,338,8,1,0
1406,17,341,8,1,0
1407,17,257,7,1,0
1408,17,130,8,1,0
1409,17,360,7,1,0
1410,17,427,99,1,0
1411,17,235,99,1,0
1412,17,114,0,1,0
1413,17,188,13,1,0
1414,17,287,99,1,0
1415,17,439,99,1,0
1416,17,131,99,1,0
1417,17,382,8,1,0
1418,17,133,0,1,0
1419,17,306,0,1,0
1420,17,230,0,1,0
1421,17,394,4,1,0
1422,17,101,8,1,0
1423,17,218,0,1,0
1424,17,103,9,1,0
1425,17,205,0,1,0
1426,17,295,99,1,0
1427,17,323,8,1,0
1428,17,51,99,1,0
1429,17,314,0,1,0
1430,17,271,8,1,0
1431,17,345,4,1,0
1432,17,115,99,1,0
1433,17,39,99,1,0
1434,17,100,0,1,0
1435,17,256,0,1,0
1436,17,411,8,1,0
1437,17,227,13,1,0
1438,17,438,0,1,0
1439,17,277,0,1,0
1440,18,40,3,1,0
1441,18,306,99,1,0
1442,18,345,4,1,0
1443,18,277,0,1,0
1444,18,133,0,1,0
1445,18,86,8,1,0
1446,18,343,17,1,0
1447,18,27,13,1,0
1448,18,322,8,1,0
1449,18,215,13,1,0
1450,18,246,8,1,0
1451,18,196,20,1,0
1452,18,137,8,1,0
1453,18,175,13,1,0
1454,18,92,8,1,0
1455,18,369,4,1,0
1456,18,248,20,1,0
1457,18,357,8,1,0
1458,18,221,8,1,0
1459,18,329,3,1,0
1460,18,25,2,1,0
1461,18,187,99,1,0
1462,18,132,0,1,0
1463,18,217,8,1,0
1464,18,73,4,1,0
1465,18,259,99,1,0
1466,18,166,0,1,0
1467,18,315,17,1,0
1468,18,42,13,1,0
1469,18,255,13,1,0
1470,18,287,99,1,0
1471,18,416,20,1,0
1472,18,237,0,1,0
1473,18,44,3,1,0
1474,18,297,12,1,0
1475,18,265,3,1,0
1476,18,174,13,1,0
1477,18,427,99,1,0
1478,18,434,0,1,0
1479,18,28,3,1,0
1480,18,76,3,1,0
1481,18,195,13,1,0
1482,18,419,13,1,0
1483,18,316,3,1,0
1484,18,308,7,1,0
1485,18,374,8,1,0
1486,18,403,13,1,0
1487,18,200,4,1,0
1488,18,205,0,1,0
1489,18,148,0,1,0
1490,18,34,8,1,0
1491,18,332,13,1,0
1492,18,340,0,1,0
1493,18,176,99,1,0
1494,18,103,13,1,0
1495,18,110,13,1,0
1496,18,72,0,1,0
1497,18,222,0,1,0
1498,18,220,49,1,0
1499,18,264,4,1,0
1500,18,354,13,1,0
1501,18,173,7,1,0
1502,18,188,18,1,0
1503,18,430,13,1,0
1504,18,39,99,1,0
1505,18,433,0,1,0
1506,18,208,0,1,0
1507,18,328,8,1,0
1508,18,284,99,1,0
1509,18,107,13,1,0
1510,18,399,99,1,0
1511,18,90,4,1,0
1512,18,373,80,1,0
1513,18,153,56,1,0
1514,18,126,4,1,0
1515,18,394,4,1,0
1516,18,365,98,1,0
1517,18,421,99,1,0
1518,18,325,0,1,0
1519,18,169,0,1,0
1520,19,161,4,1,0
1521,19,203,13,1,0
1522,19,53,9,1,0
1523,19,51,13,1,0
1524,19,143,8,1,0
1525,19,321,14,1,0
1526,19,172,3,1,0
1527,19,202,4,1,0
1528,19,286,9,1,0
1529,19,42,13,1,0
1530,19,220,49,1,0
1531,19,168,3,1,0
1532,19,184,0,1,0
1533,19,155,8,1,0
1534,19,218,4,1,0
1535,19,362,4,1,0
1536,19,317,99,1,0
1537,19,138,8,1,0
1538,19,389,0,1,0
1539,19,142,8,1,0
1540,19,117,8,1,0
1541,19,342,8,1,0
1542,19,185,0,1,0
1543,19,306,8,1,0
1544,19,158,8,1,0
1545,19,40,3,1,0
1546,19,269,0,1,0
1547,19,174,76,1,0
1548,19,418,8,1,0
1549,19,414,3,1,0
1550,19,396,0,1,0
1551,19,364,4,1,0
1552,19,239,99,1,0
1553,19,373,0,1,0
1554,19,351,8,1,0
1555,19,288,8,1,0
1556,19,387,99,1,0
1557,19,322,8,1,0
1558,19,293,99,1,0
1559,19,188,13,1,0
1560,19,243,3,1,0
1561,19,162,8,1,0
1562,19,85,0,1,0
1563,19,115,13,1,0
1564,19,130,8,1,0
1565,19,431,13,1,0
1566,19,337,3,1,0
1567,19,439,8,1,0
1568,19,146,9,1,0
1569,19,266,8,1,0
1570,19,434,0,1,0
1571,19,292,20,1,0
1572,19,399,99,1,0
1573,19,167,95,1,0
1574,19,231,99,1,0
1575,19,413,99,1,0
1576,19,344,82,1,0
1577,19,404,0,1,0
1578,19,422,8,1,0
1579,19,77,4,1,0
1580,19,198,8,1,0
1581,19,381,13,1,0
1582,19,264,4,1,0
1583,19,305,8,1,0
1584,19,154,4,1,0
1585,19,232,3,1,0
1586,19,169,13,1,0
1587,19,204,3,1,0
1588,19,310,8,1,0
1589,19,137,8,1,0
1590,19,113,99,1,0
1591,19,303,9,1,0
1592,19,59,8,1,0
1593,19,327,99,1,0
1594,19,125,3,1,0
1595,19,65,4,1,0
1596,19,375,8,1,0
1597,19,353,0,1,0
1598,19,371,8,1,0
1599,19,89,99,1,0
1600,64,94,4,1,0
1601,64,110,92,1,0
1602,64,314,9,1,0
1603,64,39,97,1,0
1604,64,158,4,1,0
1605,64,187,92,1,0
1606,64,277,0,1,0
1607,64,249,13,1,0
1608,64,60,98,1,0
1609,64,146,4,1,0
1610,64,104,19,1,0
1611,64,332,9,1,0
1612,64,363,99,1,0
1613,64,76,0,1,0
1614,64,286,4,1,0
1615,64,368,0,1,0
1616,64,360,98,1,0
1617,64,230,4,1,0
1618,64,36,0,1,0
1619,64,356,0,1,0
1620,69,153,1,1,0
1621,69,54,93,1,0
1622,69,292,20,1,0
1623,69,337,1,1,0
1624,69,289,4,1,0
1625,69,139,99,1,0
1626,69,24,0,1,0
1627,69,43,99,1,0
1628,69,201,0,1,0
1629,69,20,12,1,0
1630,69,91,97,1,0
1631,69,361,4,1,0
1632,69,295,97,1,0
1633,69,81,98,1,0
1634,69,25,0,1,0
1635,69,30,59,1,0
1636,69,348,92,1,0
1637,69,296,13,1,0
1638,69,330,93,1,0
1639,69,154,83,1,0
1640,74,191,99,1,0
1641,74,92,98,1,0
1642,74,195,99,1,0
1643,74,406,2,1,0
1644,74,171,99,1,0
1645,74,334,0,1,0
1646,74,167,99,1,0
1647,74,235,95,1,0
1648,74,42,99,1,0
1649,74,129,0,1,0
1650,74,86,99,1,0
1651,74,353,10,1,0
1652,74,376,99,1,0
1653,74,314,99,1,0
1654,74,385,4,1,0
1655,74,413,0,1,0
1656,74,45,0,1,0
1657,74,360,42,1,0
1658,74,68,20,1,0
1659,74,233,99,1,0
1660,79,70,0,1,0
1661,79,238,0,1,0
1662,79,418,0,1,0
1663,79,176,0,1,0
1664,79,362,0,1,0
1665,79,262,0,1,0
1666,79,252,1,1,0
1667,79,344,0,1,0
1668,79,232,0,1,0
1669,79,24,0,1,0
1670,79,63,0,1,0
1671,79,25,0,1,0
1672,79,261,0,1,0
1673,79,300,0,1,0
1674,79,33,0,1,0
1675,79,247,0,1,0
1676,79,346,0,1,0
1677,79,167,87,1,0
1678,79,135,0,1,0
1679,79,260,0,1,0
1680,83,397,0,1,0
1681,83,261,0,1,0
1682,83,278,0,1,0
1683,83,53,0,1,0
1684,83,50,0,1,0
1685,83,385,4,1,0
1686,83,289,4,1,0
1687,83,63,97,1,0
1688,83,308,0,1,0
1689,83,352,0,1,0
1690,83,54,0,1,0
1691,83,424,99,1,0
1692,83,58,0,1,0
1693,83,416,20,1,0
1694,83,357,0,1,0
1695,83,390,0,1,0
1696,83,21,0,1,0
1697,83,438,0,1,0
1698,83,435,8,1,0
1699,83,254,0,1,0
1700,88,33,96,1,0
1701,88,204,98,1,0
1702,88,251,99,1,0
1703,88,211,99,1,0
1704,88,341,4,1,0
1705,88,323,95,1,0
1706,88,416,20,1,0
1707,88,224,3,1,0
1708,88,233,99,1,0
1709,88,22,99,1,0
1710,88,109,3,1,0
1711,88,165,0,1,0
1712,88,220,93,1,0
1713,88,411,99,1,0
1714,88,381,44,1,0
1715,88,401,4,1,0
1716,88,230,99,1,0
1717,88,92,0,1,0
1718,88,123,99,1,0
1719,88,275,95,1,0
1720,93,359,99,1,0
1721,93,415,99,1,0
1722,93,277,0,1,0
1723,93,282,99,1,0
1724,93,168,0,1,0
1725,93,365,0,1,0
1726,93,371,92,1,0
1727,93,260,4,1,0
1728,93,192,98,1,0
1729,93,333,0,1,0
1730,93,159,99,1,0
1731,93,272,19,1,0
1732,93,89,0,1,0
1733,93,385,0,1,0
1734,93,434,0,1,0
1735,93,32,60,1,0
1736,93,196,20,1,0
1737,93,294,0,1,0
1738,93,400,99,1,0
1739,93,28,3,1,0
1740,98,260,0,1,0
1741,98,35,99,1,0
1742,98,428,13,1,0
1743,98,222,1,1,0
1744,98,284,0,1,0
1745,98,439,99,1,0
1746,98,84,19,1,0
1747,98,62,0,1,0
1748,98,248,20,1,0
1749,98,90,0,1,0
1750,98,232,3,1,0
1751,98,324,35,1,0
1752,98,322,0,1,0
1753,98,176,0,1,0
1754,98,32,13,1,0
1755,98,138,0,1,0
1756,98,78,30,1,0
1757,98,175,99,1,0
1758,98,432,0,1,0
1759,98,166,0,1,0
1760,102,200,75,1,0
1761,102,396,0,1,0
1762,102,138,67,1,0
1763,102,354,98,1,0
1764,102,359,99,1,0
1765,102,105,37,1,0
1766,102,120,0,1,0
1767,102,39,99,1,0
1768,102,81,3,1,0
1769,102,346,0,1,0
1770,102,275,99,1,0
1771,102,265,98,1,0
1772,102,373,47,1,0
1773,102,115,99,1,0
1774,102,342,4,1,0
1775,102,254,4,1,0
1776,102,82,8,1,0
1777,102,218,4,1,0
1778,102,129,50,1,0
1779,102,34,22,1,0
1780,107,100,4,1,0
1781,107,182,98,1,0
1782,107,411,99,1,0
1783,107,276,0,1,0
1784,107,90,0,1,0
1785,107,173,0,1,0
1786,107,30,0,1,0
1787,107,95,74,1,0
1788,107,78,0,1,0
1789,107,263,97,1,0
1790,107,53,0,1,0
1791,107,118,0,1,0
1792,107,208,0,1,0
1793,107,144,20,1,0
1794,107,191,98,1,0
1795,107,329,0,1,0
1796,107,192,0,1,0
1797,107,187,98,1,0
1798,107,238,0,1,0
1799,107,199,98,1,0
1800,112,211,99,1,0
1801,112,349,92,1,0
1802,112,284,4,1,0
1803,112,46,99,1,0
1804,112,413,4,1,0
1805,112,272,30,1,0
1806,112,418,95,1,0
1807,112,30,4,1,0
1808,112,21,0,1,0
1809,112,68,20,1,0
1810,112,86,99,1,0
1811,112,123,99,1,0
1812,112,87,99,1,0
1813,112,244,99,1,0
1814,112,414,15,1,0
1815,112,428,88,1,0
1816,112,195,99,1,0
1817,112,276,0,1,0
1818,112,424,99,1,0
1819,112,135,99,1,0
1820,117,130,0,1,0
1821,117,148,13,1,0
1822,117,365,0,1,0
1823,117,251,99,1,0
1824,117,352,98,1,0
1825,117,45,0,1,0
1826,117,338,96,1,0
1827,117,168,0,1,0
1828,117,210,86,1,0
1829,117,167,99,1,0
1830,117,356,42,1,0
1831,117,135,99,1,0
1832,117,432,7,1,0
1833,117,438,0,1,0
1834,117,32,3,1,0
1835,117,347,98,1,0
1836,117,195,96,1,0
1837,117,304,4,1,0
1838,117,66,73,1,0
1839,117,80,3,1,0
1840,121,47,98,1,0
1841,121,239,98,1,0
1842,121,138,99,1,0
1843,121,186,95,1,0
1844,121,285,99,1,0
1845,121,260,4,1,0
1846,121,38,9,1,0
1847,121,113,21,1,0
1848,121,328,99,1,0
1849,121,205,31,1,0
1850,121,324,0,1,0
1851,121,53,42,1,0
1852,121,247,98,1,0
1853,121,349,51,1,0
1854,121,263,98,1,0
1855,121,48,4,1,0
1856,121,394,4,1,0
1857,121,168,98,1,0
1858,121,391,99,1,0
1859,121,343,98,1,0
1860,126,32,21,1,0
1861,126,100,0,1,0
1862,126,222,74,1,0
1863,126,292,20,1,0
1864,126,404,0,1,0
1865,126,71,99,1,0
1866,126,152,7,1,0
1867,126,401,40,1,0
1868,126,167,99,1,0
1869,126,384,0,1,0
1870,126,75,99,1,0
1871,126,36,0,1,0
1872,126,335,99,1,0
1873,126,84,19,1,0
1874,126,86,1,1,0
1875,126,351,99,1,0
1876,126,323,99,1,0
1877,126,380,4,1,0
1878,126,438,0,1,0
1879,126,87,99,1,0
1880,131,243,13,1,0
1881,131,276,0,1,0
1882,131,172,0,1,0
1883,131,206,0,1,0
1884,131,237,3,1,0
1885,131,403,0,1,0
1886,131,159,13,1,0
1887,131,148,0,1,0
1888,131,191,98,1,0
1889,131,22,3,1,0
1890,131,92,0,1,0
1891,131,31,0,1,0
1892,131,101,19,1,0
1893,131,65,0,1,0
1894,131,213,3,1,0
1895,131,21,0,1,0
1896,131,394,0,1,0
1897,131,301,0,1,0
1898,131,408,0,1,0
1899,131,332,17,1,0
1900,136,129,0,1,0
1901,136,419,99,1,0
1902,136,182,98,1,0
1903,136,100,0,1,0
1904,136,175,99,1,0
1905,136,32,78,1,0
1906,136,78,99,1,0
1907,136,168,98,1,0
1908,136,359,99,1,0
1909,136,263,99,1,0
1910,136,348,14,1,0
1911,136,277,98,1,0
1912,136,65,80,1,0
1913,136,381,99,1,0
1914,136,116,18,1,0
1915,136,72,7,1,0
1916,136,356,38,1,0
1917,136,224,98,1,0
1918,136,439,99,1,0
1919,136,57,97,1,0
1920,140,376,99,1,0
1921,140,113,0,1,0
1922,140,146,0,1,0
1923,140,354,99,1,0
1924,140,149,0,1,0
1925,140,81,3,1,0
1926,140,101,99,1,0
1927,140,103,99,1,0
1928,140,51,99,1,0
1929,140,77,0,1,0
1930,140,61,42,1,0
1931,140,60,92,1,0
1932,140,277,0,1,0
1933,140,358,0,1,0
1934,140,189,98,1,0
1935,140,222,92,1,0
1936,140,199,99,1,0
1937,140,70,0,1,0
1938,140,349,80,1,0
1939,140,37,96,1,0
1940,145,297,98,1,0
1941,145,209,60,1,0
1942,145,152,14,1,0
1943,145,175,99,1,0
1944,145,381,99,1,0
1945,145,284,0,1,0
1946,145,47,99,1,0
1947,145,360,0,1,0
1948,145,259,99,1,0
1949,145,68,20,1,0
1950,145,414,98,1,0
1951,145,261,40,1,0
1952,145,158,99,1,0
1953,145,237,83,1,0
1954,145,116,12,1,0
1955,145,420,99,1,0
1956,145,119,99,1,0
1957,145,322,99,1,0
1958,145,216,40,1,0
1959,145,114,0,1,0
1960,150,30,4,1,0
1961,150,280,72,1,0
1962,150,170,0,1,0
1963,150,315,99,1,0
1964,150,167,95,1,0
1965,150,342,2,1,0
1966,150,376,99,1,0
1967,150,219,99,1,0
1968,150,429,4,1,0
1969,150,104,1,1,0
1970,150,365,0,1,0
1971,150,187,95,1,0
1972,150,130,0,1,0
1973,150,32,4,1,0
1974,150,306,0,1,0
1975,150,416,20,1,0
1976,150,133,45,1,0
1977,150,100,0,1,0
1978,150,154,4,1,0
1979,150,106,2,1,0
1980,155,208,0,1,0
1981,155,361,0,1,0
1982,155,346,0,1,0
1983,155,99,0,1,0
1984,155,271,0,1,0
1985,155,251,0,1,0
1986,155,316,0,1,0
1987,155,292,20,1,0
1988,155,144,20,1,0
1989,155,347,0,1,0
1990,155,115,0,1,0
1991,155,109,0,1,0
1992,155,305,0,1,0
1993,155,63,0,1,0
1994,155,334,0,1,0
1995,155,59,0,1,0
1996,155,170,0,1,0
1997,155,330,4,1,0
1998,155,173,0,1,0
1999,155,41,0,1,0
2000,164,233,96,1,0
2001,164,289,4,1,0
2002,164,91,97,1,0
2003,164,32,0,1,0
2004,164,108,20,1,0
2005,164,243,49,1,0
2006,164,419,92,1,0
2007,164,378,4,1,0
2008,164,186,4,1,0
2009,164,295,92,1,0
2010,164,399,97,1,0
2011,164,142,4,1,0
2012,164,259,92,1,0
2013,164,349,4,1,0
2014,164,322,4,1,0
2015,164,214,4,1,0
2016,164,430,4,1,0
2017,164,423,25,1,0
2018,164,258,4,1,0
2019,164,20,19,1,0
2020,169,278,4,1,0
2021,169,133,0,1,0
2022,169,325,15,1,0
2023,169,384,0,1,0
2024,169,316,0,1,0
2025,169,246,4,1,0
2026,169,118,58,1,0
2027,169,151,7,1,0
2028,169,410,4,1,0
2029,169,76,0,1,0
2030,169,23,91,1,0
2031,169,181,0,1,0
2032,169,259,92,1,0
2033,169,339,98,1,0
2034,169,277,0,1,0
2035,169,132,0,1,0
2036,169,91,91,1,0
2037,169,92,0,1,0
2038,169,373,58,1,0
2039,169,282,8,1,0
2040,174,163,99,1,0
2041,174,330,76,1,0
2042,174,24,0,1,0
2043,174,130,97,1,0
2044,174,128,5,1,0
2045,174,85,5,1,0
2046,174,352,89,1,0
2047,174,34,99,1,0
2048,174,147,99,1,0
2049,174,260,91,1,0
2050,174,125,98,1,0
2051,174,215,99,1,0
2052,174,347,99,1,0
2053,174,195,99,1,0
2054,174,258,56,1,0
2055,174,228,38,1,0
2056,174,310,99,1,0
2057,174,185,1,1,0
2058,174,404,25,1,0
2059,174,205,18,1,0
2060,179,403,0,1,0
2061,179,396,0,1,0
2062,179,48,0,1,0
2063,179,120,0,1,0
2064,179,210,0,1,0
2065,179,62,0,1,0
2066,179,324,0,1,0
2067,179,122,0,1,0
2068,179,404,0,1,0
2069,179,208,0,1,0
2070,179,170,0,1,0
2071,179,223,0,1,0
2072,179,105,0,1,0
2073,179,261,0,1,0
2074,179,142,0,1,0
2075,179,313,0,1,0
2076,179,439,0,1,0
2077,179,424,0,1,0
2078,179,160,0,1,0
2079,179,209,0,1,0
2080,183,100,0,1,0
2081,183,32,0,1,0
2082,183,208,0,1,0
2083,183,346,0,1,0
2084,183,300,0,1,0
2085,183,55,99,1,0
2086,183,287,46,1,0
2087,183,181,0,1,0
2088,183,199,98,1,0
2089,183,344,0,1,0
2090,183,153,0,1,0
2091,183,203,99,1,0
2092,183,252,1,1,0
2093,183,230,0,1,0
2094,183,48,0,1,0
2095,183,75,0,1,0
2096,183,384,0,1,0
2097,183,146,0,1,0
2098,183,196,20,1,0
2099,183,239,90,1,0
2100,188,314,2,1,0
2101,188,20,12,1,0
2102,188,195,99,1,0
2103,188,257,0,1,0
2104,188,104,7,1,0
2105,188,38,0,1,0
2106,188,44,0,1,0
2107,188,227,97,1,0
2108,188,153,0,1,0
2109,188,420,0,1,0
2110,188,134,0,1,0
2111,188,258,0,1,0
2112,188,363,99,1,0
2113,188,319,99,1,0
2114,188,35,0,1,0
2115,188,262,0,1,0
2116,188,191,99,1,0
2117,188,28,3,1,0
2118,188,278,0,1,0
2119,188,27,0,1,0
2120,193,130,4,1,0
2121,193,352,3,1,0
2122,193,66,20,1,0
2123,193,387,99,1,0
2124,193,197,4,1,0
2125,193,167,99,1,0
2126,193,260,4,1,0
2127,193,78,99,1,0
2128,193,261,56,1,0
2129,193,90,4,1,0
2130,193,162,48,1,0
2131,193,31,99,1,0
2132,193,252,13,1,0
2133,193,370,90,1,0
2134,193,358,4,1,0
2135,193,286,9,1,0
2136,193,320,0,1,0
2137,193,399,95,1,0
2138,193,434,0,1,0
2139,193,195,99,1,0
2140,198,46,2,1,0
2141,198,247,97,1,0
2142,198,71,99,1,0
2143,198,230,0,1,0
2144,198,325,0,1,0
2145,198,139,99,1,0
2146,198,177,13,1,0
2147,198,214,0,1,0
2148,198,114,0,1,0
2149,198,204,93,1,0
2150,198,266,0,1,0
2151,198,261,0,1,0
2152,198,237,91,1,0
2153,198,284,0,1,0
2154,198,316,0,1,0
2155,198,243,97,1,0
2156,198,154,0,1,0
2157,198,113,0,1,0
2158,198,218,0,1,0
2159,198,127,99,1,0
2160,202,53,0,1,0
2161,202,342,8,1,0
2162,202,278,99,1,0
2163,202,341,8,1,0
2164,202,103,99,1,0
2165,202,290,99,1,0
2166,202,142,99,1,0
2167,202,323,99,1,0
2168,202,389,1,1,0
2169,202,267,99,1,0
2170,202,308,2,1,0
2171,202,148,18,1,0
2172,202,425,99,1,0
2173,202,108,20,1,0
2174,202,295,99,1,0
2175,202,205,24,1,0
2176,202,58,93,1,0
2177,202,318,99,1,0
2178,202,301,3,1,0
2179,202,363,99,1,0
2180,207,415,0,1,0
2181,207,148,0,1,0
2182,207,109,3,1,0
2183,207,214,0,1,0
2184,207,239,61,1,0
2185,207,397,0,1,0
2186,207,23,0,1,0
2187,207,342,0,1,0
2188,207,424,0,1,0
2189,207,373,0,1,0
2190,207,33,0,1,0
2191,207,333,0,1,0
2192,207,206,0,1,0
2193,207,170,0,1,0
2194,207,276,0,1,0
2195,207,118,0,1,0
2196,207,394,0,1,0
2197,207,432,0,1,0
2198,207,22,3,1,0
2199,207,149,0,1,0
2200,212,292,20,1,0
2201,212,223,26,1,0
2202,212,373,25,1,0
2203,212,152,13,1,0
2204,212,254,6,1,0
2205,212,55,21,1,0
2206,212,368,6,1,0
2207,212,113,11,1,0
2208,212,59,21,1,0
2209,212,128,0,1,0
2210,212,239,16,1,0
2211,212,92,0,1,0
2212,212,156,6,1,0
2213,212,139,21,1,0
2214,212,397,7,1,0
2215,212,165,1,1,0
2216,212,46,6,1,0
2217,212,328,6,1,0
2218,212,173,1,1,0
2219,212,85,17,1,0
2220,217,184,0,1,0
2221,217,305,37,1,0
2222,217,248,20,1,0
2223,217,190,98,1,0
2224,217,285,0,1,0
2225,217,291,99,1,0
2226,217,85,17,1,0
2227,217,239,99,1,0
2228,217,199,99,1,0
2229,217,46,99,1,0
2230,217,213,98,1,0
2231,217,273,99,1,0
2232,217,97,99,1,0
2233,217,319,99,1,0
2234,217,109,98,1,0
2235,217,66,77,1,0
2236,217,306,0,1,0
2237,217,28,98,1,0
2238,217,22,99,1,0
2239,217,142,99,1,0
2240,221,384,0,1,0
2241,221,258,98,1,0
2242,221,163,99,1,0
2243,221,360,42,1,0
2244,221,246,2,1,0
2245,221,115,99,1,0
2246,221,425,0,1,0
2247,221,120,22,1,0
2248,221,299,99,1,0
2249,221,370,0,1,0
2250,221,91,92,1,0
2251,221,48,0,1,0
2252,221,20,0,1,0
2253,221,47,98,1,0
2254,221,105,96,1,0
2255,221,328,99,1,0
2256,221,76,0,1,0
2257,221,44,0,1,0
2258,221,284,0,1,0
2259,221,241,17,1,0
2260,226,195,99,1,0
2261,226,414,3,1,0
2262,226,208,0,1,0
2263,226,201,1,1,0
2264,226,81,3,1,0
2265,226,233,4,1,0
2266,226,218,6,1,0
2267,226,45,4,1,0
2268,226,161,4,1,0
2269,226,424,99,1,0
2270,226,324,98,1,0
2271,226,397,0,1,0
2272,226,71,99,1,0
2273,226,243,99,1,0
2274,226,31,99,1,0
2275,226,209,6,1,0
2276,226,133,1,1,0
2277,226,292,20,1,0
2278,226,277,0,1,0
2279,226,204,98,1,0
2280,231,192,0,1,0
2281,231,177,7,1,0
2282,231,370,0,1,0
2283,231,287,0,1,0
2284,231,124,0,1,0
2285,231,111,0,1,0
2286,231,372,0,1,0
2287,231,362,0,1,0
2288,231,310,0,1,0
2289,231,408,0,1,0
2290,231,70,0,1,0
2291,231,163,99,1,0
2292,231,58,0,1,0
2293,231,247,4,1,0
2294,231,334,0,1,0
2295,231,33,0,1,0
2296,231,39,0,1,0
2297,231,165,0,1,0
2298,231,153,0,1,0
2299,231,196,20,1,0
2300,236,396,24,1,0
2301,236,262,0,1,0
2302,236,68,20,1,0
2303,236,208,0,1,0
2304,236,424,30,1,0
2305,236,381,99,1,0
2306,236,20,24,1,0
2307,236,163,99,1,0
2308,236,363,99,1,0
2309,236,65,4,1,0
2310,236,223,98,1,0
2311,236,110,99,1,0
2312,236,297,98,1,0
2313,236,195,99,1,0
2314,236,105,99,1,0
2315,236,392,0,1,0
2316,236,135,99,1,0
2317,236,304,99,1,0
2318,236,300,0,1,0
2319,236,429,83,1,0
2320,240,238,24,1,0
2321,240,122,4,1,0
2322,240,152,19,1,0
2323,240,216,0,1,0
2324,240,413,4,1,0
2325,240,227,92,1,0
2326,240,49,0,1,0
2327,240,265,98,1,0
2328,240,400,99,1,0
2329,240,71,98,1,0
2330,240,287,99,1,0
2331,240,408,97,1,0
2332,240,114,4,1,0
2333,240,406,99,1,0
2334,240,387,99,1,0
2335,240,30,4,1,0
2336,240,48,0,1,0
2337,240,262,0,1,0
2338,240,132,0,1,0
2339,240,63,92,1,0
2340,245,254,92,1,0
2341,245,305,26,1,0
2342,245,40,98,1,0
2343,245,309,5,1,0
2344,245,215,99,1,0
2345,245,142,99,1,0
2346,245,160,0,1,0
2347,245,167,99,1,0
2348,245,50,0,1,0
2349,245,21,98,1,0
2350,245,56,0,1,0
2351,245,194,66,1,0
2352,245,216,40,1,0
2353,245,82,99,1,0
2354,245,323,99,1,0
2355,245,222,92,1,0
2356,245,262,0,1,0
2357,245,373,66,1,0
2358,245,132,0,1,0
2359,245,135,99,1,0
2360,250,161,0,1,0
2361,250,173,0,1,0
2362,250,30,0,1,0
2363,250,210,0,1,0
2364,250,353,11,1,0
2365,250,418,0,1,0
2366,250,285,0,1,0
2367,250,233,4,1,0
2368,250,370,0,1,0
2369,250,270,0,1,0
2370,250,242,0,1,0
2371,250,105,0,1,0
2372,250,54,0,1,0
2373,250,424,99,1,0
2374,250,216,0,1,0
2375,250,429,3,1,0
2376,250,284,0,1,0
2377,250,57,97,1,0
2378,250,366,9,1,0
2379,250,272,6,1,0
2380,255,271,0,1,0
2381,255,205,0,1,0
2382,255,124,0,1,0
2383,255,67,0,1,0
2384,255,201,0,1,0
2385,255,209,0,1,0
2386,255,241,0,1,0
2387,255,419,0,1,0
2388,255,185,0,1,0
2389,255,339,50,1,0
2390,255,305,0,1,0
2391,255,49,0,1,0
2392,255,24,0,1,0
2393,255,414,0,1,0
2394,255,153,0,1,0
2395,255,423,0,1,0
2396,255,409,0,1,0
2397,255,284,0,1,0
2398,255,203,93,1,0
2399,255,43,93,1,0
2400,264,65,0,1,0
2401,264,191,99,1,0
2402,264,354,99,1,0
2403,264,358,0,1,0
2404,264,263,99,1,0
2405,264,87,99,1,0
2406,264,249,0,1,0
2407,264,125,98,1,0
2408,264,170,0,1,0
2409,264,434,0,1,0
2410,264,53,0,1,0
2411,264,344,0,1,0
2412,264,110,99,1,0
2413,264,166,0,1,0
2414,264,108,20,1,0
2415,264,247,99,1,0
2416,264,192,3,1,0
2417,264,319,99,1,0
2418,264,49,71,1,0
2419,264,428,77,1,0
2420,269,397,0,1,0
2421,269,424,99,1,0
2422,269,84,25,1,0
2423,269,37,0,1,0
2424,269,365,0,1,0
2425,269,154,4,1,0
2426,269,48,82,1,0
2427,269,251,97,1,0
2428,269,290,4,1,0
2429,269,34,6,1,0
2430,269,66,4,1,0
2431,269,108,20,1,0
2432,269,241,17,1,0
2433,269,418,25,1,0
2434,269,89,4,1,0
2435,269,91,97,1,0
2436,269,363,92,1,0
2437,269,206,4,1,0
2438,269,184,97,1,0
2439,269,180,0,1,0
2440,274,216,21,1,0
2441,274,286,83,1,0
2442,274,396,6,1,0
2443,274,282,99,1,0
2444,274,411,99,1,0
2445,274,76,0,1,0
2446,274,373,74,1,0
2447,274,301,3,1,0
2448,274,122,0,1,0
2449,274,113,0,1,0
2450,274,160,0,1,0
2451,274,195,99,1,0
2452,274,361,99,1,0
2453,274,239,99,1,0
2454,274,275,99,1,0
2455,274,116,6,1,0
2456,274,148,12,1,0
2457,274,422,31,1,0
2458,274,338,2,1,0
2459,274,163,99,1,0
2460,279,434,0,1,0
2461,279,34,0,1,0
2462,279,254,0,1,0
2463,279,76,0,1,0
2464,279,246,0,1,0
2465,279,40,0,1,0
2466,279,230,0,1,0
2467,279,135,0,1,0
2468,279,263,0,1,0
2469,279,332,9,1,0
2470,279,370,0,1,0
2471,279,184,0,1,0
2472,279,91,0,1,0
2473,279,367,0,1,0
2474,279,109,0,1,0
2475,279,425,0,1,0
2476,279,143,0,1,0
2477,279,399,0,1,0
2478,279,132,0,1,0
2479,279,391,98,1,0
2480,283,25,0,1,0
2481,283,56,0,1,0
2482,283,39,97,1,0
2483,283,201,0,1,0
2484,283,416,20,1,0
2485,283,76,0,1,0
2486,283,389,2,1,0
2487,283,29,0,1,0
2488,283,248,20,1,0
2489,283,334,0,1,0
2490,283,289,4,1,0
2491,283,149,0,1,0
2492,283,180,0,1,0
2493,283,222,0,1,0
2494,283,404,0,1,0
2495,283,95,67,1,0
2496,283,271,44,1,0
2497,283,322,0,1,0
2498,283,435,89,1,0
2499,283,242,0,1,0
2500,288,285,0,1,0
2501,288,33,0,1,0
2502,288,287,92,1,0
2503,288,270,0,1,0
2504,288,144,20,1,0
2505,288,222,71,1,0
2506,288,242,0,1,0
2507,288,158,0,1,0
2508,288,266,0,1,0
2509,288,47,99,1,0
2510,288,265,98,1,0
2511,288,267,99,1,0
2512,288,233,4,1,0
2513,288,342,0,1,0
2514,288,282,99,1,0
2515,288,123,99,1,0
2516,288,110,99,1,0
2517,288,275,99,1,0
2518,288,419,99,1,0
2519,288,82,8,1,0
2520,293,314,98,1,0
2521,293,270,99,1,0
2522,293,352,3,1,0
2523,293,45,4,1,0
2524,293,284,99,1,0
2525,293,220,99,1,0
2526,293,49,54,1,0
2527,293,37,3,1,0
2528,293,280,0,1,0
2529,293,404,0,1,0
2530,293,154,4,1,0
2531,293,26,75,1,0
2532,293,428,72,1,0
2533,293,144,20,1,0
2534,293,66,66,1,0
2535,293,253,8,1,0
2536,293,90,4,1,0
2537,293,42,99,1,0
2538,293,228,67,1,0
2539,293,72,0,1,0
2540,298,333,46,1,0
2541,298,437,93,1,0
2542,298,95,32,1,0
2543,298,215,92,1,0
2544,298,235,92,1,0
2545,298,303,98,1,0
2546,298,247,92,1,0
2547,298,387,58,1,0
2548,298,87,93,1,0
2549,298,238,33,1,0
2550,298,324,0,1,0
2551,298,309,5,1,0
2552,298,297,92,1,0
2553,298,208,0,1,0
2554,298,182,92,1,0
2555,298,420,99,1,0
2556,298,214,73,1,0
2557,298,133,97,1,0
2558,298,261,4,1,0
2559,298,39,92,1,0
2560,302,165,0,1,0
2561,302,60,69,1,0
2562,302,399,0,1,0
2563,302,127,99,1,0
2564,302,36,47,1,0
2565,302,380,19,1,0
2566,302,418,0,1,0
2567,302,392,0,1,0
2568,302,343,2,1,0
2569,302,120,0,1,0
2570,302,346,0,1,0
2571,302,29,0,1,0
2572,302,427,76,1,0
2573,302,232,0,1,0
2574,302,387,75,1,0
2575,302,266,0,1,0
2576,302,91,0,1,0
2577,302,353,5,1,0
2578,302,90,0,1,0
2579,302,119,99,1,0
2580,307,103,0,1,0
2581,307,85,0,1,0
2582,307,58,0,1,0
2583,307,148,0,1,0
2584,307,153,0,1,0
2585,307,320,0,1,0
2586,307,414,0,1,0
2587,307,55,0,1,0
2588,307,330,4,1,0
2589,307,132,0,1,0
2590,307,348,0,1,0
2591,307,214,0,1,0
2592,307,208,0,1,0
2593,307,45,0,1,0
2594,307,62,0,1,0
2595,307,416,20,1,0
2596,307,401,0,1,0
2597,307,163,37,1,0
2598,307,347,0,1,0
2599,307,370,0,1,0
2600,312,180,7,1,0
2601,312,439,92,1,0
2602,312,399,97,1,0
2603,312,378,4,1,0
2604,312,177,25,1,0
2605,312,111,97,1,0
2606,312,129,99,1,0
2607,312,327,99,1,0
2608,312,33,96,1,0
2609,312,329,0,1,0
2610,312,387,99,1,0
2611,312,430,4,1,0
2612,312,341,4,1,0
2613,312,205,31,1,0
2614,312,342,4,1,0
2615,312,176,4,1,0
2616,312,210,12,1,0
2617,312,292,20,1,0
2618,312,397,83,1,0
2619,312,123,99,1,0
2620,317,23,59,1,0
2621,317,432,7,1,0
2622,317,280,26,1,0
2623,317,248,20,1,0
2624,317,222,65,1,0
2625,317,203,59,1,0
2626,317,385,99,1,0
2627,317,89,91,1,0
2628,317,251,59,1,0
2629,317,295,59,1,0
2630,317,148,24,1,0
2631,317,268,77,1,0
2632,317,87,59,1,0
2633,317,170,4,1,0
2634,317,299,99,1,0
2635,317,314,99,1,0
2636,317,262,0,1,0
2637,317,319,99,1,0
2638,317,413,99,1,0
2639,317,219,59,1,0
2640,321,205,30,1,0
2641,321,42,9,1,0
2642,321,433,0,1,0
2643,321,280,0,1,0
2644,321,32,0,1,0
2645,321,418,4,1,0
2646,321,248,20,1,0
2647,321,292,20,1,0
2648,321,404,0,1,0
2649,321,366,9,1,0
2650,321,90,4,1,0
2651,321,147,93,1,0
2652,321,332,90,1,0
2653,321,273,15,1,0
2654,321,100,42,1,0
2655,321,68,20,1,0
2656,321,429,0,1,0
2657,321,177,19,1,0
2658,321,59,91,1,0
2659,321,163,99,1,0
2660,326,208,0,1,0
2661,326,220,0,1,0
2662,326,144,20,1,0
2663,326,204,92,1,0
2664,326,439,97,1,0
2665,326,218,0,1,0
2666,326,182,92,1,0
2667,326,403,97,1,0
2668,326,389,6,1,0
2669,326,273,4,1,0
2670,326,73,97,1,0
2671,326,249,0,1,0
2672,326,190,0,1,0
2673,326,142,12,1,0
2674,326,268,4,1,0
2675,326,206,4,1,0
2676,326,276,12,1,0
2677,326,111,97,1,0
2678,326,176,0,1,0
2679,326,438,0,1,0
2680,331,242,0,1,0
2681,331,122,0,1,0
2682,331,143,0,1,0
2683,331,389,0,1,0
2684,331,87,0,1,0
2685,331,373,0,1,0
2686,331,272,0,1,0
2687,331,201,0,1,0
2688,331,161,0,1,0
2689,331,70,0,1,0
2690,331,195,0,1,0
2691,331,325,0,1,0
2692,331,284,0,1,0
2693,331,82,0,1,0
2694,331,301,0,1,0
2695,331,80,0,1,0
2696,331,425,0,1,0
2697,331,333,0,1,0
2698,331,156,0,1,0
2699,331,359,0,1,0
2700,336,337,0,1,0
2701,336,342,0,1,0
2702,336,34,0,1,0
2703,336,258,0,1,0
2704,336,215,92,1,0
2705,336,370,0,1,0
2706,336,141,0,1,0
2707,336,410,0,1,0
2708,336,319,99,1,0
2709,336,70,0,1,0
2710,336,200,0,1,0
2711,336,422,4,1,0
2712,336,63,86,1,0
2713,336,292,20,1,0
2714,336,103,45,1,0
2715,336,360,3,1,0
2716,336,190,0,1,0
2717,336,375,51,1,0
2718,336,334,0,1,0
2719,336,413,0,1,0
2720,340,114,95,1,0
2721,340,356,42,1,0
2722,340,365,0,1,0
2723,340,209,97,1,0
2724,340,199,99,1,0
2725,340,310,4,1,0
2726,340,177,25,1,0
2727,340,128,76,1,0
2728,340,438,82,1,0
2729,340,285,99,1,0
2730,340,233,99,1,0
2731,340,363,99,1,0
2732,340,49,0,1,0
2733,340,59,99,1,0
2734,340,92,98,1,0
2735,340,389,90,1,0
2736,340,303,99,1,0
2737,340,299,99,1,0
2738,340,137,4,1,0
2739,340,238,95,1,0
2740,345,53,0,1,0
2741,345,176,71,1,0
2742,345,438,0,1,0
2743,345,259,99,1,0
2744,345,82,0,1,0
2745,345,175,82,1,0
2746,345,351,0,1,0
2747,345,104,13,1,0
2748,345,237,3,1,0
2749,345,52,3,1,0
2750,345,230,0,1,0
2751,345,235,99,1,0
2752,345,224,3,1,0
2753,345,268,72,1,0
2754,345,167,99,1,0
2755,345,367,28,1,0
2756,345,54,0,1,0
2757,345,132,0,1,0
2758,345,275,92,1,0
2759,345,370,0,1,0
2760,350,66,0,1,0
2761,350,21,1,1,0
2762,350,24,0,1,0
2763,350,135,93,1,0
2764,350,270,0,1,0
2765,350,233,78,1,0
2766,350,424,99,1,0
2767,350,429,5,1,0
2768,350,175,99,1,0
2769,350,338,3,1,0
2770,350,46,5,1,0
2771,350,84,19,1,0
2772,350,386,4,1,0
2773,350,438,0,1,0
2774,350,196,20,1,0
2775,350,353,10,1,0
2776,350,428,98,1,0
2777,350,346,0,1,0
2778,350,295,99,1,0
2779,350,339,99,1,0
2780,355,41,0,1,0
2781,355,105,0,1,0
2782,355,330,0,1,0
2783,355,78,4,1,0
2784,355,339,99,1,0
2785,355,63,90,1,0
2786,355,347,99,1,0
2787,355,224,3,1,0
2788,355,244,71,1,0
2789,355,26,0,1,0
2790,355,191,99,1,0
2791,355,87,99,1,0
2792,355,92,3,1,0
2793,355,323,0,1,0
2794,355,413,0,1,0
2795,355,73,4,1,0
2796,355,230,0,1,0
2797,355,95,99,1,0
2798,355,142,0,1,0
2799,355,284,0,1,0
2800,364,173,98,1,0
2801,364,356,0,1,0
2802,364,219,99,1,0
2803,364,44,3,1,0
2804,364,86,31,1,0
2805,364,322,0,1,0
2806,364,53,0,1,0
2807,364,63,99,1,0
2808,364,166,0,1,0
2809,364,385,99,1,0
2810,364,260,99,1,0
2811,364,404,0,1,0
2812,364,258,0,1,0
2813,364,359,99,1,0
2814,364,21,98,1,0
2815,364,210,91,1,0
2816,364,408,97,1,0
2817,364,439,99,1,0
2818,364,143,99,1,0
2819,364,241,23,1,0
2820,369,354,99,1,0
2821,369,262,0,1,0
2822,369,160,1,1,0
2823,369,285,1,1,0
2824,369,130,0,1,0
2825,369,101,99,1,0
2826,369,297,98,1,0
2827,369,434,0,1,0
2828,369,235,99,1,0
2829,369,104,7,1,0
2830,369,276,71,1,0
2831,369,284,0,1,0
2832,369,303,66,1,0
2833,369,63,56,1,0
2834,369,120,0,1,0
2835,369,171,99,1,0
2836,369,387,93,1,0
2837,369,433,50,1,0
2838,369,367,46,1,0
2839,369,249,0,1,0
2840,374,342,0,1,0
2841,374,68,20,1,0
2842,374,208,0,1,0
2843,374,363,99,1,0
2844,374,214,4,1,0
2845,374,122,0,1,0
2846,374,351,75,1,0
2847,374,133,0,1,0
2848,374,278,0,1,0
2849,374,84,13,1,0
2850,374,316,0,1,0
2851,374,227,95,1,0
2852,374,28,0,1,0
2853,374,361,4,1,0
2854,374,366,9,1,0
2855,374,247,89,1,0
2856,374,134,0,1,0
2857,374,149,0,1,0
2858,374,252,0,1,0
2859,374,390,0,1,0
2860,379,214,0,1,0
2861,379,84,13,1,0
2862,379,190,0,1,0
2863,379,77,0,1,0
2864,379,160,0,1,0
2865,379,254,0,1,0
2866,379,23,0,1,0
2867,379,296,1,1,0
2868,379,435,0,1,0
2869,379,194,0,1,0
2870,379,42,0,1,0
2871,379,311,0,1,0
2872,379,46,0,1,0
2873,379,313,0,1,0
2874,379,132,0,1,0
2875,379,281,0,1,0
2876,379,420,0,1,0
2877,379,137,0,1,0
2878,379,54,0,1,0
2879,379,339,0,1,0
2880,383,401,0,1,0
2881,383,161,0,1,0
2882,383,54,0,1,0
2883,383,267,0,1,0
2884,383,273,4,1,0
2885,383,357,0,1,0
2886,383,287,0,1,0
2887,383,163,99,1,0
2888,383,222,0,1,0
2889,383,151,0,1,0
2890,383,119,0,1,0
2891,383,385,0,1,0
2892,383,57,0,1,0
2893,383,381,0,1,0
2894,383,125,0,1,0
2895,383,228,4,1,0
2896,383,246,0,1,0
2897,383,97,0,1,0
2898,383,67,0,1,0
2899,383,294,0,1,0
2900,388,48,0,1,0
2901,388,390,85,1,0
2902,388,247,99,1,0
2903,388,178,0,1,0
2904,388,262,0,1,0
2905,388,99,93,1,0
2906,388,70,90,1,0
2907,388,205,21,1,0
2908,388,190,0,1,0
2909,388,303,93,1,0
2910,388,399,86,1,0
2911,388,432,19,1,0
2912,388,437,99,1,0
2913,388,261,80,1,0
2914,388,114,0,1,0
2915,388,275,99,1,0
2916,388,429,94,1,0
2917,388,238,0,1,0
2918,388,215,99,1,0
2919,388,387,99,1,0
2920,393,386,72,1,0
2921,393,78,97,1,0
2922,393,172,0,1,0
2923,393,120,0,1,0
2924,393,157,4,1,0
2925,393,146,93,1,0
2926,393,423,99,1,0
2927,393,162,97,1,0
2928,393,52,98,1,0
2929,393,308,99,1,0
2930,393,153,0,1,0
2931,393,28,98,1,0
2932,393,225,91,1,0
2933,393,257,0,1,0
2934,393,405,62,1,0
2935,393,241,17,1,0
2936,393,60,76,1,0
2937,393,87,99,1,0
2938,393,295,97,1,0
2939,393,232,0,1,0
2940,398,85,5,1,0
2941,398,218,0,1,0
2942,398,325,0,1,0
2943,398,58,0,1,0
2944,398,147,99,1,0
2945,398,400,99,1,0
2946,398,263,99,1,0
2947,398,220,0,1,0
2948,398,341,0,1,0
2949,398,139,99,1,0
2950,398,299,99,1,0
2951,398,273,4,1,0
2952,398,201,0,1,0
2953,398,333,0,1,0
2954,398,266,0,1,0
2955,398,352,22,1,0
2956,398,200,0,1,0
2957,398,435,99,1,0
2958,398,319,99,1,0
2959,398,199,99,1,0
2960,402,142,4,1,0
2961,402,423,95,1,0
2962,402,45,4,1,0
2963,402,372,6,1,0
2964,402,397,0,1,0
2965,402,25,86,1,0
2966,402,425,9,1,0
2967,402,243,97,1,0
2968,402,349,4,1,0
2969,402,338,4,1,0
2970,402,337,0,1,0
2971,402,134,83,1,0
2972,402,280,0,1,0
2973,402,177,19,1,0
2974,402,101,97,1,0
2975,402,200,99,1,0
2976,402,277,0,1,0
2977,402,242,18,1,0
2978,402,275,97,1,0
2979,402,167,97,1,0
2980,407,154,0,1,0
2981,407,209,0,1,0
2982,407,416,20,1,0
2983,407,109,0,1,0
2984,407,286,0,1,0
2985,407,320,0,1,0
2986,407,292,20,1,0
2987,407,49,0,1,0
2988,407,36,4,1,0
2989,407,40,0,1,0
2990,407,373,0,1,0
2991,407,135,0,1,0
2992,407,181,0,1,0
2993,407,41,0,1,0
2994,407,210,0,1,0
2995,407,411,4,1,0
2996,407,230,0,1,0
2997,407,376,0,1,0
2998,407,149,0,1,0
2999,407,233,4,1,0
3000,412,363,99,1,0
3001,412,396,6,1,0
3002,412,295,99,1,0
3003,412,118,0,1,0
3004,412,200,94,1,0
3005,412,241,23,1,0
3006,412,154,95,1,0
3007,412,329,61,1,0
3008,412,348,30,1,0
3009,412,95,99,1,0
3010,412,424,99,1,0
3011,412,149,0,1,0
3012,412,357,57,1,0
3013,412,120,0,1,0
3014,412,232,98,1,0
3015,412,327,99,1,0
3016,412,251,99,1,0
3017,412,265,64,1,0
3018,412,33,0,1,0
3019,412,92,98,1,0
3020,417,146,99,1,0
3021,417,409,71,1,0
3022,417,263,98,1,0
3023,417,378,87,1,0
3024,417,405,99,1,0
3025,417,201,0,1,0
3026,417,163,99,1,0
3027,417,299,99,1,0
3028,417,31,99,1,0
3029,417,392,0,1,0
3030,417,258,40,1,0
3031,417,189,98,1,0
3032,417,304,99,1,0
3033,417,41,99,1,0
3034,417,362,4,1,0
3035,417,429,87,1,0
3036,417,381,99,1,0
3037,417,223,99,1,0
3038,417,200,94,1,0
3039,417,58,99,1,0
3040,421,147,99,1,0
3041,421,311,99,1,0
3042,421,29,53,1,0
3043,421,248,20,1,0
3044,421,219,99,1,0
3045,421,172,98,1,0
3046,421,100,1,1,0
3047,421,349,33,1,0
3048,421,267,99,1,0
3049,421,175,99,1,0
3050,421,89,99,1,0
3051,421,187,99,1,0
3052,421,142,79,1,0
3053,421,151,99,1,0
3054,421,319,99,1,0
3055,421,159,99,1,0
3056,421,353,11,1,0
3057,421,397,0,1,0
3058,421,165,96,1,0
3059,421,265,3,1,0
3060,426,260,97,1,0
3061,426,110,99,1,0
3062,426,422,51,1,0
3063,426,205,0,1,0
3064,426,46,93,1,0
3065,426,419,99,1,0
3066,426,263,99,1,0
3067,426,119,99,1,0
3068,426,144,20,1,0
3069,426,325,10,1,0
3070,426,371,99,1,0
3071,426,235,99,1,0
3072,426,52,71,1,0
3073,426,128,10,1,0
3074,426,133,1,1,0
3075,426,309,82,1,0
3076,426,341,4,1,0
3077,426,30,97,1,0
3078,426,36,10,1,0
3079,426,330,92,1,0
3080,431,262,0,1,0
3081,431,47,0,1,0
3082,431,408,0,1,0
3083,431,385,0,1,0
3084,431,305,0,1,0
3085,431,194,0,1,0
3086,431,427,0,1,0
3087,431,82,0,1,0
3088,431,147,99,1,0
3089,431,176,0,1,0
3090,431,280,0,1,0
3091,431,238,0,1,0
3092,431,162,0,1,0
3093,431,123,0,1,0
3094,431,263,8,1,0
3095,431,65,0,1,0
3096,431,55,99,1,0
3097,431,253,0,1,0
3098,431,389,4,1,0
3099,431,180,0,1,0
3100,436,189,1,1,0
3101,436,435,91,1,0
3102,436,428,0,1,0
3103,436,72,0,1,0
3104,436,368,92,1,0
3105,436,78,72,1,0
3106,436,168,0,1,0
3107,436,203,99,1,0
3108,436,182,98,1,0
3109,436,208,0,1,0
3110,436,57,97,1,0
3111,436,354,91,1,0
3112,436,187,99,1,0
3113,436,296,13,1,0
3114,436,308,99,1,0
3115,436,227,92,1,0
3116,436,409,0,1,0
3117,436,47,98,1,0
3118,436,330,99,1,0
3119,436,118,96,1,0
3120,20,395,8,1,0
3121,20,126,3,1,0
3122,20,84,0,1,0
3123,20,101,0,1,0
3124,20,239,0,1,0
3125,20,333,0,1,0
3126,20,160,0,1,0
3127,20,408,0,1,0
3128,20,22,0,1,0
3129,20,198,8,1,0
3130,20,131,13,1,0
3131,20,167,0,1,0
3132,20,42,0,1,0
3133,20,138,0,1,0
3134,20,251,0,1,0
3135,20,366,0,1,0
3136,20,341,0,1,0
3137,20,243,0,1,0
3138,20,438,4,1,0
3139,20,233,0,1,0
3140,20,326,14,1,0
3141,20,59,0,1,0
3142,20,157,0,1,0
3143,20,46,0,1,0
3144,20,155,14,1,0
3145,20,315,8,1,0
3146,20,179,13,1,0
3147,20,212,4,1,0
3148,20,92,0,1,0
3149,20,389,0,1,0
3150,20,266,9,1,0
3151,20,41,0,1,0
3152,20,435,3,1,0
3153,20,265,0,1,0
3154,20,228,0,1,0
3155,20,98,3,1,0
3156,20,275,0,1,0
3157,20,342,4,1,0
3158,20,319,0,1,0
3159,20,423,0,1,0
3160,21,48,0,1,0
3161,21,182,98,1,0
3162,21,223,98,1,0
3163,21,63,98,1,0
3164,21,355,98,1,0
3165,21,198,98,1,0
3166,21,260,0,1,0
3167,21,203,99,1,0
3168,21,139,99,1,0
3169,21,278,0,1,0
3170,21,199,99,1,0
3171,21,362,0,1,0
3172,21,406,4,1,0
3173,21,424,3,1,0
3174,21,244,98,1,0
3175,21,187,99,1,0
3176,21,236,0,1,0
3177,21,126,0,1,0
3178,21,85,0,1,0
3179,21,206,0,1,0
3180,21,107,98,1,0
3181,21,361,98,1,0
3182,21,259,98,1,0
3183,21,241,0,1,0
3184,21,185,0,1,0
3185,21,270,9,1,0
3186,21,177,0,1,0
3187,21,99,99,1,0
3188,21,432,0,1,0
3189,21,77,0,1,0
3190,21,148,0,1,0
3191,21,311,99,1,0
3192,21,422,14,1,0
3193,21,335,98,1,0
3194,21,153,0,1,0
3195,21,296,0,1,0
3196,21,273,4,1,0
3197,21,398,98,1,0
3198,21,61,13,1,0
3199,21,32,64,1,0
3200,22,160,34,1,0
3201,22,437,0,1,0
3202,22,403,91,1,0
3203,22,223,91,1,0
3204,22,404,0,1,0
3205,22,117,0,1,0
3206,22,272,0,1,0
3207,22,184,68,1,0
3208,22,279,91,1,0
3209,22,313,0,1,0
3210,22,291,91,1,0
3211,22,44,0,1,0
3212,22,370,0,1,0
3213,22,43,91,1,0
3214,22,25,50,1,0
3215,22,276,0,1,0
3216,22,212,0,1,0
3217,22,394,0,1,0
3218,22,139,98,1,0
3219,22,377,0,1,0
3220,22,98,88,1,0
3221,22,141,49,1,0
3222,22,36,93,1,0
3223,22,146,0,1,0
3224,22,244,4,1,0
3225,22,204,0,1,0
3226,22,333,56,1,0
3227,22,421,0,1,0
3228,22,267,91,1,0
3229,22,295,91,1,0
3230,22,88,0,1,0
3231,22,293,0,1,0
3232,22,406,0,1,0
3233,22,26,4,1,0
3234,22,209,91,1,0
3235,22,228,38,1,0
3236,22,269,0,1,0
3237,22,327,98,1,0
3238,22,323,91,1,0
3239,22,384,0,1,0
3240,23,197,0,1,0
3241,23,129,0,1,0
3242,23,415,59,1,0
3243,23,128,3,1,0
3244,23,289,0,1,0
3245,23,94,0,1,0
3246,23,403,99,1,0
3247,23,211,99,1,0
3248,23,246,0,1,0
3249,23,30,0,1,0
3250,23,393,0,1,0
3251,23,320,0,1,0
3252,23,394,0,1,0
3253,23,55,99,1,0
3254,23,287,83,1,0
3255,23,302,4,1,0
3256,23,420,0,1,0
3257,23,430,0,1,0
3258,23,362,0,1,0
3259,23,86,0,1,0
3260,23,119,99,1,0
3261,23,133,0,1,0
3262,23,170,0,1,0
3263,23,356,0,1,0
3264,23,208,0,1,0
3265,23,236,0,1,0
3266,23,76,0,1,0
3267,23,88,0,1,0
3268,23,33,0,1,0
3269,23,68,0,1,0
3270,23,50,0,1,0
3271,23,335,5,1,0
3272,23,233,4,1,0
3273,23,363,99,1,0
3274,23,296,0,1,0
3275,23,137,0,1,0
3276,23,196,0,1,0
3277,23,177,0,1,0
3278,23,159,99,1,0
3279,23,111,0,1,0
3280,24,269,4,1,0
3281,24,325,0,1,0
3282,24,321,99,1,0
3283,24,131,98,1,0
3284,24,54,4,1,0
3285,24,21,98,1,0
3286,24,115,99,1,0
3287,24,254,60,1,0
3288,24,402,30,1,0
3289,24,92,65,1,0
3290,24,368,3,1,0
3291,24,245,81,1,0
3292,24,259,98,1,0
3293,24,318,3,1,0
3294,24,240,98,1,0
3295,24,163,99,1,0
3296,24,70,3,1,0
3297,24,57,0,1,0
3298,24,153,17,1,0
3299,24,132,0,1,0
3300,24,20,0,1,0
3301,24,394,0,1,0
3302,24,320,60,1,0
3303,24,379,99,1,0
3304,24,156,67,1,0
3305,24,62,98,1,0
3306,24,118,18,1,0
3307,24,121,98,1,0
3308,24,267,99,1,0
3309,24,216,98,1,0
3310,24,326,3,1,0
3311,24,219,98,1,0
3312,24,263,98,1,0
3313,24,295,98,1,0
3314,24,94,98,1,0
3315,24,420,79,1,0
3316,24,244,98,1,0
3317,24,43,99,1,0
3318,24,392,0,1,0
3319,24,155,98,1,0
3320,25,304,0,1,0
3321,25,332,59,1,0
3322,25,98,35,1,0
3323,25,386,2,1,0
3324,25,46,2,1,0
3325,25,172,2,1,0
3326,25,44,2,1,0
3327,25,387,97,1,0
3328,25,77,97,1,0
3329,25,175,97,1,0
3330,25,49,2,1,0
3331,25,237,2,1,0
3332,25,315,97,1,0
3333,25,283,97,1,0
3334,25,55,97,1,0
3335,25,417,2,1,0
3336,25,92,0,1,0
3337,25,262,0,1,0
3338,25,203,97,1,0
3339,25,411,97,1,0
3340,25,330,31,1,0
3341,25,390,2,1,0
3342,25,102,2,1,0
3343,25,381,2,1,0
3344,25,353,4,1,0
3345,25,154,0,1,0
3346,25,23,51,1,0
3347,25,247,97,1,0
3348,25,223,97,1,0
3349,25,322,2,1,0
3350,25,265,2,1,0
3351,25,355,97,1,0
3352,25,156,2,1,0
3353,25,76,2,1,0
3354,25,116,0,1,0
3355,25,358,2,1,0
3356,25,385,2,1,0
3357,25,74,2,1,0
3358,25,224,2,1,0
3359,25,182,53,1,0
3360,26,284,0,1,0
3361,26,61,0,1,0
3362,26,304,0,1,0
3363,26,182,98,1,0
3364,26,73,4,1,0
3365,26,337,3,1,0
3366,26,238,0,1,0
3367,26,25,0,1,0
3368,26,188,99,1,0
3369,26,310,0,1,0
3370,26,262,0,1,0
3371,26,113,0,1,0
3372,26,225,79,1,0
3373,26,27,99,1,0
3374,26,184,0,1,0
3375,26,165,0,1,0
3376,26,130,0,1,0
3377,26,80,3,1,0
3378,26,338,22,1,0
3379,26,268,30,1,0
3380,26,286,99,1,0
3381,26,107,99,1,0
3382,26,119,99,1,0
3383,26,309,5,1,0
3384,26,419,99,1,0
3385,26,277,0,1,0
3386,26,20,0,1,0
3387,26,228,50,1,0
3388,26,60,46,1,0
3389,26,163,99,1,0
3390,26,423,99,1,0
3391,26,205,0,1,0
3392,26,82,8,1,0
3393,26,28,3,1,0
3394,26,250,99,1,0
3395,26,264,8,1,0
3396,26,85,0,1,0
3397,26,145,0,1,0
3398,26,281,0,1,0
3399,26,65,4,1,0
3400,27,150,0,1,0
3401,27,95,99,1,0
3402,27,130,0,1,0
3403,27,439,99,1,0
3404,27,348,60,1,0
3405,27,421,0,1,0
3406,27,233,4,1,0
3407,27,297,3,1,0
3408,27,391,99,1,0
3409,27,311,99,1,0
3410,27,141,4,1,0
3411,27,378,0,1,0
3412,27,202,0,1,0
3413,27,268,0,1,0
3414,27,435,99,1,0
3415,27,369,4,1,0
3416,27,118,0,1,0
3417,27,424,65,1,0
3418,27,385,0,1,0
3419,27,226,0,1,0
3420,27,160,0,1,0
3421,27,71,99,1,0
3422,27,433,0,1,0
3423,27,263,99,1,0
3424,27,134,0,1,0
3425,27,209,95,1,0
3426,27,159,99,1,0
3427,27,258,0,1,0
3428,27,172,0,1,0
3429,27,52,8,1,0
3430,27,50,0,1,0
3431,27,347,99,1,0
3432,27,237,7,1,0
3433,27,69,0,1,0
3434,27,170,0,1,0
3435,27,67,99,1,0
3436,27,273,4,1,0
3437,27,84,0,1,0
3438,27,116,0,1,0
3439,27,167,99,1,0
3440,28,354,91,1,0
3441,28,380,99,1,0
3442,28,38,4,1,0
3443,28,416,0,1,0
3444,28,136,0,1,0
3445,28,400,99,1,0
3446,28,63,92,1,0
3447,28,80,0,1,0
3448,28,292,0,1,0
3449,28,45,0,1,0
3450,28,189,1,1,0
3451,28,77,92,1,0
3452,28,373,47,1,0
3453,28,186,1,1,0
3454,28,289,0,1,0
3455,28,143,98,1,0
3456,28,52,92,1,0
3457,28,72,0,1,0
3458,28,258,98,1,0
3459,28,168,0,1,0
3460,28,233,99,1,0
3461,28,176,0,1,0
3462,28,323,92,1,0
3463,28,228,75,1,0
3464,28,217,0,1,0
3465,28,172,0,1,0
3466,28,254,1,1,0
3467,28,27,92,1,0
3468,28,229,0,1,0
3469,28,185,0,1,0
3470,28,110,99,1,0
3471,28,123,98,1,0
3472,28,255,98,1,0
3473,28,76,0,1,0
3474,28,230,48,1,0
3475,28,249,0,1,0
3476,28,277,0,1,0
3477,28,58,40,1,0
3478,28,36,99,1,0
3479,28,270,99,1,0
3480,29,293,0,1,0
3481,29,112,0,1,0
3482,29,124,98,1,0
3483,29,132,0,1,0
3484,29,71,98,1,0
3485,29,49,0,1,0
3486,29,207,98,1,0
3487,29,336,99,1,0
3488,29,25,0,1,0
3489,29,150,0,1,0
3490,29,404,0,1,0
3491,29,300,0,1,0
3492,29,340,98,1,0
3493,29,171,99,1,0
3494,29,148,0,1,0
3495,29,160,0,1,0
3496,29,194,0,1,0
3497,29,200,0,1,0
3498,29,424,0,1,0
3499,29,111,96,1,0
3500,29,149,0,1,0
3501,29,72,0,1,0
3502,29,35,98,1,0
3503,29,158,96,1,0
3504,29,268,98,1,0
3505,29,277,0,1,0
3506,29,398,91,1,0
3507,29,208,0,1,0
3508,29,159,98,1,0
3509,29,382,0,1,0
3510,29,381,0,1,0
3511,29,301,69,1,0
3512,29,400,67,1,0
3513,29,129,99,1,0
3514,29,127,98,1,0
3515,29,266,98,1,0
3516,29,265,98,1,0
3517,29,232,71,1,0
3518,29,274,0,1,0
3519,29,155,98,1,0
3520,30,222,43,1,0
3521,30,262,0,1,0
3522,30,203,99,1,0
3523,30,168,26,1,0
3524,30,151,99,1,0
3525,30,439,99,1,0
3526,30,34,0,1,0
3527,30,368,3,1,0
3528,30,210,85,1,0
3529,30,78,99,1,0
3530,30,53,0,1,0
3531,30,392,0,1,0
3532,30,24,98,1,0
3533,30,380,0,1,0
3534,30,65,4,1,0
3535,30,68,0,1,0
3536,30,103,99,1,0
3537,30,419,99,1,0
3538,30,193,19,1,0
3539,30,204,98,1,0
3540,30,249,0,1,0
3541,30,370,0,1,0
3542,30,95,99,1,0
3543,30,184,0,1,0
3544,30,139,99,1,0
3545,30,420,0,1,0
3546,30,202,0,1,0
3547,30,125,98,1,0
3548,30,97,99,1,0
3549,30,43,99,1,0
3550,30,272,0,1,0
3551,30,283,99,1,0
3552,30,402,0,1,0
3553,30,54,0,1,0
3554,30,58,0,1,0
3555,30,224,3,1,0
3556,30,436,0,1,0
3557,30,430,99,1,0
3558,30,381,99,1,0
3559,30,48,4,1,0
3560,31,94,4,1,0
3561,31,335,0,1,0
3562,31,279,97,1,0
3563,31,324,0,1,0
3564,31,70,0,1,0
3565,31,111,4,1,0
3566,31,241,0,1,0
3567,31,407,99,1,0
3568,31,427,97,1,0
3569,31,156,0,1,0
3570,31,230,0,1,0
3571,31,344,0,1,0
3572,31,336,4,1,0
3573,31,276,0,1,0
3574,31,188,4,1,0
3575,31,364,0,1,0
3576,31,128,0,1,0
3577,31,195,99,1,0
3578,31,106,0,1,0
3579,31,271,95,1,0
3580,31,284,0,1,0
3581,31,274,0,1,0
3582,31,86,0,1,0
3583,31,69,0,1,0
3584,31,122,0,1,0
3585,31,123,97,1,0
3586,31,282,4,1,0
3587,31,248,0,1,0
3588,31,388,4,1,0
3589,31,20,0,1,0
3590,31,109,0,1,0
3591,31,249,0,1,0
3592,31,342,0,1,0
3593,31,226,0,1,0
3594,31,413,0,1,0
3595,31,117,0,1,0
3596,31,150,0,1,0
3597,31,55,99,1,0
3598,31,273,4,1,0
3599,31,401,0,1,0
3600,32,257,0,1,0
3601,32,303,99,1,0
3602,32,130,0,1,0
3603,32,299,99,1,0
3604,32,244,9,1,0
3605,32,393,0,1,0
3606,32,247,98,1,0
3607,32,381,0,1,0
3608,32,197,0,1,0
3609,32,52,98,1,0
3610,32,176,0,1,0
3611,32,333,81,1,0
3612,32,26,48,1,0
3613,32,404,0,1,0
3614,32,377,98,1,0
3615,32,432,0,1,0
3616,32,207,91,1,0
3617,32,53,96,1,0
3618,32,219,91,1,0
3619,32,249,0,1,0
3620,32,254,0,1,0
3621,32,145,0,1,0
3622,32,213,98,1,0
3623,32,38,4,1,0
3624,32,338,0,1,0
3625,32,413,0,1,0
3626,32,376,0,1,0
3627,32,265,98,1,0
3628,32,406,99,1,0
3629,32,379,99,1,0
3630,32,415,91,1,0
3631,32,148,0,1,0
3632,32,215,98,1,0
3633,32,51,98,1,0
3634,32,261,0,1,0
3635,32,201,0,1,0
3636,32,111,98,1,0
3637,32,302,91,1,0
3638,32,103,99,1,0
3639,32,72,0,1,0
3640,33,79,99,1,0
3641,33,49,3,1,0
3642,33,147,99,1,0
3643,33,130,63,1,0
3644,33,404,0,1,0
3645,33,339,99,1,0
3646,33,91,99,1,0
3647,33,141,8,1,0
3648,33,311,99,1,0
3649,33,233,4,1,0
3650,33,205,0,1,0
3651,33,381,99,1,0
3652,33,293,67,1,0
3653,33,215,99,1,0
3654,33,438,4,1,0
3655,33,306,99,1,0
3656,33,57,0,1,0
3657,33,408,0,1,0
3658,33,350,78,1,0
3659,33,47,73,1,0
3660,33,115,99,1,0
3661,33,44,3,1,0
3662,33,114,4,1,0
3663,33,200,4,1,0
3664,33,276,3,1,0
3665,33,63,99,1,0
3666,33,247,99,1,0
3667,33,58,84,1,0
3668,33,210,59,1,0
3669,33,319,97,1,0
3670,33,367,89,1,0
3671,33,64,0,1,0
3672,33,421,99,1,0
3673,33,163,99,1,0
3674,33,370,48,1,0
3675,33,144,0,1,0
3676,33,90,4,1,0
3677,33,36,4,1,0
3678,33,406,16,1,0
3679,33,331,99,1,0
3680,34,423,99,1,0
3681,34,291,99,1,0
3682,34,113,0,1,0
3683,34,101,99,1,0
3684,34,286,82,1,0
3685,34,353,0,1,0
3686,34,145,0,1,0
3687,34,397,0,1,0
3688,34,293,0,1,0
3689,34,345,51,1,0
3690,34,202,0,1,0
3691,34,300,0,1,0
3692,34,425,4,1,0
3693,34,20,0,1,0
3694,34,421,0,1,0
3695,34,429,17,1,0
3696,34,162,43,1,0
3697,34,73,4,1,0
3698,34,239,99,1,0
3699,34,277,0,1,0
3700,34,235,99,1,0
3701,34,285,0,1,0
3702,34,414,3,1,0
3703,34,147,99,1,0
3704,34,47,99,1,0
3705,34,395,99,1,0
3706,34,307,99,1,0
3707,34,232,3,1,0
3708,34,241,0,1,0
3709,34,125,98,1,0
3710,34,410,44,1,0
3711,34,89,0,1,0
3712,34,115,99,1,0
3713,34,133,1,1,0
3714,34,27,99,1,0
3715,34,356,0,1,0
3716,34,189,98,1,0
3717,34,137,0,1,0
3718,34,213,82,1,0
3719,34,183,99,1,0
3720,35,335,11,1,0
3721,35,98,0,1,0
3722,35,393,0,1,0
3723,35,27,6,1,0
3724,35,78,8,1,0
3725,35,54,0,1,0
3726,35,244,99,1,0
3727,35,374,0,1,0
3728,35,305,0,1,0
3729,35,304,0,1,0
3730,35,434,0,1,0
3731,35,224,3,1,0
3732,35,428,3,1,0
3733,35,258,0,1,0
3734,35,81,3,1,0
3735,35,59,92,1,0
3736,35,166,0,1,0
3737,35,179,99,1,0
3738,35,313,2,1,0
3739,35,173,3,1,0
3740,35,380,0,1,0
3741,35,108,0,1,0
3742,35,437,4,1,0
3743,35,45,0,1,0
3744,35,58,0,1,0
3745,35,170,0,1,0
3746,35,372,0,1,0
3747,35,269,0,1,0
3748,35,197,0,1,0
3749,35,157,0,1,0
3750,35,39,99,1,0
3751,35,278,0,1,0
3752,35,194,0,1,0
3753,35,367,93,1,0
3754,35,323,11,1,0
3755,35,314,2,1,0
3756,35,60,0,1,0
3757,35,259,99,1,0
3758,35,370,0,1,0
3759,35,133,0,1,0
3760,36,324,0,1,0
3761,36,257,0,1,0
3762,36,238,0,1,0
3763,36,209,57,1,0
3764,36,21,0,1,0
3765,36,228,70,1,0
3766,36,146,0,1,0
3767,36,114,0,1,0
3768,36,42,4,1,0
3769,36,220,0,1,0
3770,36,368,0,1,0
3771,36,148,0,1,0
3772,36,384,0,1,0
3773,36,200,0,1,0
3774,36,311,68,1,0
3775,36,432,0,1,0
3776,36,226,0,1,0
3777,36,125,0,1,0
3778,36,416,0,1,0
3779,36,141,70,1,0
3780,36,387,91,1,0
3781,36,386,0,1,0
3782,36,124,0,1,0
3783,36,349,0,1,0
3784,36,70,0,1,0
3785,36,167,91,1,0
3786,36,408,90,1,0
3787,36,363,99,1,0
3788,36,300,0,1,0
3789,36,393,0,1,0
3790,36,29,0,1,0
3791,36,242,0,1,0
3792,36,277,0,1,0
3793,36,121,0,1,0
3794,36,430,0,1,0
3795,36,188,0,1,0
3796,36,149,0,1,0
3797,36,398,0,1,0
3798,36,80,0,1,0
3799,36,137,0,1,0
3800,37,366,4,1,0
3801,37,114,22,1,0
3802,37,41,89,1,0
3803,37,40,0,1,0
3804,37,96,0,1,0
3805,37,323,0,1,0
3806,37,217,0,1,0
3807,37,297,98,1,0
3808,37,162,1,1,0
3809,37,314,34,1,0
3810,37,22,99,1,0
3811,37,62,0,1,0
3812,37,324,0,1,0
3813,37,427,98,1,0
3814,37,277,0,1,0
3815,37,58,0,1,0
3816,37,124,98,1,0
3817,37,406,79,1,0
3818,37,76,0,1,0
3819,37,220,0,1,0
3820,37,85,0,1,0
3821,37,241,0,1,0
3822,37,65,0,1,0
3823,37,134,29,1,0
3824,37,310,0,1,0
3825,37,88,0,1,0
3826,37,260,71,1,0
3827,37,343,25,1,0
3828,37,161,0,1,0
3829,37,63,92,1,0
3830,37,293,49,1,0
3831,37,320,0,1,0
3832,37,202,0,1,0
3833,37,152,0,1,0
3834,37,165,0,1,0
3835,37,386,0,1,0
3836,37,78,92,1,0
3837,37,369,5,1,0
3838,37,138,98,1,0
3839,37,329,0,1,0
3840,38,318,0,1,0
3841,38,91,74,1,0
3842,38,295,97,1,0
3843,38,299,98,1,0
3844,38,315,75,1,0
3845,38,78,96,1,0
3846,38,420,0,1,0
3847,38,143,91,1,0
3848,38,189,90,1,0
3849,38,285,0,1,0
3850,38,198,86,1,0
3851,38,184,0,1,0
3852,38,407,98,1,0
3853,38,40,0,1,0
3854,38,376,10,1,0
3855,38,219,97,1,0
3856,38,243,97,1,0
3857,38,287,87,1,0
3858,38,237,85,1,0
3859,38,93,2,1,0
3860,38,391,98,1,0
3861,38,414,0,1,0
3862,38,399,86,1,0
3863,38,263,97,1,0
3864,38,190,0,1,0
3865,38,306,73,1,0
3866,38,170,0,1,0
3867,38,104,0,1,0
3868,38,323,74,1,0
3869,38,99,74,1,0
3870,38,95,97,1,0
3871,38,207,97,1,0
3872,38,121,53,1,0
3873,38,113,0,1,0
3874,38,423,97,1,0
3875,38,403,97,1,0
3876,38,327,98,1,0
3877,38,437,0,1,0
3878,38,227,97,1,0
3879,38,349,0,1,0
3880,39,420,0,1,0
3881,39,316,0,1,0
3882,39,224,0,1,0
3883,39,68,0,1,0
3884,39,118,0,1,0
3885,39,366,0,1,0
3886,39,221,0,1,0
3887,39,267,36,1,0
3888,39,21,0,1,0
3889,39,82,0,1,0
3890,39,247,8,1,0
3891,39,322,0,1,0
3892,39,380,0,1,0
3893,39,219,10,1,0
3894,39,23,0,1,0
3895,39,435,18,1,0
3896,39,29,0,1,0
3897,39,297,3,1,0
3898,39,333,0,1,0
3899,39,40,0,1,0
3900,39,371,0,1,0
3901,39,310,0,1,0
3902,39,439,99,1,0
3903,39,430,0,1,0
3904,39,228,4,1,0
3905,39,138,0,1,0
3906,39,265,15,1,0
3907,39,83,0,1,0
3908,39,107,4,1,0
3909,39,272,0,1,0
3910,39,327,99,1,0
3911,39,362,0,1,0
3912,39,95,8,1,0
3913,39,134,0,1,0
3914,39,276,0,1,0
3915,39,273,4,1,0
3916,39,151,0,1,0
3917,39,74,0,1,0
3918,39,240,0,1,0
3919,39,209,4,1,0
3920,40,328,99,1,0
3921,40,271,92,1,0
3922,40,93,0,1,0
3923,40,50,0,1,0
3924,40,56,0,1,0
3925,40,351,98,1,0
3926,40,372,0,1,0
3927,40,76,0,1,0
3928,40,112,1,1,0
3929,40,169,99,1,0
3930,40,110,99,1,0
3931,40,20,0,1,0
3932,40,412,0,1,0
3933,40,414,0,1,0
3934,40,358,1,1,0
3935,40,437,99,1,0
3936,40,377,96,1,0
3937,40,66,99,1,0
3938,40,202,0,1,0
3939,40,82,3,1,0
3940,40,324,0,1,0
3941,40,299,99,1,0
3942,40,32,3,1,0
3943,40,128,3,1,0
3944,40,162,92,1,0
3945,40,43,99,1,0
3946,40,379,99,1,0
3947,40,148,0,1,0
3948,40,234,0,1,0
3949,40,80,0,1,0
3950,40,346,0,1,0
3951,40,21,1,1,0
3952,40,229,0,1,0
3953,40,317,0,1,0
3954,40,319,99,1,0
3955,40,26,0,1,0
3956,40,343,98,1,0
3957,40,54,99,1,0
3958,40,348,65,1,0
3959,40,208,0,1,0
3960,41,413,4,1,0
3961,41,380,4,1,0
3962,41,288,4,1,0
3963,41,330,80,1,0
3964,41,155,96,1,0
3965,41,395,96,1,0
3966,41,216,15,1,0
3967,41,52,0,1,0
3968,41,91,96,1,0
3969,41,50,96,1,0
3970,41,204,0,1,0
3971,41,172,0,1,0
3972,41,143,96,1,0
3973,41,376,90,1,0
3974,41,396,0,1,0
3975,41,277,0,1,0
3976,41,412,4,1,0
3977,41,164,0,1,0
3978,41,82,4,1,0
3979,41,416,0,1,0
3980,41,179,97,1,0
3981,41,56,0,1,0
3982,41,434,0,1,0
3983,41,236,0,1,0
3984,41,199,99,1,0
3985,41,115,99,1,0
3986,41,421,4,1,0
3987,41,373,0,1,0
3988,41,246,4,1,0
3989,41,166,4,1,0
3990,41,276,0,1,0
3991,41,285,99,1,0
3992,41,263,96,1,0
3993,41,324,0,1,0
3994,41,370,4,1,0
3995,41,292,0,1,0
3996,41,122,44,1,0
3997,41,430,21,1,0
3998,41,97,4,1,0
3999,41,61,0,1,0
4000,42,221,0,1,0
4001,42,387,98,1,0
4002,42,136,0,1,0
4003,42,183,97,1,0
4004,42,428,0,1,0
4005,42,386,4,1,0
4006,42,298,0,1,0
4007,42,31,97,1,0
4008,42,409,0,1,0
4009,42,345,4,1,0
4010,42,350,4,1,0
4011,42,89,0,1,0
4012,42,177,0,1,0
4013,42,108,0,1,0
4014,42,439,91,1,0
4015,42,365,0,1,0
4016,42,107,91,1,0
4017,42,332,95,1,0
4018,42,211,97,1,0
4019,42,219,91,1,0
4020,42,128,0,1,0
4021,42,187,99,1,0
4022,42,393,0,1,0
4023,42,191,99,1,0
4024,42,153,0,1,0
4025,42,199,99,1,0
4026,42,329,0,1,0
4027,42,401,4,1,0
4028,42,347,97,1,0
4029,42,212,0,1,0
4030,42,394,80,1,0
4031,42,178,4,1,0
4032,42,303,98,1,0
4033,42,208,0,1,0
4034,42,273,68,1,0
4035,42,246,0,1,0
4036,42,224,0,1,0
4037,42,400,67,1,0
4038,42,129,35,1,0
4039,42,320,0,1,0
4040,43,56,0,1,0
4041,43,299,99,1,0
4042,43,260,0,1,0
4043,43,389,0,1,0
4044,43,429,0,1,0
4045,43,64,0,1,0
4046,43,317,0,1,0
4047,43,435,17,1,0
4048,43,251,33,1,0
4049,43,400,4,1,0
4050,43,154,0,1,0
4051,43,122,0,1,0
4052,43,179,99,1,0
4053,43,210,0,1,0
4054,43,320,0,1,0
4055,43,215,0,1,0
4056,43,311,9,1,0
4057,43,185,0,1,0
4058,43,244,4,1,0
4059,43,26,0,1,0
4060,43,25,0,1,0
4061,43,301,0,1,0
4062,43,249,0,1,0
4063,43,258,0,1,0
4064,43,384,0,1,0
4065,43,143,0,1,0
4066,43,37,0,1,0
4067,43,92,0,1,0
4068,43,394,0,1,0
4069,43,99,0,1,0
4070,43,72,0,1,0
4071,43,398,0,1,0
4072,43,67,0,1,0
4073,43,353,0,1,0
4074,43,48,0,1,0
4075,43,138,0,1,0
4076,43,379,99,1,0
4077,43,328,0,1,0
4078,43,279,4,1,0
4079,43,51,2,1,0
4080,44,346,98,1,0
4081,44,421,5,1,0
4082,44,382,0,1,0
4083,44,68,0,1,0
4084,44,37,98,1,0
4085,44,299,96,1,0
4086,44,36,60,1,0
4087,44,30,0,1,0
4088,44,33,0,1,0
4089,44,170,20,1,0
4090,44,342,25,1,0
4091,44,276,0,1,0
4092,44,87,99,1,0
4093,44,259,98,1,0
4094,44,60,75,1,0
4095,44,208,0,1,0
4096,44,423,98,1,0
4097,44,190,9,1,0
4098,44,324,0,1,0
4099,44,313,99,1,0
4100,44,135,99,1,0
4101,44,261,98,1,0
4102,44,251,96,1,0
4103,44,333,0,1,0
4104,44,71,98,1,0
4105,44,95,98,1,0
4106,44,23,98,1,0
4107,44,238,0,1,0
4108,44,127,96,1,0
4109,44,250,98,1,0
4110,44,286,70,1,0
4111,44,294,16,1,0
4112,44,159,96,1,0
4113,44,84,0,1,0
4114,44,348,71,1,0
4115,44,173,80,1,0
4116,44,360,66,1,0
4117,44,302,98,1,0
4118,44,317,0,1,0
4119,44,428,70,1,0
4120,45,128,2,1,0
4121,45,295,99,1,0
4122,45,25,97,1,0
4123,45,57,92,1,0
4124,45,398,99,1,0
4125,45,27,99,1,0
4126,45,353,0,1,0
4127,45,163,99,1,0
4128,45,438,4,1,0
4129,45,61,0,1,0
4130,45,41,0,1,0
4131,45,351,99,1,0
4132,45,260,99,1,0
4133,45,218,99,1,0
4134,45,143,99,1,0
4135,45,107,99,1,0
4136,45,173,45,1,0
4137,45,380,4,1,0
4138,45,72,0,1,0
4139,45,40,45,1,0
4140,45,287,99,1,0
4141,45,34,99,1,0
4142,45,290,45,1,0
4143,45,90,99,1,0
4144,45,249,0,1,0
4145,45,334,99,1,0
4146,45,285,57,1,0
4147,45,214,99,1,0
4148,45,140,99,1,0
4149,45,417,1,1,0
4150,45,216,15,1,0
4151,45,306,0,1,0
4152,45,411,99,1,0
4153,45,118,18,1,0
4154,45,141,83,1,0
4155,45,142,99,1,0
4156,45,431,99,1,0
4157,45,153,0,1,0
4158,45,202,0,1,0
4159,45,399,99,1,0
4160,46,370,4,1,0
4161,46,239,91,1,0
4162,46,279,91,1,0
4163,46,254,0,1,0
4164,46,366,83,1,0
4165,46,38,76,1,0
4166,46,248,0,1,0
4167,46,75,91,1,0
4168,46,429,0,1,0
4169,46,360,36,1,0
4170,46,187,98,1,0
4171,46,379,98,1,0
4172,46,322,97,1,0
4173,46,78,79,1,0
4174,46,37,0,1,0
4175,46,382,0,1,0
4176,46,44,0,1,0
4177,46,317,0,1,0
4178,46,199,98,1,0
4179,46,259,91,1,0
4180,46,362,99,1,0
4181,46,210,21,1,0
4182,46,224,0,1,0
4183,46,415,91,1,0
4184,46,350,4,1,0
4185,46,265,11,1,0
4186,46,310,4,1,0
4187,46,363,98,1,0
4188,46,58,0,1,0
4189,46,186,0,1,0
4190,46,127,97,1,0
4191,46,206,0,1,0
4192,46,330,87,1,0
4193,46,386,4,1,0
4194,46,288,14,1,0
4195,46,232,0,1,0
4196,46,283,91,1,0
4197,46,285,0,1,0
4198,46,102,0,1,0
4199,46,428,0,1,0
4200,47,57,0,1,0
4201,47,85,0,1,0
4202,47,247,97,1,0
4203,47,322,0,1,0
4204,47,100,4,1,0
4205,47,304,0,1,0
4206,47,279,99,1,0
4207,47,418,0,1,0
4208,47,103,5,1,0
4209,47,246,0,1,0
4210,47,381,0,1,0
4211,47,84,0,1,0
4212,47,358,0,1,0
4213,47,88,0,1,0
4214,47,134,0,1,0
4215,47,150,0,1,0
4216,47,260,0,1,0
4217,47,226,0,1,0
4218,47,158,0,1,0
4219,47,374,0,1,0
4220,47,115,93,1,0
4221,47,28,0,1,0
4222,47,396,0,1,0
4223,47,66,0,1,0
4224,47,77,0,1,0
4225,47,174,0,1,0
4226,47,369,4,1,0
4227,47,323,0,1,0
4228,47,87,99,1,0
4229,47,163,99,1,0
4230,47,438,0,1,0
4231,47,315,0,1,0
4232,47,390,0,1,0
4233,47,328,4,1,0
4234,47,395,97,1,0
4235,47,341,0,1,0
4236,47,56,0,1,0
4237,47,388,0,1,0
4238,47,71,99,1,0
4239,47,225,0,1,0
4240,48,152,0,1,0
4241,48,239,99,1,0
4242,48,271,99,1,0
4243,48,165,75,1,0
4244,48,171,99,1,0
4245,48,348,98,1,0
4246,48,432,0,1,0
4247,48,244,99,1,0
4248,48,389,1,1,0
4249,48,105,27,1,0
4250,48,431,99,1,0
4251,48,77,0,1,0
4252,48,256,0,1,0
4253,48,303,55,1,0
4254,48,434,0,1,0
4255,48,325,40,1,0
4256,48,50,0,1,0
4257,48,182,98,1,0
4258,48,83,93,1,0
4259,48,394,0,1,0
4260,48,333,0,1,0
4261,48,32,70,1,0
4262,48,120,0,1,0
4263,48,386,99,1,0
4264,48,290,1,1,0
4265,48,336,99,1,0
4266,48,70,1,1,0
4267,48,405,1,1,0
4268,48,230,0,1,0
4269,48,417,1,1,0
4270,48,153,2,1,0
4271,48,232,71,1,0
4272,48,219,99,1,0
4273,48,164,1,1,0
4274,48,364,65,1,0
4275,48,423,99,1,0
4276,48,437,4,1,0
4277,48,340,1,1,0
4278,48,339,99,1,0
4279,48,390,1,1,0
4280,49,264,0,1,0
4281,49,119,98,1,0
4282,49,25,0,1,0
4283,49,357,98,1,0
4284,49,284,0,1,0
4285,49,83,99,1,0
4286,49,412,0,1,0
4287,49,390,98,1,0
4288,49,88,98,1,0
4289,49,286,4,1,0
4290,49,52,96,1,0
4291,49,180,0,1,0
4292,49,335,98,1,0
4293,49,99,99,1,0
4294,49,292,0,1,0
4295,49,38,4,1,0
4296,49,415,98,1,0
4297,49,337,97,1,0
4298,49,368,98,1,0
4299,49,270,96,1,0
4300,49,153,0,1,0
4301,49,251,99,1,0
4302,49,189,98,1,0
4303,49,165,0,1,0
4304,49,156,98,1,0
4305,49,439,98,1,0
4306,49,271,98,1,0
4307,49,302,98,1,0
4308,49,144,0,1,0
4309,49,120,89,1,0
4310,49,388,80,1,0
4311,49,343,98,1,0
4312,49,296,0,1,0
4313,49,280,10,1,0
4314,49,323,98,1,0
4315,49,98,0,1,0
4316,49,266,98,1,0
4317,49,104,0,1,0
4318,49,135,99,1,0
4319,49,279,98,1,0
4320,50,432,0,1,0
4321,50,83,99,1,0
4322,50,360,98,1,0
4323,50,105,10,1,0
4324,50,165,37,1,0
4325,50,144,0,1,0
4326,50,55,99,1,0
4327,50,438,0,1,0
4328,50,30,99,1,0
4329,50,237,1,1,0
4330,50,370,61,1,0
4331,50,125,98,1,0
4332,50,160,74,1,0
4333,50,426,0,1,0
4334,50,58,99,1,0
4335,50,113,0,1,0
4336,50,245,8,1,0
4337,50,92,45,1,0
4338,50,411,99,1,0
4339,50,97,99,1,0
4340,50,195,99,1,0
4341,50,151,99,1,0
4342,50,43,99,1,0
4343,50,29,20,1,0
4344,50,137,18,1,0
4345,50,77,99,1,0
4346,50,89,85,1,0
4347,50,199,99,1,0
4348,50,143,99,1,0
4349,50,253,24,1,0
4350,50,146,0,1,0
4351,50,424,83,1,0
4352,50,332,99,1,0
4353,50,271,99,1,0
4354,50,363,99,1,0
4355,50,177,0,1,0
4356,50,305,8,1,0
4357,50,436,0,1,0
4358,50,319,99,1,0
4359,50,70,8,1,0
4360,51,427,0,1,0
4361,51,410,0,1,0
4362,51,136,0,1,0
4363,51,316,0,1,0
4364,51,251,60,1,0
4365,51,236,0,1,0
4366,51,54,0,1,0
4367,51,323,0,1,0
4368,51,245,0,1,0
4369,51,223,0,1,0
4370,51,193,0,1,0
4371,51,425,0,1,0
4372,51,230,0,1,0
4373,51,351,0,1,0
4374,51,291,0,1,0
4375,51,271,0,1,0
4376,51,134,0,1,0
4377,51,181,0,1,0
4378,51,247,4,1,0
4379,51,332,9,1,0
4380,51,314,0,1,0
4381,51,173,0,1,0
4382,51,106,0,1,0
4383,51,376,0,1,0
4384,51,57,0,1,0
4385,51,255,4,1,0
4386,51,174,0,1,0
4387,51,234,0,1,0
4388,51,89,0,1,0
4389,51,42,0,1,0
4390,51,438,0,1,0
4391,51,75,0,1,0
4392,51,222,0,1,0
4393,51,354,44,1,0
4394,51,372,0,1,0
4395,51,165,0,1,0
4396,51,371,0,1,0
4397,51,128,0,1,0
4398,51,362,0,1,0
4399,51,331,99,1,0
4400,52,145,0,1,0
4401,52,303,99,1,0
4402,52,286,4,1,0
4403,52,324,0,1,0
4404,52,33,0,1,0
4405,52,335,80,1,0
4406,52,336,8,1,0
4407,52,254,0,1,0
4408,52,396,0,1,0
4409,52,430,0,1,0
4410,52,91,92,1,0
4411,52,317,0,1,0
4412,52,175,99,1,0
4413,52,235,98,1,0
4414,52,387,99,1,0
4415,52,320,0,1,0
4416,52,179,99,1,0
4417,52,74,0,1,0
4418,52,368,3,1,0
4419,52,80,0,1,0
4420,52,49,0,1,0
4421,52,115,99,1,0
4422,52,194,0,1,0
4423,52,128,3,1,0
4424,52,434,0,1,0
4425,52,248,0,1,0
4426,52,366,4,1,0
4427,52,182,98,1,0
4428,52,191,99,1,0
4429,52,187,99,1,0
4430,52,308,4,1,0
4431,52,379,99,1,0
4432,52,139,99,1,0
4433,52,360,12,1,0
4434,52,300,0,1,0
4435,52,252,0,1,0
4436,52,238,0,1,0
4437,52,352,3,1,0
4438,52,332,99,1,0
4439,52,156,0,1,0
4440,53,81,1,1,0
4441,53,385,4,1,0
4442,53,335,97,1,0
4443,53,376,60,1,0
4444,53,73,99,1,0
4445,53,395,97,1,0
4446,53,57,97,1,0
4447,53,169,85,1,0
4448,53,128,0,1,0
4449,53,438,99,1,0
4450,53,46,77,1,0
4451,53,332,99,1,0
4452,53,48,7,1,0
4453,53,139,97,1,0
4454,53,65,99,1,0
4455,53,410,97,1,0
4456,53,61,0,1,0
4457,53,339,97,1,0
4458,53,436,0,1,0
4459,53,67,97,1,0
4460,53,87,97,1,0
4461,53,191,99,1,0
4462,53,257,0,1,0
4463,53,271,97,1,0
4464,53,331,99,1,0
4465,53,229,0,1,0
4466,53,358,6,1,0
4467,53,157,4,1,0
4468,53,388,19,1,0
4469,53,221,0,1,0
4470,53,372,0,1,0
4471,53,138,44,1,0
4472,53,95,97,1,0
4473,53,106,50,1,0
4474,53,370,4,1,0
4475,53,118,96,1,0
4476,53,290,97,1,0
4477,53,398,97,1,0
4478,53,401,4,1,0
4479,53,171,99,1,0
4480,54,135,99,1,0
4481,54,333,83,1,0
4482,54,130,4,1,0
4483,54,402,2,1,0
4484,54,415,97,1,0
4485,54,306,29,1,0
4486,54,200,69,1,0
4487,54,392,0,1,0
4488,54,125,3,1,0
4489,54,105,4,1,0
4490,54,397,0,1,0
4491,54,57,74,1,0
4492,54,304,0,1,0
4493,54,272,0,1,0
4494,54,359,97,1,0
4495,54,151,97,1,0
4496,54,297,1,1,0
4497,54,58,4,1,0
4498,54,227,97,1,0
4499,54,310,4,1,0
4500,54,296,0,1,0
4501,54,412,4,1,0
4502,54,76,0,1,0
4503,54,94,49,1,0
4504,54,82,4,1,0
4505,54,254,0,1,0
4506,54,126,99,1,0
4507,54,66,4,1,0
4508,54,111,97,1,0
4509,54,267,99,1,0
4510,54,124,0,1,0
4511,54,179,99,1,0
4512,54,221,0,1,0
4513,54,88,0,1,0
4514,54,198,16,1,0
4515,54,40,0,1,0
4516,54,123,97,1,0
4517,54,101,37,1,0
4518,54,429,0,1,0
4519,54,143,97,1,0
4520,55,26,0,1,0
4521,55,84,0,1,0
4522,55,122,0,1,0
4523,55,421,0,1,0
4524,55,112,0,1,0
4525,55,91,0,1,0
4526,55,195,4,1,0
4527,55,56,0,1,0
4528,55,432,0,1,0
4529,55,152,0,1,0
4530,55,296,0,1,0
4531,55,304,0,1,0
4532,55,153,0,1,0
4533,55,428,0,1,0
4534,55,269,4,1,0
4535,55,411,0,1,0
4536,55,272,0,1,0
4537,55,388,0,1,0
4538,55,187,64,1,0
4539,55,394,0,1,0
4540,55,371,0,1,0
4541,55,376,0,1,0
4542,55,59,0,1,0
4543,55,188,0,1,0
4544,55,261,0,1,0
4545,55,52,0,1,0
4546,55,353,0,1,0
4547,55,240,0,1,0
4548,55,198,0,1,0
4549,55,294,0,1,0
4550,55,116,0,1,0
4551,55,425,0,1,0
4552,55,25,0,1,0
4553,55,67,0,1,0
4554,55,139,0,1,0
4555,55,267,0,1,0
4556,55,408,0,1,0
4557,55,54,0,1,0
4558,55,20,0,1,0
4559,55,370,0,1,0
4560,56,64,99,1,0
4561,56,227,98,1,0
4562,56,395,98,1,0
4563,56,108,0,1,0
4564,56,434,77,1,0
4565,56,388,98,1,0
4566,56,53,99,1,0
4567,56,263,98,1,0
4568,56,286,97,1,0
4569,56,197,98,1,0
4570,56,301,98,1,0
4571,56,216,87,1,0
4572,56,346,98,1,0
4573,56,143,98,1,0
4574,56,376,0,1,0
4575,56,367,99,1,0
4576,56,266,98,1,0
4577,56,46,99,1,0
4578,56,157,98,1,0
4579,56,418,98,1,0
4580,56,375,98,1,0
4581,56,61,24,1,0
4582,56,76,98,1,0
4583,56,264,68,1,0
4584,56,413,89,1,0
4585,56,91,98,1,0
4586,56,382,98,1,0
4587,56,381,98,1,0
4588,56,296,0,1,0
4589,56,275,98,1,0
4590,56,129,99,1,0
4591,56,400,99,1,0
4592,56,363,99,1,0
4593,56,351,98,1,0
4594,56,364,52,1,0
4595,56,130,98,1,0
4596,56,246,98,1,0
4597,56,213,98,1,0
4598,56,201,72,1,0
4599,56,159,98,1,0
4600,57,47,80,1,0
4601,57,271,89,1,0
4602,57,391,89,1,0
4603,57,265,0,1,0
4604,57,435,95,1,0
4605,57,397,0,1,0
4606,57,363,90,1,0
4607,57,305,0,1,0
4608,57,371,62,1,0
4609,57,49,0,1,0
4610,57,412,0,1,0
4611,57,166,0,1,0
4612,57,314,0,1,0
4613,57,39,90,1,0
4614,57,242,97,1,0
4615,57,357,0,1,0
4616,57,161,70,1,0
4617,57,266,0,1,0
4618,57,217,0,1,0
4619,57,207,83,1,0
4620,57,427,89,1,0
4621,57,70,0,1,0
4622,57,205,13,1,0
4623,57,330,0,1,0
4624,57,120,0,1,0
4625,57,319,85,1,0
4626,57,409,0,1,0
4627,57,75,73,1,0
4628,57,369,90,1,0
4629,57,301,0,1,0
4630,57,370,0,1,0
4631,57,436,0,1,0
4632,57,152,0,1,0
4633,57,415,89,1,0
4634,57,102,0,1,0
4635,57,274,0,1,0
4636,57,209,89,1,0
4637,57,385,0,1,0
4638,57,30,75,1,0
4639,57,106,0,1,0
4640,58,373,41,1,0
4641,58,336,99,1,0
4642,58,350,99,1,0
4643,58,310,4,1,0
4644,58,69,0,1,0
4645,58,319,99,1,0
4646,58,75,99,1,0
4647,58,66,2,1,0
4648,58,212,0,1,0
4649,58,34,99,1,0
4650,58,237,79,1,0
4651,58,155,99,1,0
4652,58,325,0,1,0
4653,58,35,99,1,0
4654,58,165,0,1,0
4655,58,387,95,1,0
4656,58,97,99,1,0
4657,58,252,0,1,0
4658,58,351,99,1,0
4659,58,235,99,1,0
4660,58,30,4,1,0
4661,58,433,0,1,0
4662,58,142,99,1,0
4663,58,121,0,1,0
4664,58,191,99,1,0
4665,58,222,90,1,0
4666,58,216,21,1,0
4667,58,227,99,1,0
4668,58,93,4,1,0
4669,58,231,99,1,0
4670,58,156,3,1,0
4671,58,173,3,1,0
4672,58,276,0,1,0
4673,58,389,2,1,0
4674,58,414,9,1,0
4675,58,244,99,1,0
4676,58,143,99,1,0
4677,58,229,0,1,0
4678,58,399,4,1,0
4679,58,70,22,1,0
4680,59,232,0,1,0
4681,59,229,0,1,0
4682,59,436,0,1,0
4683,59,312,0,1,0
4684,59,162,0,1,0
4685,59,408,0,1,0
4686,59,219,4,1,0
4687,59,231,99,1,0
4688,59,241,0,1,0
4689,59,261,0,1,0
4690,59,330,0,1,0
4691,59,67,8,1,0
4692,59,412,0,1,0
4693,59,70,0,1,0
4694,59,331,99,1,0
4695,59,235,87,1,0
4696,59,158,0,1,0
4697,59,338,0,1,0
4698,59,321,3,1,0
4699,59,369,4,1,0
4700,59,192,0,1,0
4701,59,68,0,1,0
4702,59,339,61,1,0
4703,59,371,0,1,0
4704,59,22,14,1,0
4705,59,406,0,1,0
4706,59,303,0,1,0
4707,59,293,0,1,0
4708,59,275,4,1,0
4709,59,173,0,1,0
4710,59,104,0,1,0
4711,59,263,27,1,0
4712,59,286,9,1,0
4713,59,88,0,1,0
4714,59,81,3,1,0
4715,59,203,99,1,0
4716,59,200,4,1,0
4717,59,234,0,1,0
4718,59,285,0,1,0
4719,59,341,0,1,0
4720,60,279,98,1,0
4721,60,21,3,1,0
4722,60,104,0,1,0
4723,60,183,98,1,0
4724,60,64,0,1,0
4725,60,185,0,1,0
4726,60,70,3,1,0
4727,60,256,0,1,0
4728,60,348,98,1,0
4729,60,198,3,1,0
4730,60,98,98,1,0
4731,60,311,98,1,0
4732,60,86,3,1,0
4733,60,274,3,1,0
4734,60,383,98,1,0
4735,60,210,3,1,0
4736,60,330,0,1,0
4737,60,238,0,1,0
4738,60,314,3,1,0
4739,60,178,3,1,0
4740,60,257,3,1,0
4741,60,371,98,1,0
4742,60,419,98,1,0
4743,60,145,3,1,0
4744,60,357,3,1,0
4745,60,359,98,1,0
4746,60,230,0,1,0
4747,60,315,72,1,0
4748,60,126,0,1,0
4749,60,323,73,1,0
4750,60,82,3,1,0
4751,60,96,0,1,0
4752,60,414,3,1,0
4753,60,201,3,1,0
4754,60,143,67,1,0
4755,60,386,3,1,0
4756,60,141,0,1,0
4757,60,235,98,1,0
4758,60,362,0,1,0
4759,60,214,3,1,0
4760,61,80,0,1,0
4761,61,368,0,1,0
4762,61,361,0,1,0
4763,61,24,0,1,0
4764,61,136,0,1,0
4765,61,344,0,1,0
4766,61,433,0,1,0
4767,61,218,0,1,0
4768,61,374,24,1,0
4769,61,178,0,1,0
4770,61,330,0,1,0
4771,61,302,4,1,0
4772,61,132,0,1,0
4773,61,198,20,1,0
4774,61,109,0,1,0
4775,61,277,0,1,0
4776,61,413,0,1,0
4777,61,439,15,1,0
4778,61,429,0,1,0
4779,61,346,0,1,0
4780,61,87,9,1,0
4781,61,242,0,1,0
4782,61,372,0,1,0
4783,61,217,0,1,0
4784,61,387,0,1,0
4785,61,137,0,1,0
4786,61,98,0,1,0
4787,61,36,0,1,0
4788,61,170,0,1,0
4789,61,248,0,1,0
4790,61,48,0,1,0
4791,61,227,14,1,0
4792,61,97,0,1,0
4793,61,304,0,1,0
4794,61,366,0,1,0
4795,61,138,0,1,0
4796,61,209,0,1,0
4797,61,327,14,1,0
4798,61,68,0,1,0
4799,61,84,0,1,0
4800,62,422,30,1,0
4801,62,133,1,1,0
4802,62,66,14,1,0
4803,62,365,0,1,0
4804,62,375,99,1,0
4805,62,206,4,1,0
4806,62,393,8,1,0
4807,62,311,99,1,0
4808,62,386,8,1,0
4809,62,437,99,1,0
4810,62,170,4,1,0
4811,62,215,99,1,0
4812,62,335,99,1,0
4813,62,59,99,1,0
4814,62,256,0,1,0
4815,62,251,99,1,0
4816,62,279,99,1,0
4817,62,82,8,1,0
4818,62,406,9,1,0
4819,62,207,99,1,0
4820,62,368,3,1,0
4821,62,305,12,1,0
4822,62,240,2,1,0
4823,62,288,66,1,0
4824,62,34,99,1,0
4825,62,357,8,1,0
4826,62,78,99,1,0
4827,62,152,0,1,0
4828,62,356,24,1,0
4829,62,290,99,1,0
4830,62,250,99,1,0
4831,62,312,2,1,0
4832,62,299,99,1,0
4833,62,374,99,1,0
4834,62,247,99,1,0
4835,62,160,0,1,0
4836,62,267,99,1,0
4837,62,339,99,1,0
4838,62,151,99,1,0
4839,62,281,1,1,0
4840,63,374,0,1,0
4841,63,425,0,1,0
4842,63,199,98,1,0
4843,63,290,0,1,0
4844,63,163,99,1,0
4845,63,23,0,1,0
4846,63,276,0,1,0
4847,63,405,0,1,0
4848,63,407,99,1,0
4849,63,152,0,1,0
4850,63,190,0,1,0
4851,63,324,0,1,0
4852,63,244,8,1,0
4853,63,209,0,1,0
4854,63,372,0,1,0
4855,63,286,0,1,0
4856,63,436,3,1,0
4857,63,170,0,1,0
4858,63,165,0,1,0
4859,63,431,99,1,0
4860,63,230,0,1,0
4861,63,401,0,1,0
4862,63,282,0,1,0
4863,63,341,0,1,0
4864,63,410,0,1,0
4865,63,408,0,1,0
4866,63,354,92,1,0
4867,63,137,0,1,0
4868,63,173,0,1,0
4869,63,26,0,1,0
4870,63,134,0,1,0
4871,63,307,99,1,0
4872,63,229,0,1,0
4873,63,223,0,1,0
4874,63,435,99,1,0
4875,63,160,0,1,0
4876,63,98,0,1,0
4877,63,62,0,1,0
4878,63,271,0,1,0
4879,63,156,0,1,0
4880,65,326,0,1,0
4881,65,133,1,1,0
4882,65,424,89,1,0
4883,65,397,0,1,0
4884,65,276,65,1,0
4885,65,25,2,1,0
4886,65,171,99,1,0
4887,65,429,64,1,0
4888,65,391,99,1,0
4889,65,148,0,1,0
4890,65,291,99,1,0
4891,65,334,66,1,0
4892,65,256,0,1,0
4893,65,319,99,1,0
4894,65,138,92,1,0
4895,65,359,99,1,0
4896,65,159,99,1,0
4897,65,430,81,1,0
4898,65,56,3,1,0
4899,65,48,0,1,0
4900,65,74,0,1,0
4901,65,341,0,1,0
4902,65,139,99,1,0
4903,65,121,54,1,0
4904,65,305,0,1,0
4905,65,107,99,1,0
4906,65,317,2,1,0
4907,65,304,1,1,0
4908,65,228,2,1,0
4909,65,132,98,1,0
4910,65,196,0,1,0
4911,65,297,98,1,0
4912,65,262,1,1,0
4913,65,232,3,1,0
4914,65,51,99,1,0
4915,65,246,0,1,0
4916,65,328,10,1,0
4917,65,311,99,1,0
4918,65,372,0,1,0
4919,65,211,99,1,0
4920,66,311,99,1,0
4921,66,99,99,1,0
4922,66,273,99,1,0
4923,66,81,0,1,0
4924,66,308,95,1,0
4925,66,433,87,1,0
4926,66,49,0,1,0
4927,66,204,0,1,0
4928,66,170,89,1,0
4929,66,31,94,1,0
4930,66,435,94,1,0
4931,66,323,94,1,0
4932,66,398,91,1,0
4933,66,50,0,1,0
4934,66,155,97,1,0
4935,66,280,88,1,0
4936,66,254,0,1,0
4937,66,117,0,1,0
4938,66,135,99,1,0
4939,66,88,0,1,0
4940,66,392,0,1,0
4941,66,346,0,1,0
4942,66,244,4,1,0
4943,66,386,4,1,0
4944,66,91,94,1,0
4945,66,290,67,1,0
4946,66,422,9,1,0
4947,66,299,99,1,0
4948,66,418,5,1,0
4949,66,213,0,1,0
4950,66,353,0,1,0
4951,66,358,4,1,0
4952,66,154,89,1,0
4953,66,229,0,1,0
4954,66,164,92,1,0
4955,66,396,0,1,0
4956,66,221,0,1,0
4957,66,246,0,1,0
4958,66,425,19,1,0
4959,66,89,4,1,0
4960,67,182,95,1,0
4961,67,205,0,1,0
4962,67,224,0,1,0
4963,67,348,60,1,0
4964,67,279,99,1,0
4965,67,82,0,1,0
4966,67,258,0,1,0
4967,67,121,0,1,0
4968,67,168,0,1,0
4969,67,157,0,1,0
4970,67,118,0,1,0
4971,67,225,0,1,0
4972,67,439,99,1,0
4973,67,80,0,1,0
4974,67,94,0,1,0
4975,67,51,99,1,0
4976,67,38,0,1,0
4977,67,165,0,1,0
4978,67,404,0,1,0
4979,67,46,2,1,0
4980,67,320,0,1,0
4981,67,57,0,1,0
4982,67,274,0,1,0
4983,67,303,2,1,0
4984,67,108,0,1,0
4985,67,419,99,1,0
4986,67,290,0,1,0
4987,67,66,0,1,0
4988,67,190,0,1,0
4989,67,163,99,1,0
4990,67,339,99,1,0
4991,67,415,0,1,0
4992,67,299,99,1,0
4993,67,219,97,1,0
4994,67,198,0,1,0
4995,67,368,0,1,0
4996,67,223,0,1,0
4997,67,89,0,1,0
4998,67,117,0,1,0
4999,67,325,0,1,0
5000,68,85,0,1,0
5001,68,204,0,1,0
5002,68,429,0,1,0
5003,68,106,0,1,0
5004,68,405,0,1,0
5005,68,70,0,1,0
5006,68,385,0,1,0
5007,68,260,0,1,0
5008,68,148,0,1,0
5009,68,202,0,1,0
5010,68,141,0,1,0
5011,68,411,0,1,0
5012,68,162,0,1,0
5013,68,364,0,1,0
5014,68,33,0,1,0
5015,68,69,0,1,0
5016,68,373,0,1,0
5017,68,89,0,1,0
5018,68,121,0,1,0
5019,68,25,0,1,0
5020,68,229,0,1,0
5021,68,119,0,1,0
5022,68,176,0,1,0
5023,68,132,0,1,0
5024,68,397,0,1,0
5025,68,354,0,1,0
5026,68,24,0,1,0
5027,68,298,0,1,0
5028,68,424,0,1,0
5029,68,274,0,1,0
5030,68,349,0,1,0
5031,68,432,0,1,0
5032,68,262,0,1,0
5033,68,59,0,1,0
5034,68,255,0,1,0
5035,68,410,0,1,0
5036,68,348,0,1,0
5037,68,402,0,1,0
5038,68,281,0,1,0
5039,68,184,0,1,0
5040,70,54,93,1,0
5041,70,306,0,1,0
5042,70,67,99,1,0
5043,70,115,99,1,0
5044,70,32,0,1,0
5045,70,255,99,1,0
5046,70,406,76,1,0
5047,70,176,0,1,0
5048,70,234,10,1,0
5049,70,405,0,1,0
5050,70,380,99,1,0
5051,70,31,99,1,0
5052,70,95,99,1,0
5053,70,315,99,1,0
5054,70,369,47,1,0
5055,70,85,0,1,0
5056,70,28,3,1,0
5057,70,238,20,1,0
5058,70,81,98,1,0
5059,70,266,99,1,0
5060,70,106,0,1,0
5061,70,77,95,1,0
5062,70,249,0,1,0
5063,70,348,84,1,0
5064,70,129,93,1,0
5065,70,328,99,1,0
5066,70,260,97,1,0
5067,70,166,0,1,0
5068,70,318,97,1,0
5069,70,183,99,1,0
5070,70,429,0,1,0
5071,70,322,99,1,0
5072,70,299,99,1,0
5073,70,438,0,1,0
5074,70,181,1,1,0
5075,70,407,99,1,0
5076,70,221,0,1,0
5077,70,365,0,1,0
5078,70,401,4,1,0
5079,70,342,0,1,0
5080,71,410,0,1,0
5081,71,259,95,1,0
5082,71,368,0,1,0
5083,71,242,0,1,0
5084,71,57,0,1,0
5085,71,98,0,1,0
5086,71,114,0,1,0
5087,71,430,0,1,0
5088,71,83,0,1,0
5089,71,212,0,1,0
5090,71,56,0,1,0
5091,71,316,0,1,0
5092,71,328,4,1,0
5093,71,367,0,1,0
5094,71,386,0,1,0
5095,71,392,0,1,0
5096,71,218,0,1,0
5097,71,305,0,1,0
5098,71,148,0,1,0
5099,71,46,2,1,0
5100,71,302,0,1,0
5101,71,267,87,1,0
5102,71,372,0,1,0
5103,71,45,0,1,0
5104,71,117,0,1,0
5105,71,281,0,1,0
5106,71,233,4,1,0
5107,71,30,0,1,0
5108,71,44,0,1,0
5109,71,59,28,1,0
5110,71,237,3,1,0
5111,71,407,93,1,0
5112,71,363,99,1,0
5113,71,122,0,1,0
5114,71,297,0,1,0
5115,71,287,70,1,0
5116,71,52,0,1,0
5117,71,268,0,1,0
5118,71,234,0,1,0
5119,71,76,0,1,0
5120,72,273,5,1,0
5121,72,167,3,1,0
5122,72,163,0,1,0
5123,72,114,19,1,0
5124,72,395,13,1,0
5125,72,329,5,1,0
5126,72,424,0,1,0
5127,72,290,9,1,0
5128,72,126,8,1,0
5129,72,131,23,1,0
5130,72,137,4,1,0
5131,72,373,0,1,0
5132,72,165,0,1,0
5133,72,178,4,1,0
5134,72,421,8,1,0
5135,72,383,28,1,0
5136,72,142,5,1,0
5137,72,249,0,1,0
5138,72,66,8,1,0
5139,72,35,13,1,0
5140,72,413,0,1,0
5141,72,379,18,1,0
5142,72,193,9,1,0
5143,72,350,13,1,0
5144,72,228,10,1,0
5145,72,288,0,1,0
5146,72,392,0,1,0
5147,72,323,18,1,0
5148,72,396,0,1,0
5149,72,202,28,1,0
5150,72,431,28,1,0
5151,72,360,0,1,0
5152,72,182,10,1,0
5153,72,278,0,1,0
5154,72,227,23,1,0
5155,72,295,8,1,0
5156,72,325,0,1,0
5157,72,377,4,1,0
5158,72,378,10,1,0
5159,72,283,28,1,0
5160,73,91,92,1,0
5161,73,416,0,1,0
5162,73,381,92,1,0
5163,73,358,29,1,0
5164,73,181,98,1,0
5165,73,320,31,1,0
5166,73,106,0,1,0
5167,73,67,92,1,0
5168,73,360,98,1,0
5169,73,87,99,1,0
5170,73,165,29,1,0
5171,73,143,92,1,0
5172,73,100,2,1,0
5173,73,162,0,1,0
5174,73,427,92,1,0
5175,73,289,1,1,0
5176,73,255,99,1,0
5177,73,283,92,1,0
5178,73,334,67,1,0
5179,73,306,35,1,0
5180,73,231,99,1,0
5181,73,42,0,1,0
5182,73,417,98,1,0
5183,73,415,92,1,0
5184,73,404,0,1,0
5185,73,233,0,1,0
5186,73,48,0,1,0
5187,73,72,0,1,0
5188,73,354,99,1,0
5189,73,389,99,1,0
5190,73,227,99,1,0
5191,73,130,0,1,0
5192,73,121,98,1,0
5193,73,204,98,1,0
5194,73,331,99,1,0
5195,73,240,98,1,0
5196,73,138,48,1,0
5197,73,397,0,1,0
5198,73,188,92,1,0
5199,73,190,3,1,0
5200,75,36,4,1,0
5201,75,241,0,1,0
5202,75,110,99,1,0
5203,75,261,0,1,0
5204,75,359,99,1,0
5205,75,252,0,1,0
5206,75,412,0,1,0
5207,75,333,0,1,0
5208,75,158,0,1,0
5209,75,384,0,1,0
5210,75,371,44,1,0
5211,75,78,4,1,0
5212,75,59,69,1,0
5213,75,219,91,1,0
5214,75,101,17,1,0
5215,75,310,0,1,0
5216,75,83,93,1,0
5217,75,315,40,1,0
5218,75,385,0,1,0
5219,75,236,0,1,0
5220,75,286,9,1,0
5221,75,427,97,1,0
5222,75,91,83,1,0
5223,75,148,0,1,0
5224,75,52,0,1,0
5225,75,220,0,1,0
5226,75,209,97,1,0
5227,75,383,98,1,0
5228,75,428,0,1,0
5229,75,123,91,1,0
5230,75,408,28,1,0
5231,75,203,99,1,0
5232,75,416,0,1,0
5233,75,264,4,1,0
5234,75,31,11,1,0
5235,75,213,0,1,0
5236,75,421,0,1,0
5237,75,61,0,1,0
5238,75,211,99,1,0
5239,75,87,99,1,0
5240,76,416,0,1,0
5241,76,95,52,1,0
5242,76,59,98,1,0
5243,76,21,76,1,0
5244,76,87,93,1,0
5245,76,218,0,1,0
5246,76,197,85,1,0
5247,76,144,0,1,0
5248,76,221,98,1,0
5249,76,40,74,1,0
5250,76,47,96,1,0
5251,76,214,98,1,0
5252,76,172,38,1,0
5253,76,253,98,1,0
5254,76,323,96,1,0
5255,76,88,79,1,0
5256,76,20,0,1,0
5257,76,61,14,1,0
5258,76,67,96,1,0
5259,76,210,98,1,0
5260,76,187,67,1,0
5261,76,209,0,1,0
5262,76,123,96,1,0
5263,76,39,96,1,0
5264,76,335,96,1,0
5265,76,185,0,1,0
5266,76,200,0,1,0
5267,76,188,98,1,0
5268,76,207,96,1,0
5269,76,397,0,1,0
5270,76,225,98,1,0
5271,76,418,96,1,0
5272,76,179,99,1,0
5273,76,273,80,1,0
5274,76,86,98,1,0
5275,76,175,87,1,0
5276,76,304,80,1,0
5277,76,345,0,1,0
5278,76,36,60,1,0
5279,76,373,0,1,0
5280,77,214,99,1,0
5281,77,57,0,1,0
5282,77,128,7,1,0
5283,77,231,99,1,0
5284,77,349,0,1,0
5285,77,333,0,1,0
5286,77,344,0,1,0
5287,77,94,99,1,0
5288,77,153,0,1,0
5289,77,26,8,1,0
5290,77,439,99,1,0
5291,77,380,0,1,0
5292,77,52,13,1,0
5293,77,230,0,1,0
5294,77,209,99,1,0
5295,77,413,0,1,0
5296,77,312,2,1,0
5297,77,186,0,1,0
5298,77,53,0,1,0
5299,77,103,99,1,0
5300,77,105,1,1,0
5301,77,274,0,1,0
5302,77,181,81,1,0
5303,77,419,99,1,0
5304,77,276,7,1,0
5305,77,429,3,1,0
5306,77,142,0,1,0
5307,77,275,99,1,0
5308,77,371,98,1,0
5309,77,265,7,1,0
5310,77,229,0,1,0
5311,77,195,99,1,0
5312,77,236,6,1,0
5313,77,281,1,1,0
5314,77,45,0,1,0
5315,77,393,0,1,0
5316,77,115,99,1,0
5317,77,256,0,1,0
5318,77,132,3,1,0
5319,77,438,0,1,0
5320,78,224,3,1,0
5321,78,264,4,1,0
5322,78,293,0,1,0
5323,78,68,0,1,0
5324,78,344,0,1,0
5325,78,273,4,1,0
5326,78,396,0,1,0
5327,78,40,3,1,0
5328,78,167,99,1,0
5329,78,415,69,1,0
5330,78,96,0,1,0
5331,78,143,43,1,0
5332,78,146,0,1,0
5333,78,163,99,1,0
5334,78,343,79,1,0
5335,78,419,99,1,0
5336,78,403,99,1,0
5337,78,27,13,1,0
5338,78,254,0,1,0
5339,78,398,0,1,0
5340,78,116,0,1,0
5341,78,176,0,1,0
5342,78,280,0,1,0
5343,78,310,0,1,0
5344,78,417,0,1,0
5345,78,420,0,1,0
5346,78,227,97,1,0
5347,78,41,0,1,0
5348,78,219,29,1,0
5349,78,189,0,1,0
5350,78,239,99,1,0
5351,78,430,0,1,0
5352,78,111,54,1,0
5353,78,268,0,1,0
5354,78,300,0,1,0
5355,78,372,0,1,0
5356,78,309,5,1,0
5357,78,129,0,1,0
5358,78,265,9,1,0
5359,78,76,0,1,0
5360,80,245,0,1,0
5361,80,382,0,1,0
5362,80,354,98,1,0
5363,80,286,65,1,0
5364,80,319,99,1,0
5365,80,254,1,1,0
5366,80,82,98,1,0
5367,80,243,98,1,0
5368,80,375,92,1,0
5369,80,239,91,1,0
5370,80,179,99,1,0
5371,80,400,99,1,0
5372,80,177,0,1,0
5373,80,365,0,1,0
5374,80,203,99,1,0
5375,80,77,90,1,0
5376,80,194,1,1,0
5377,80,383,99,1,0
5378,80,205,8,1,0
5379,80,207,98,1,0
5380,80,312,98,1,0
5381,80,109,79,1,0
5382,80,265,98,1,0
5383,80,70,98,1,0
5384,80,416,0,1,0
5385,80,308,69,1,0
5386,80,266,98,1,0
5387,80,384,0,1,0
5388,80,124,98,1,0
5389,80,161,0,1,0
5390,80,272,0,1,0
5391,80,248,0,1,0
5392,80,318,19,1,0
5393,80,21,1,1,0
5394,80,414,27,1,0
5395,80,127,98,1,0
5396,80,366,4,1,0
5397,80,360,60,1,0
5398,80,285,75,1,0
5399,80,115,99,1,0
5400,81,228,69,1,0
5401,81,106,1,1,0
5402,81,279,98,1,0
5403,81,292,0,1,0
5404,81,222,0,1,0
5405,81,381,1,1,0
5406,81,144,0,1,0
5407,81,219,92,1,0
5408,81,211,98,1,0
5409,81,107,92,1,0
5410,81,162,92,1,0
5411,81,241,0,1,0
5412,81,390,0,1,0
5413,81,214,92,1,0
5414,81,407,99,1,0
5415,81,202,0,1,0
5416,81,272,0,1,0
5417,81,346,0,1,0
5418,81,77,90,1,0
5419,81,117,0,1,0
5420,81,251,99,1,0
5421,81,300,0,1,0
5422,81,181,1,1,0
5423,81,154,0,1,0
5424,81,281,0,1,0
5425,81,23,92,1,0
5426,81,34,1,1,0
5427,81,270,99,1,0
5428,81,401,0,1,0
5429,81,100,70,1,0
5430,81,134,47,1,0
5431,81,108,0,1,0
5432,81,248,0,1,0
5433,81,304,74,1,0
5434,81,151,92,1,0
5435,81,331,99,1,0
5436,81,328,99,1,0
5437,81,362,48,1,0
5438,81,403,98,1,0
5439,81,157,0,1,0
5440,82,154,55,1,0
5441,82,339,99,1,0
5442,82,69,0,1,0
5443,82,309,98,1,0
5444,82,233,99,1,0
5445,82,146,93,1,0
5446,82,155,97,1,0
5447,82,349,0,1,0
5448,82,27,86,1,0
5449,82,22,93,1,0
5450,82,76,0,1,0
5451,82,206,0,1,0
5452,82,107,97,1,0
5453,82,202,0,1,0
5454,82,314,0,1,0
5455,82,150,0,1,0
5456,82,353,0,1,0
5457,82,32,0,1,0
5458,82,54,93,1,0
5459,82,167,99,1,0
5460,82,252,0,1,0
5461,82,212,0,1,0
5462,82,308,99,1,0
5463,82,387,93,1,0
5464,82,209,97,1,0
5465,82,224,0,1,0
5466,82,90,86,1,0
5467,82,33,0,1,0
5468,82,125,23,1,0
5469,82,231,99,1,0
5470,82,258,0,1,0
5471,82,89,0,1,0
5472,82,196,0,1,0
5473,82,143,86,1,0
5474,82,140,0,1,0
5475,82,215,97,1,0
5476,82,72,0,1,0
5477,82,132,0,1,0
5478,82,232,0,1,0
5479,82,29,0,1,0
5480,84,409,0,1,0
5481,84,151,0,1,0
5482,84,105,0,1,0
5483,84,371,0,1,0
5484,84,289,0,1,0
5485,84,301,0,1,0
5486,84,377,0,1,0
5487,84,420,0,1,0
5488,84,135,0,1,0
5489,84,369,0,1,0
5490,84,21,0,1,0
5491,84,114,0,1,0
5492,84,190,0,1,0
5493,84,121,0,1,0
5494,84,418,0,1,0
5495,84,346,0,1,0
5496,84,41,0,1,0
5497,84,341,0,1,0
5498,84,307,0,1,0
5499,84,201,0,1,0
5500,84,332,0,1,0
5501,84,269,0,1,0
5502,84,95,0,1,0
5503,84,133,0,1,0
5504,84,38,0,1,0
5505,84,329,0,1,0
5506,84,98,0,1,0
5507,84,337,0,1,0
5508,84,437,0,1,0
5509,84,350,0,1,0
5510,84,251,0,1,0
5511,84,366,0,1,0
5512,84,386,0,1,0
5513,84,412,0,1,0
5514,84,37,0,1,0
5515,84,263,0,1,0
5516,84,52,0,1,0
5517,84,268,0,1,0
5518,84,73,0,1,0
5519,84,281,0,1,0
5520,85,28,0,1,0
5521,85,236,0,1,0
5522,85,353,0,1,0
5523,85,288,0,1,0
5524,85,104,0,1,0
5525,85,290,0,1,0
5526,85,346,0,1,0
5527,85,416,0,1,0
5528,85,367,0,1,0
5529,85,382,0,1,0
5530,85,265,0,1,0
5531,85,295,0,1,0
5532,85,154,0,1,0
5533,85,105,0,1,0
5534,85,263,0,1,0
5535,85,370,0,1,0
5536,85,36,0,1,0
5537,85,373,0,1,0
5538,85,341,0,1,0
5539,85,216,0,1,0
5540,85,174,0,1,0
5541,85,254,0,1,0
5542,85,92,0,1,0
5543,85,20,0,1,0
5544,85,114,0,1,0
5545,85,272,0,1,0
5546,85,155,7,1,0
5547,85,173,0,1,0
5548,85,391,0,1,0
5549,85,95,0,1,0
5550,85,413,0,1,0
5551,85,323,0,1,0
5552,85,269,0,1,0
5553,85,303,0,1,0
5554,85,30,0,1,0
5555,85,268,0,1,0
5556,85,364,0,1,0
5557,85,108,0,1,0
5558,85,159,0,1,0
5559,85,53,0,1,0
5560,86,236,0,1,0
5561,86,30,4,1,0
5562,86,285,0,1,0
5563,86,355,99,1,0
5564,86,35,59,1,0
5565,86,422,0,1,0
5566,86,237,40,1,0
5567,86,58,0,1,0
5568,86,247,99,1,0
5569,86,386,4,1,0
5570,86,122,0,1,0
5571,86,335,99,1,0
5572,86,43,99,1,0
5573,86,306,0,1,0
5574,86,212,0,1,0
5575,86,52,56,1,0
5576,86,214,99,1,0
5577,86,377,98,1,0
5578,86,272,0,1,0
5579,86,94,4,1,0
5580,86,47,99,1,0
5581,86,385,4,1,0
5582,86,191,99,1,0
5583,86,73,4,1,0
5584,86,430,4,1,0
5585,86,206,0,1,0
5586,86,81,13,1,0
5587,86,66,0,1,0
5588,86,255,99,1,0
5589,86,132,0,1,0
5590,86,68,0,1,0
5591,86,331,99,1,0
5592,86,304,0,1,0
5593,86,286,9,1,0
5594,86,78,99,1,0
5595,86,127,99,1,0
5596,86,116,0,1,0
5597,86,234,4,1,0
5598,86,103,99,1,0
5599,86,178,4,1,0
5600,87,267,2,1,0
5601,87,224,0,1,0
5602,87,142,0,1,0
5603,87,370,0,1,0
5604,87,245,0,1,0
5605,87,117,0,1,0
5606,87,92,0,1,0
5607,87,437,4,1,0
5608,87,424,0,1,0
5609,87,80,0,1,0
5610,87,340,0,1,0
5611,87,335,0,1,0
5612,87,232,0,1,0
5613,87,35,0,1,0
5614,87,346,0,1,0
5615,87,313,0,1,0
5616,87,188,0,1,0
5617,87,84,0,1,0
5618,87,181,0,1,0
5619,87,178,0,1,0
5620,87,27,0,1,0
5621,87,358,0,1,0
5622,87,46,0,1,0
5623,87,63,0,1,0
5624,87,372,0,1,0
5625,87,258,0,1,0
5626,87,283,0,1,0
5627,87,158,0,1,0
5628,87,354,14,1,0
5629,87,261,0,1,0
5630,87,145,0,1,0
5631,87,136,0,1,0
5632,87,337,0,1,0
5633,87,105,0,1,0
5634,87,182,0,1,0
5635,87,162,0,1,0
5636,87,417,0,1,0
5637,87,91,0,1,0
5638,87,110,99,1,0
5639,87,199,99,1,0
5640,89,163,99,1,0
5641,89,156,72,1,0
5642,89,378,0,1,0
5643,89,303,99,1,0
5644,89,307,99,1,0
5645,89,49,75,1,0
5646,89,348,0,1,0
5647,89,325,0,1,0
5648,89,265,98,1,0
5649,89,364,4,1,0
5650,89,396,0,1,0
5651,89,432,0,1,0
5652,89,268,76,1,0
5653,89,213,96,1,0
5654,89,61,19,1,0
5655,89,91,99,1,0
5656,89,393,0,1,0
5657,89,48,4,1,0
5658,89,21,98,1,0
5659,89,177,0,1,0
5660,89,424,84,1,0
5661,89,99,99,1,0
5662,89,299,99,1,0
5663,89,361,99,1,0
5664,89,391,99,1,0
5665,89,188,99,1,0
5666,89,381,99,1,0
5667,89,164,0,1,0
5668,89,338,99,1,0
5669,89,43,99,1,0
5670,89,301,69,1,0
5671,89,194,0,1,0
5672,89,150,99,1,0
5673,89,385,99,1,0
5674,89,439,99,1,0
5675,89,235,99,1,0
5676,89,64,0,1,0
5677,89,42,99,1,0
5678,89,129,0,1,0
5679,89,58,99,1,0
5680,90,245,36,1,0
5681,90,250,99,1,0
5682,90,390,0,1,0
5683,90,325,53,1,0
5684,90,283,99,1,0
5685,90,322,87,1,0
5686,90,397,0,1,0
5687,90,384,0,1,0
5688,90,24,98,1,0
5689,90,424,83,1,0
5690,90,115,99,1,0
5691,90,298,45,1,0
5692,90,138,99,1,0
5693,90,425,4,1,0
5694,90,237,60,1,0
5695,90,376,90,1,0
5696,90,301,3,1,0
5697,90,284,0,1,0
5698,90,38,99,1,0
5699,90,95,99,1,0
5700,90,161,4,1,0
5701,90,254,12,1,0
5702,90,207,99,1,0
5703,90,249,0,1,0
5704,90,61,0,1,0
5705,90,437,4,1,0
5706,90,45,0,1,0
5707,90,243,99,1,0
5708,90,272,0,1,0
5709,90,432,0,1,0
5710,90,40,3,1,0
5711,90,205,0,1,0
5712,90,172,75,1,0
5713,90,439,99,1,0
5714,90,263,99,1,0
5715,90,62,30,1,0
5716,90,358,51,1,0
5717,90,219,99,1,0
5718,90,112,32,1,0
5719,90,79,99,1,0
5720,91,264,4,1,0
5721,91,161,0,1,0
5722,91,67,8,1,0
5723,91,263,99,1,0
5724,91,384,0,1,0
5725,91,317,0,1,0
5726,91,157,0,1,0
5727,91,129,0,1,0
5728,91,106,0,1,0
5729,91,97,99,1,0
5730,91,372,0,1,0
5731,91,430,0,1,0
5732,91,101,50,1,0
5733,91,304,0,1,0
5734,91,99,23,1,0
5735,91,359,99,1,0
5736,91,90,0,1,0
5737,91,114,0,1,0
5738,91,435,99,1,0
5739,91,393,0,1,0
5740,91,351,2,1,0
5741,91,275,99,1,0
5742,91,403,99,1,0
5743,91,191,99,1,0
5744,91,172,0,1,0
5745,91,57,0,1,0
5746,91,68,0,1,0
5747,91,250,8,1,0
5748,91,324,0,1,0
5749,91,366,13,1,0
5750,91,226,0,1,0
5751,91,131,99,1,0
5752,91,327,99,1,0
5753,91,361,17,1,0
5754,91,379,99,1,0
5755,91,152,0,1,0
5756,91,337,0,1,0
5757,91,135,0,1,0
5758,91,104,0,1,0
5759,91,306,0,1,0
5760,92,266,96,1,0
5761,92,309,20,1,0
5762,92,358,0,1,0
5763,92,236,0,1,0
5764,92,364,0,1,0
5765,92,402,97,1,0
5766,92,84,0,1,0
5767,92,386,0,1,0
5768,92,297,98,1,0
5769,92,344,10,1,0
5770,92,184,0,1,0
5771,92,407,99,1,0
5772,92,206,0,1,0
5773,92,411,98,1,0
5774,92,113,0,1,0
5775,92,413,0,1,0
5776,92,100,99,1,0
5777,92,62,0,1,0
5778,92,105,99,1,0
5779,92,269,95,1,0
5780,92,238,0,1,0
5781,92,283,98,1,0
5782,92,409,0,1,0
5783,92,394,0,1,0
5784,92,438,0,1,0
5785,92,301,0,1,0
5786,92,437,99,1,0
5787,92,29,0,1,0
5788,92,232,0,1,0
5789,92,427,98,1,0
5790,92,325,0,1,0
5791,92,306,0,1,0
5792,92,147,99,1,0
5793,92,165,0,1,0
5794,92,93,0,1,0
5795,92,33,0,1,0
5796,92,212,10,1,0
5797,92,223,92,1,0
5798,92,78,0,1,0
5799,92,276,0,1,0
5800,94,214,15,1,0
5801,94,439,99,1,0
5802,94,69,0,1,0
5803,94,410,0,1,0
5804,94,212,0,1,0
5805,94,411,99,1,0
5806,94,135,99,1,0
5807,94,109,3,1,0
5808,94,184,0,1,0
5809,94,236,0,1,0
5810,94,240,86,1,0
5811,94,216,21,1,0
5812,94,267,99,1,0
5813,94,314,2,1,0
5814,94,277,0,1,0
5815,94,409,0,1,0
5816,94,297,96,1,0
5817,94,220,0,1,0
5818,94,48,0,1,0
5819,94,310,0,1,0
5820,94,105,0,1,0
5821,94,164,2,1,0
5822,94,353,0,1,0
5823,94,53,0,1,0
5824,94,279,99,1,0
5825,94,273,4,1,0
5826,94,403,99,1,0
5827,94,405,2,1,0
5828,94,381,72,1,0
5829,94,247,99,1,0
5830,94,91,99,1,0
5831,94,338,0,1,0
5832,94,266,0,1,0
5833,94,372,0,1,0
5834,94,101,99,1,0
5835,94,37,75,1,0
5836,94,337,1,1,0
5837,94,39,99,1,0
5838,94,312,2,1,0
5839,94,28,3,1,0
5840,95,174,0,1,0
5841,95,113,0,1,0
5842,95,96,0,1,0
5843,95,253,0,1,0
5844,95,33,0,1,0
5845,95,231,99,1,0
5846,95,391,99,1,0
5847,95,128,0,1,0
5848,95,94,0,1,0
5849,95,403,44,1,0
5850,95,170,0,1,0
5851,95,188,0,1,0
5852,95,413,0,1,0
5853,95,139,99,1,0
5854,95,379,98,1,0
5855,95,352,0,1,0
5856,95,433,4,1,0
5857,95,342,0,1,0
5858,95,88,0,1,0
5859,95,373,0,1,0
5860,95,412,0,1,0
5861,95,278,0,1,0
5862,95,155,99,1,0
5863,95,116,0,1,0
5864,95,345,0,1,0
5865,95,418,0,1,0
5866,95,250,0,1,0
5867,95,130,0,1,0
5868,95,269,0,1,0
5869,95,262,0,1,0
5870,95,426,0,1,0
5871,95,44,0,1,0
5872,95,51,65,1,0
5873,95,249,0,1,0
5874,95,30,0,1,0
5875,95,311,97,1,0
5876,95,257,0,1,0
5877,95,43,99,1,0
5878,95,112,0,1,0
5879,95,327,98,1,0
5880,96,425,0,1,0
5881,96,433,0,1,0
5882,96,275,0,1,0
5883,96,316,0,1,0
5884,96,322,0,1,0
5885,96,36,0,1,0
5886,96,402,0,1,0
5887,96,258,0,1,0
5888,96,135,0,1,0
5889,96,71,0,1,0
5890,96,56,0,1,0
5891,96,228,0,1,0
5892,96,201,0,1,0
5893,96,182,0,1,0
5894,96,230,0,1,0
5895,96,405,0,1,0
5896,96,143,0,1,0
5897,96,274,0,1,0
5898,96,206,0,1,0
5899,96,255,4,1,0
5900,96,356,0,1,0
5901,96,348,0,1,0
5902,96,238,0,1,0
5903,96,231,4,1,0
5904,96,27,0,1,0
5905,96,70,0,1,0
5906,96,381,0,1,0
5907,96,125,0,1,0
5908,96,147,0,1,0
5909,96,309,0,1,0
5910,96,39,0,1,0
5911,96,102,0,1,0
5912,96,363,0,1,0
5913,96,288,0,1,0
5914,96,295,0,1,0
5915,96,391,0,1,0
5916,96,129,0,1,0
5917,96,351,0,1,0
5918,96,279,4,1,0
5919,96,106,0,1,0
5920,97,428,14,1,0
5921,97,189,0,1,0
5922,97,44,0,1,0
5923,97,370,0,1,0
5924,97,36,54,1,0
5925,97,383,99,1,0
5926,97,343,99,1,0
5927,97,90,0,1,0
5928,97,71,99,1,0
5929,97,257,0,1,0
5930,97,126,0,1,0
5931,97,250,6,1,0
5932,97,401,0,1,0
5933,97,213,96,1,0
5934,97,325,0,1,0
5935,97,278,0,1,0
5936,97,28,58,1,0
5937,97,432,0,1,0
5938,97,121,0,1,0
5939,97,86,0,1,0
5940,97,431,99,1,0
5941,97,338,0,1,0
5942,97,76,0,1,0
5943,97,297,78,1,0
5944,97,119,99,1,0
5945,97,353,0,1,0
5946,97,69,0,1,0
5947,97,308,68,1,0
5948,97,227,4,1,0
5949,97,206,0,1,0
5950,97,102,0,1,0
5951,97,130,0,1,0
5952,97,377,96,1,0
5953,97,143,0,1,0
5954,97,103,0,1,0
5955,97,48,0,1,0
5956,97,239,99,1,0
5957,97,108,0,1,0
5958,97,399,0,1,0
5959,97,60,0,1,0
5960,99,263,4,1,0
5961,99,398,4,1,0
5962,99,399,4,1,0
5963,99,42,0,1,0
5964,99,251,95,1,0
5965,99,208,0,1,0
5966,99,185,0,1,0
5967,99,322,0,1,0
5968,99,98,4,1,0
5969,99,67,4,1,0
5970,99,184,0,1,0
5971,99,369,4,1,0
5972,99,128,0,1,0
5973,99,172,0,1,0
5974,99,58,0,1,0
5975,99,20,0,1,0
5976,99,180,0,1,0
5977,99,132,0,1,0
5978,99,250,4,1,0
5979,99,117,0,1,0
5980,99,296,0,1,0
5981,99,341,0,1,0
5982,99,331,99,1,0
5983,99,202,0,1,0
5984,99,434,0,1,0
5985,99,396,0,1,0
5986,99,228,4,1,0
5987,99,411,4,1,0
5988,99,286,4,1,0
5989,99,211,8,1,0
5990,99,137,0,1,0
5991,99,198,4,1,0
5992,99,267,91,1,0
5993,99,112,0,1,0
5994,99,224,0,1,0
5995,99,106,0,1,0
5996,99,426,0,1,0
5997,99,78,4,1,0
5998,99,53,0,1,0
5999,99,91,4,1,0
6000,100,371,96,1,0
6001,100,364,4,1,0
6002,100,185,0,1,0
6003,100,425,85,1,0
6004,100,142,4,1,0
6005,100,267,91,1,0
6006,100,368,0,1,0
6007,100,413,4,1,0
6008,100,402,99,1,0
6009,100,125,0,1,0
6010,100,203,91,1,0
6011,100,135,96,1,0
6012,100,359,91,1,0
6013,100,64,99,1,0
6014,100,93,4,1,0
6015,100,339,91,1,0
6016,100,356,25,1,0
6017,100,343,91,1,0
6018,100,62,4,1,0
6019,100,438,67,1,0
6020,100,277,0,1,0
6021,100,223,36,1,0
6022,100,39,91,1,0
6023,100,287,96,1,0
6024,100,138,4,1,0
6025,100,292,0,1,0
6026,100,331,99,1,0
6027,100,77,96,1,0
6028,100,168,0,1,0
6029,100,108,0,1,0
6030,100,32,0,1,0
6031,100,230,49,1,0
6032,100,299,99,1,0
6033,100,376,90,1,0
6034,100,379,99,1,0
6035,100,296,0,1,0
6036,100,268,0,1,0
6037,100,117,1,1,0
6038,100,75,96,1,0
6039,100,406,96,1,0
6040,101,63,55,1,0
6041,101,280,0,1,0
6042,101,147,99,1,0
6043,101,184,0,1,0
6044,101,326,0,1,0
6045,101,20,0,1,0
6046,101,253,0,1,0
6047,101,343,0,1,0
6048,101,308,4,1,0
6049,101,44,0,1,0
6050,101,172,0,1,0
6051,101,426,0,1,0
6052,101,361,0,1,0
6053,101,209,0,1,0
6054,101,332,99,1,0
6055,101,399,0,1,0
6056,101,53,0,1,0
6057,101,310,0,1,0
6058,101,211,86,1,0
6059,101,140,0,1,0
6060,101,344,0,1,0
6061,101,380,44,1,0
6062,101,84,0,1,0
6063,101,273,4,1,0
6064,101,131,0,1,0
6065,101,365,0,1,0
6066,101,198,0,1,0
6067,101,169,0,1,0
6068,101,313,0,1,0
6069,101,123,0,1,0
6070,101,164,43,1,0
6071,101,25,0,1,0
6072,101,91,0,1,0
6073,101,423,0,1,0
6074,101,213,3,1,0
6075,101,437,99,1,0
6076,101,336,8,1,0
6077,101,193,0,1,0
6078,101,406,0,1,0
6079,101,196,0,1,0
6080,103,388,4,1,0
6081,103,144,0,1,0
6082,103,427,97,1,0
6083,103,180,0,1,0
6084,103,165,0,1,0
6085,103,307,99,1,0
6086,103,213,0,1,0
6087,103,57,0,1,0
6088,103,55,99,1,0
6089,103,64,2,1,0
6090,103,293,0,1,0
6091,103,295,97,1,0
6092,103,393,0,1,0
6093,103,197,0,1,0
6094,103,61,0,1,0
6095,103,258,0,1,0
6096,103,200,35,1,0
6097,103,230,0,1,0
6098,103,424,77,1,0
6099,103,407,99,1,0
6100,103,361,4,1,0
6101,103,231,99,1,0
6102,103,158,0,1,0
6103,103,26,0,1,0
6104,103,244,4,1,0
6105,103,157,0,1,0
6106,103,315,13,1,0
6107,103,223,69,1,0
6108,103,139,99,1,0
6109,103,178,0,1,0
6110,103,286,9,1,0
6111,103,146,0,1,0
6112,103,384,0,1,0
6113,103,333,0,1,0
6114,103,310,0,1,0
6115,103,420,0,1,0
6116,103,389,2,1,0
6117,103,314,0,1,0
6118,103,352,0,1,0
6119,103,362,0,1,0
6120,104,432,0,1,0
6121,104,105,0,1,0
6122,104,321,0,1,0
6123,104,299,4,1,0
6124,104,371,4,1,0
6125,104,222,0,1,0
6126,104,260,0,1,0
6127,104,29,0,1,0
6128,104,372,0,1,0
6129,104,144,0,1,0
6130,104,340,0,1,0
6131,104,202,0,1,0
6132,104,358,0,1,0
6133,104,145,0,1,0
6134,104,282,0,1,0
6135,104,86,0,1,0
6136,104,429,0,1,0
6137,104,22,0,1,0
6138,104,245,0,1,0
6139,104,46,0,1,0
6140,104,102,0,1,0
6141,104,32,0,1,0
6142,104,397,0,1,0
6143,104,233,0,1,0
6144,104,159,0,1,0
6145,104,265,0,1,0
6146,104,294,0,1,0
6147,104,382,0,1,0
6148,104,247,0,1,0
6149,104,317,0,1,0
6150,104,124,0,1,0
6151,104,90,0,1,0
6152,104,243,0,1,0
6153,104,281,0,1,0
6154,104,307,9,1,0
6155,104,198,4,1,0
6156,104,434,0,1,0
6157,104,250,0,1,0
6158,104,404,0,1,0
6159,104,366,0,1,0
6160,105,273,60,1,0
6161,105,342,0,1,0
6162,105,270,0,1,0
6163,105,242,0,1,0
6164,105,344,0,1,0
6165,105,388,4,1,0
6166,105,145,0,1,0
6167,105,55,99,1,0
6168,105,303,99,1,0
6169,105,91,96,1,0
6170,105,30,4,1,0
6171,105,236,0,1,0
6172,105,314,0,1,0
6173,105,205,0,1,0
6174,105,45,0,1,0
6175,105,98,4,1,0
6176,105,254,0,1,0
6177,105,58,0,1,0
6178,105,374,12,1,0
6179,105,257,0,1,0
6180,105,290,0,1,0
6181,105,324,0,1,0
6182,105,349,0,1,0
6183,105,160,0,1,0
6184,105,213,0,1,0
6185,105,27,96,1,0
6186,105,118,0,1,0
6187,105,155,96,1,0
6188,105,173,0,1,0
6189,105,263,96,1,0
6190,105,221,0,1,0
6191,105,390,0,1,0
6192,105,137,0,1,0
6193,105,186,0,1,0
6194,105,79,96,1,0
6195,105,48,4,1,0
6196,105,149,0,1,0
6197,105,53,0,1,0
6198,105,141,44,1,0
6199,105,168,0,1,0
6200,106,376,90,1,0
6201,106,397,0,1,0
6202,106,112,0,1,0
6203,106,221,3,1,0
6204,106,348,84,1,0
6205,106,119,99,1,0
6206,106,102,90,1,0
6207,106,37,3,1,0
6208,106,380,99,1,0
6209,106,304,0,1,0
6210,106,51,99,1,0
6211,106,165,0,1,0
6212,106,308,39,1,0
6213,106,173,22,1,0
6214,106,287,99,1,0
6215,106,200,19,1,0
6216,106,159,99,1,0
6217,106,369,48,1,0
6218,106,65,4,1,0
6219,106,126,29,1,0
6220,106,154,4,1,0
6221,106,128,29,1,0
6222,106,225,37,1,0
6223,106,357,0,1,0
6224,106,299,99,1,0
6225,106,403,99,1,0
6226,106,283,99,1,0
6227,106,382,4,1,0
6228,106,229,0,1,0
6229,106,114,0,1,0
6230,106,378,0,1,0
6231,106,69,0,1,0
6232,106,289,44,1,0
6233,106,203,99,1,0
6234,106,354,99,1,0
6235,106,237,93,1,0
6236,106,343,99,1,0
6237,106,44,0,1,0
6238,106,271,99,1,0
6239,106,291,99,1,0
6240,108,277,0,1,0
6241,108,212,0,1,0
6242,108,308,0,1,0
6243,108,370,0,1,0
6244,108,143,0,1,0
6245,108,72,0,1,0
6246,108,36,0,1,0
6247,108,77,0,1,0
6248,108,377,0,1,0
6249,108,27,0,1,0
6250,108,372,0,1,0
6251,108,253,0,1,0
6252,108,409,0,1,0
6253,108,151,0,1,0
6254,108,34,0,1,0
6255,108,363,0,1,0
6256,108,237,0,1,0
6257,108,219,0,1,0
6258,108,238,0,1,0
6259,108,31,0,1,0
6260,108,270,0,1,0
6261,108,180,0,1,0
6262,108,374,0,1,0
6263,108,380,0,1,0
6264,108,57,0,1,0
6265,108,343,0,1,0
6266,108,96,0,1,0
6267,108,179,0,1,0
6268,108,58,0,1,0
6269,108,279,0,1,0
6270,108,375,0,1,0
6271,108,425,0,1,0
6272,108,226,0,1,0
6273,108,367,0,1,0
6274,108,376,0,1,0
6275,108,170,0,1,0
6276,108,25,0,1,0
6277,108,403,0,1,0
6278,108,81,0,1,0
6279,108,369,0,1,0
6280,109,37,1,1,0
6281,109,276,0,1,0
6282,109,22,99,1,0
6283,109,213,98,1,0
6284,109,95,98,1,0
6285,109,305,92,1,0
6286,109,199,99,1,0
6287,109,429,0,1,0
6288,109,238,0,1,0
6289,109,292,0,1,0
6290,109,311,99,1,0
6291,109,209,92,1,0
6292,109,358,1,1,0
6293,109,112,1,1,0
6294,109,329,82,1,0
6295,109,257,0,1,0
6296,109,260,75,1,0
6297,109,282,92,1,0
6298,109,168,0,1,0
6299,109,420,89,1,0
6300,109,191,99,1,0
6301,109,316,0,1,0
6302,109,403,98,1,0
6303,109,121,1,1,0
6304,109,322,98,1,0
6305,109,385,0,1,0
6306,109,145,0,1,0
6307,109,321,99,1,0
6308,109,377,98,1,0
6309,109,195,99,1,0
6310,109,290,92,1,0
6311,109,411,98,1,0
6312,109,57,97,1,0
6313,109,307,99,1,0
6314,109,192,0,1,0
6315,109,70,98,1,0
6316,109,76,0,1,0
6317,109,298,50,1,0
6318,109,181,1,1,0
6319,109,42,99,1,0
6320,110,36,4,1,0
6321,110,116,0,1,0
6322,110,246,0,1,0
6323,110,188,0,1,0
6324,110,394,0,1,0
6325,110,385,0,1,0
6326,110,384,0,1,0
6327,110,352,0,1,0
6328,110,393,0,1,0
6329,110,156,0,1,0
6330,110,242,0,1,0
6331,110,255,0,1,0
6332,110,291,0,1,0
6333,110,416,0,1,0
6334,110,138,0,1,0
6335,110,190,0,1,0
6336,110,413,0,1,0
6337,110,94,0,1,0
6338,110,315,0,1,0
6339,110,35,0,1,0
6340,110,139,0,1,0
6341,110,368,0,1,0
6342,110,391,0,1,0
6343,110,286,0,1,0
6344,110,396,0,1,0
6345,110,70,0,1,0
6346,110,54,0,1,0
6347,110,176,0,1,0
6348,110,80,0,1,0
6349,110,120,0,1,0
6350,110,403,0,1,0
6351,110,184,0,1,0
6352,110,377,0,1,0
6353,110,414,0,1,0
6354,110,66,0,1,0
6355,110,234,0,1,0
6356,110,279,0,1,0
6357,110,379,99,1,0
6358,110,374,0,1,0
6359,110,328,0,1,0
6360,111,264,4,1,0
6361,111,43,99,1,0
6362,111,263,99,1,0
6363,111,187,98,1,0
6364,111,384,0,1,0
6365,111,369,4,1,0
6366,111,294,0,1,0
6367,111,362,0,1,0
6368,111,118,0,1,0
6369,111,324,0,1,0
6370,111,323,78,1,0
6371,111,158,0,1,0
6372,111,175,99,1,0
6373,111,125,3,1,0
6374,111,295,99,1,0
6375,111,360,12,1,0
6376,111,332,99,1,0
6377,111,203,99,1,0
6378,111,244,4,1,0
6379,111,136,0,1,0
6380,111,437,4,1,0
6381,111,78,0,1,0
6382,111,114,0,1,0
6383,111,370,0,1,0
6384,111,38,0,1,0
6385,111,306,0,1,0
6386,111,123,99,1,0
6387,111,216,0,1,0
6388,111,386,4,1,0
6389,111,150,0,1,0
6390,111,74,0,1,0
6391,111,97,4,1,0
6392,111,288,0,1,0
6393,111,211,99,1,0
6394,111,337,0,1,0
6395,111,312,0,1,0
6396,111,317,0,1,0
6397,111,267,99,1,0
6398,111,368,3,1,0
6399,111,104,0,1,0
6400,113,220,70,1,0
6401,113,222,0,1,0
6402,113,247,99,1,0
6403,113,118,7,1,0
6404,113,254,1,1,0
6405,113,46,99,1,0
6406,113,171,99,1,0
6407,113,404,2,1,0
6408,113,392,0,1,0
6409,113,422,99,1,0
6410,113,296,0,1,0
6411,113,136,75,1,0
6412,113,27,99,1,0
6413,113,78,99,1,0
6414,113,320,42,1,0
6415,113,176,4,1,0
6416,113,435,99,1,0
6417,113,332,91,1,0
6418,113,256,0,1,0
6419,113,378,90,1,0
6420,113,409,42,1,0
6421,113,277,0,1,0
6422,113,286,78,1,0
6423,113,267,99,1,0
6424,113,258,60,1,0
6425,113,91,99,1,0
6426,113,180,0,1,0
6427,113,340,1,1,0
6428,113,288,99,1,0
6429,113,242,99,1,0
6430,113,337,12,1,0
6431,113,358,85,1,0
6432,113,371,99,1,0
6433,113,239,99,1,0
6434,113,196,0,1,0
6435,113,154,33,1,0
6436,113,234,69,1,0
6437,113,325,0,1,0
6438,113,338,76,1,0
6439,113,431,99,1,0
6440,114,270,0,1,0
6441,114,223,99,1,0
6442,114,238,7,1,0
6443,114,85,0,1,0
6444,114,41,0,1,0
6445,114,309,55,1,0
6446,114,397,0,1,0
6447,114,50,0,1,0
6448,114,165,17,1,0
6449,114,106,8,1,0
6450,114,364,99,1,0
6451,114,227,99,1,0
6452,114,264,99,1,0
6453,114,333,99,1,0
6454,114,54,0,1,0
6455,114,21,72,1,0
6456,114,310,28,1,0
6457,114,411,99,1,0
6458,114,171,99,1,0
6459,114,421,2,1,0
6460,114,350,99,1,0
6461,114,296,0,1,0
6462,114,145,8,1,0
6463,114,225,41,1,0
6464,114,33,11,1,0
6465,114,427,99,1,0
6466,114,259,99,1,0
6467,114,321,1,1,0
6468,114,209,99,1,0
6469,114,22,84,1,0
6470,114,137,8,1,0
6471,114,204,76,1,0
6472,114,141,41,1,0
6473,114,414,3,1,0
6474,114,240,6,1,0
6475,114,372,0,1,0
6476,114,71,99,1,0
6477,114,273,0,1,0
6478,114,278,61,1,0
6479,114,24,68,1,0
6480,115,263,4,1,0
6481,115,237,0,1,0
6482,115,402,0,1,0
6483,115,129,0,1,0
6484,115,397,0,1,0
6485,115,258,0,1,0
6486,115,412,0,1,0
6487,115,355,0,1,0
6488,115,30,0,1,0
6489,115,31,0,1,0
6490,115,195,43,1,0
6491,115,383,97,1,0
6492,115,212,0,1,0
6493,115,270,0,1,0
6494,115,286,0,1,0
6495,115,346,0,1,0
6496,115,276,0,1,0
6497,115,248,0,1,0
6498,115,262,0,1,0
6499,115,366,9,1,0
6500,115,174,0,1,0
6501,115,156,0,1,0
6502,115,242,0,1,0
6503,115,205,0,1,0
6504,115,224,0,1,0
6505,115,47,4,1,0
6506,115,20,0,1,0
6507,115,217,0,1,0
6508,115,240,0,1,0
6509,115,171,99,1,0
6510,115,226,0,1,0
6511,115,176,0,1,0
6512,115,123,4,1,0
6513,115,90,0,1,0
6514,115,130,0,1,0
6515,115,377,0,1,0
6516,115,61,0,1,0
6517,115,275,4,1,0
6518,115,139,8,1,0
6519,115,34,0,1,0
6520,116,261,0,1,0
6521,116,429,0,1,0
6522,116,34,0,1,0
6523,116,188,0,1,0
6524,116,83,13,1,0
6525,116,106,0,1,0
6526,116,39,0,1,0
6527,116,314,0,1,0
6528,116,21,0,1,0
6529,116,257,0,1,0
6530,116,124,0,1,0
6531,116,126,3,1,0
6532,116,408,0,1,0
6533,116,252,0,1,0
6534,116,180,0,1,0
6535,116,264,9,1,0
6536,116,242,0,1,0
6537,116,379,8,1,0
6538,116,405,0,1,0
6539,116,28,0,1,0
6540,116,174,3,1,0
6541,116,349,0,1,0
6542,116,336,0,1,0
6543,116,299,8,1,0
6544,116,43,3,1,0
6545,116,393,0,1,0
6546,116,68,0,1,0
6547,116,276,0,1,0
6548,116,20,0,1,0
6549,116,45,4,1,0
6550,116,37,0,1,0
6551,116,119,3,1,0
6552,116,36,0,1,0
6553,116,90,4,1,0
6554,116,406,4,1,0
6555,116,208,0,1,0
6556,116,352,0,1,0
6557,116,298,0,1,0
6558,116,175,0,1,0
6559,116,132,0,1,0
6560,118,79,99,1,0
6561,118,273,2,1,0
6562,118,413,3,1,0
6563,118,383,99,1,0
6564,118,435,99,1,0
6565,118,58,65,1,0
6566,118,150,41,1,0
6567,118,83,99,1,0
6568,118,369,9,1,0
6569,118,133,0,1,0
6570,118,176,0,1,0
6571,118,39,99,1,0
6572,118,340,0,1,0
6573,118,169,0,1,0
6574,118,420,97,1,0
6575,118,391,99,1,0
6576,118,304,0,1,0
6577,118,175,99,1,0
6578,118,387,99,1,0
6579,118,270,0,1,0
6580,118,427,99,1,0
6581,118,71,99,1,0
6582,118,347,99,1,0
6583,118,102,38,1,0
6584,118,186,0,1,0
6585,118,190,2,1,0
6586,118,379,99,1,0
6587,118,287,99,1,0
6588,118,28,2,1,0
6589,118,205,12,1,0
6590,118,208,34,1,0
6591,118,63,99,1,0
6592,118,128,2,1,0
6593,118,415,99,1,0
6594,118,56,0,1,0
6595,118,27,99,1,0
6596,118,120,10,1,0
6597,118,109,2,1,0
6598,118,112,38,1,0
6599,118,263,99,1,0
6600,119,177,0,1,0
6601,119,358,0,1,0
6602,119,353,0,1,0
6603,119,341,0,1,0
6604,119,240,3,1,0
6605,119,88,0,1,0
6606,119,268,0,1,0
6607,119,190,0,1,0
6608,119,143,0,1,0
6609,119,379,99,1,0
6610,119,430,0,1,0
6611,119,269,4,1,0
6612,119,47,0,1,0
6613,119,243,99,1,0
6614,119,100,4,1,0
6615,119,244,0,1,0
6616,119,386,0,1,0
6617,119,237,3,1,0
6618,119,402,0,1,0
6619,119,21,0,1,0
6620,119,159,99,1,0
6621,119,355,0,1,0
6622,119,121,0,1,0
6623,119,108,0,1,0
6624,119,359,31,1,0
6625,119,395,97,1,0
6626,119,74,0,1,0
6627,119,293,0,1,0
6628,119,26,0,1,0
6629,119,176,0,1,0
6630,119,389,4,1,0
6631,119,183,0,1,0
6632,119,136,0,1,0
6633,119,246,0,1,0
6634,119,90,0,1,0
6635,119,415,0,1,0
6636,119,23,0,1,0
6637,119,150,0,1,0
6638,119,174,0,1,0
6639,119,281,0,1,0
6640,120,252,0,1,0
6641,120,273,0,1,0
6642,120,398,19,1,0
6643,120,125,84,1,0
6644,120,309,0,1,0
6645,120,260,73,1,0
6646,120,438,4,1,0
6647,120,106,99,1,0
6648,120,319,96,1,0
6649,120,312,0,1,0
6650,120,241,0,1,0
6651,120,199,97,1,0
6652,120,313,4,1,0
6653,120,180,0,1,0
6654,120,176,4,1,0
6655,120,59,99,1,0
6656,120,143,75,1,0
6657,120,338,4,1,0
6658,120,222,99,1,0
6659,120,145,31,1,0
6660,120,21,94,1,0
6661,120,38,4,1,0
6662,120,359,4,1,0
6663,120,127,99,1,0
6664,120,280,0,1,0
6665,120,337,0,1,0
6666,120,233,0,1,0
6667,120,381,4,1,0
6668,120,368,0,1,0
6669,120,292,0,1,0
6670,120,134,4,1,0
6671,120,221,0,1,0
6672,120,187,97,1,0
6673,120,139,55,1,0
6674,120,348,9,1,0
6675,120,439,99,1,0
6676,120,213,0,1,0
6677,120,108,0,1,0
6678,120,354,94,1,0
6679,120,231,95,1,0
6680,122,158,99,1,0
6681,122,217,0,1,0
6682,122,179,99,1,0
6683,122,248,0,1,0
6684,122,376,90,1,0
6685,122,193,2,1,0
6686,122,388,99,1,0
6687,122,329,8,1,0
6688,122,51,95,1,0
6689,122,225,7,1,0
6690,122,238,16,1,0
6691,122,282,99,1,0
6692,122,131,95,1,0
6693,122,429,3,1,0
6694,122,307,99,1,0
6695,122,427,95,1,0
6696,122,360,3,1,0
6697,122,392,92,1,0
6698,122,104,0,1,0
6699,122,172,0,1,0
6700,122,138,99,1,0
6701,122,418,92,1,0
6702,122,246,2,1,0
6703,122,253,99,1,0
6704,122,32,3,1,0
6705,122,81,61,1,0
6706,122,142,99,1,0
6707,122,216,21,1,0
6708,122,168,0,1,0
6709,122,263,99,1,0
6710,122,47,99,1,0
6711,122,127,99,1,0
6712,122,151,99,1,0
6713,122,355,99,1,0
6714,122,428,3,1,0
6715,122,431,99,1,0
6716,122,67,99,1,0
6717,122,37,94,1,0
6718,122,64,2,1,0
6719,122,26,99,1,0
6720,123,127,95,1,0
6721,123,424,77,1,0
6722,123,387,93,1,0
6723,123,161,0,1,0
6724,123,403,95,1,0
6725,123,368,0,1,0
6726,123,178,0,1,0
6727,123,230,0,1,0
6728,123,311,99,1,0
6729,123,315,0,1,0
6730,123,59,86,1,0
6731,123,45,0,1,0
6732,123,142,0,1,0
6733,123,88,0,1,0
6734,123,275,95,1,0
6735,123,29,0,1,0
6736,123,137,0,1,0
6737,123,139,99,1,0
6738,123,69,0,1,0
6739,123,80,0,1,0
6740,123,357,0,1,0
6741,123,177,0,1,0
6742,123,297,0,1,0
6743,123,154,0,1,0
6744,123,339,99,1,0
6745,123,147,99,1,0
6746,123,155,95,1,0
6747,123,204,0,1,0
6748,123,348,45,1,0
6749,123,22,3,1,0
6750,123,24,0,1,0
6751,123,409,0,1,0
6752,123,116,0,1,0
6753,123,341,0,1,0
6754,123,279,97,1,0
6755,123,77,0,1,0
6756,123,349,0,1,0
6757,123,396,0,1,0
6758,123,98,0,1,0
6759,123,115,93,1,0
6760,124,106,0,1,0
6761,124,302,0,1,0
6762,124,352,0,1,0
6763,124,50,0,1,0
6764,124,149,0,1,0
6765,124,179,99,1,0
6766,124,213,52,1,0
6767,124,396,0,1,0
6768,124,284,0,1,0
6769,124,260,0,1,0
6770,124,287,99,1,0
6771,124,312,98,1,0
6772,124,151,0,1,0
6773,124,221,0,1,0
6774,124,167,99,1,0
6775,124,326,46,1,0
6776,124,73,0,1,0
6777,124,286,75,1,0
6778,124,417,0,1,0
6779,124,244,0,1,0
6780,124,65,0,1,0
6781,124,338,0,1,0
6782,124,101,0,1,0
6783,124,223,0,1,0
6784,124,318,26,1,0
6785,124,98,5,1,0
6786,124,75,98,1,0
6787,124,380,99,1,0
6788,124,160,0,1,0
6789,124,42,99,1,0
6790,124,366,4,1,0
6791,124,258,98,1,0
6792,124,159,98,1,0
6793,124,197,0,1,0
6794,124,391,99,1,0
6795,124,379,99,1,0
6796,124,336,99,1,0
6797,124,345,0,1,0
6798,124,192,0,1,0
6799,124,429,0,1,0
6800,125,258,3,1,0
6801,125,186,0,1,0
6802,125,33,0,1,0
6803,125,57,49,1,0
6804,125,414,0,1,0
6805,125,60,31,1,0
6806,125,351,12,1,0
6807,125,386,0,1,0
6808,125,179,99,1,0
6809,125,174,0,1,0
6810,125,437,99,1,0
6811,125,285,26,1,0
6812,125,188,15,1,0
6813,125,204,81,1,0
6814,125,234,0,1,0
6815,125,439,66,1,0
6816,125,278,0,1,0
6817,125,177,0,1,0
6818,125,300,0,1,0
6819,125,97,17,1,0
6820,125,42,4,1,0
6821,125,137,0,1,0
6822,125,110,99,1,0
6823,125,75,83,1,0
6824,125,246,0,1,0
6825,125,399,0,1,0
6826,125,69,0,1,0
6827,125,108,0,1,0
6828,125,370,0,1,0
6829,125,22,99,1,0
6830,125,328,99,1,0
6831,125,297,9,1,0
6832,125,219,77,1,0
6833,125,133,17,1,0
6834,125,91,0,1,0
6835,125,167,99,1,0
6836,125,355,0,1,0
6837,125,169,4,1,0
6838,125,54,4,1,0
6839,125,331,99,1,0
6840,127,361,0,1,0
6841,127,265,0,1,0
6842,127,271,0,1,0
6843,127,42,0,1,0
6844,127,120,0,1,0
6845,127,411,0,1,0
6846,127,55,93,1,0
6847,127,227,0,1,0
6848,127,254,0,1,0
6849,127,380,0,1,0
6850,127,334,0,1,0
6851,127,150,0,1,0
6852,127,93,0,1,0
6853,127,78,0,1,0
6854,127,353,0,1,0
6855,127,299,99,1,0
6856,127,240,0,1,0
6857,127,369,0,1,0
6858,127,317,0,1,0
6859,127,185,0,1,0
6860,127,329,0,1,0
6861,127,368,0,1,0
6862,127,108,0,1,0
6863,127,325,0,1,0
6864,127,372,0,1,0
6865,127,421,0,1,0
6866,127,140,0,1,0
6867,127,126,0,1,0
6868,127,138,0,1,0
6869,127,246,0,1,0
6870,127,267,0,1,0
6871,127,335,0,1,0
6872,127,61,0,1,0
6873,127,136,0,1,0
6874,127,346,0,1,0
6875,127,158,0,1,0
6876,127,75,0,1,0
6877,127,170,0,1,0
6878,127,39,0,1,0
6879,127,96,0,1,0
6880,128,57,97,1,0
6881,128,315,98,1,0
6882,128,358,0,1,0
6883,128,166,0,1,0
6884,128,75,98,1,0
6885,128,227,91,1,0
6886,128,48,0,1,0
6887,128,54,96,1,0
6888,128,21,0,1,0
6889,128,348,0,1,0
6890,128,431,98,1,0
6891,128,218,0,1,0
6892,128,56,0,1,0
6893,128,183,98,1,0
6894,128,371,91,1,0
6895,128,433,74,1,0
6896,128,66,99,1,0
6897,128,240,0,1,0
6898,128,164,59,1,0
6899,128,302,31,1,0
6900,128,209,62,1,0
6901,128,42,99,1,0
6902,128,213,98,1,0
6903,128,368,98,1,0
6904,128,163,99,1,0
6905,128,357,0,1,0
6906,128,195,99,1,0
6907,128,211,98,1,0
6908,128,356,25,1,0
6909,128,44,0,1,0
6910,128,180,0,1,0
6911,128,154,0,1,0
6912,128,321,99,1,0
6913,128,405,24,1,0
6914,128,176,0,1,0
6915,128,92,0,1,0
6916,128,256,0,1,0
6917,128,333,0,1,0
6918,128,367,99,1,0
6919,128,35,81,1,0
6920,129,113,51,1,0
6921,129,245,4,1,0
6922,129,66,4,1,0
6923,129,332,46,1,0
6924,129,83,99,1,0
6925,129,21,0,1,0
6926,129,207,91,1,0
6927,129,45,86,1,0
6928,129,186,4,1,0
6929,129,414,0,1,0
6930,129,49,0,1,0
6931,129,293,54,1,0
6932,129,424,90,1,0
6933,129,205,24,1,0
6934,129,336,4,1,0
6935,129,316,0,1,0
6936,129,248,0,1,0
6937,129,233,82,1,0
6938,129,240,0,1,0
6939,129,327,99,1,0
6940,129,73,4,1,0
6941,129,28,0,1,0
6942,129,368,0,1,0
6943,129,321,15,1,0
6944,129,56,0,1,0
6945,129,271,96,1,0
6946,129,376,90,1,0
6947,129,97,4,1,0
6948,129,312,0,1,0
6949,129,381,4,1,0
6950,129,422,9,1,0
6951,129,194,4,1,0
6952,129,299,99,1,0
6953,129,93,4,1,0
6954,129,242,8,1,0
6955,129,257,0,1,0
6956,129,394,96,1,0
6957,129,286,56,1,0
6958,129,69,4,1,0
6959,129,50,38,1,0
6960,130,422,21,1,0
6961,130,148,0,1,0
6962,130,364,4,1,0
6963,130,355,99,1,0
6964,130,342,2,1,0
6965,130,171,99,1,0
6966,130,60,57,1,0
6967,130,141,4,1,0
6968,130,35,99,1,0
6969,130,421,0,1,0
6970,130,131,99,1,0
6971,130,408,0,1,0
6972,130,33,0,1,0
6973,130,172,96,1,0
6974,130,134,0,1,0
6975,130,109,3,1,0
6976,130,76,46,1,0
6977,130,278,28,1,0
6978,130,305,2,1,0
6979,130,224,45,1,0
6980,130,195,99,1,0
6981,130,64,2,1,0
6982,130,43,99,1,0
6983,130,396,0,1,0
6984,130,429,12,1,0
6985,130,88,2,1,0
6986,130,112,92,1,0
6987,130,27,99,1,0
6988,130,66,2,1,0
6989,130,298,0,1,0
6990,130,279,99,1,0
6991,130,177,0,1,0
6992,130,354,99,1,0
6993,130,334,0,1,0
6994,130,34,20,1,0
6995,130,288,99,1,0
6996,130,36,13,1,0
6997,130,357,2,1,0
6998,130,201,0,1,0
6999,130,434,0,1,0
7000,132,23,98,1,0
7001,132,109,64,1,0
7002,132,170,0,1,0
7003,132,336,99,1,0
7004,132,229,0,1,0
7005,132,20,0,1,0
7006,132,114,0,1,0
7007,132,258,85,1,0
7008,132,183,98,1,0
7009,132,377,12,1,0
7010,132,286,99,1,0
7011,132,245,80,1,0
7012,132,105,69,1,0
7013,132,372,0,1,0
7014,132,98,98,1,0
7015,132,287,99,1,0
7016,132,276,59,1,0
7017,132,341,64,1,0
7018,132,104,0,1,0
7019,132,71,98,1,0
7020,132,346,79,1,0
7021,132,353,0,1,0
7022,132,106,79,1,0
7023,132,283,98,1,0
7024,132,171,99,1,0
7025,132,144,0,1,0
7026,132,428,64,1,0
7027,132,298,94,1,0
7028,132,321,99,1,0
7029,132,100,59,1,0
7030,132,213,98,1,0
7031,132,119,98,1,0
7032,132,401,98,1,0
7033,132,237,94,1,0
7034,132,226,96,1,0
7035,132,102,93,1,0
7036,132,198,98,1,0
7037,132,307,99,1,0
7038,132,366,79,1,0
7039,132,91,98,1,0
7040,133,399,7,1,0
7041,133,257,59,1,0
7042,133,261,99,1,0
7043,133,398,60,1,0
7044,133,21,0,1,0
7045,133,76,0,1,0
7046,133,285,99,1,0
7047,133,270,99,1,0
7048,133,100,0,1,0
7049,133,432,0,1,0
7050,133,370,21,1,0
7051,133,154,4,1,0
7052,133,80,70,1,0
7053,133,402,26,1,0
7054,133,312,0,1,0
7055,133,157,4,1,0
7056,133,84,0,1,0
7057,133,136,4,1,0
7058,133,94,36,1,0
7059,133,114,4,1,0
7060,133,166,99,1,0
7061,133,284,4,1,0
7062,133,130,4,1,0
7063,133,293,36,1,0
7064,133,426,4,1,0
7065,133,55,96,1,0
7066,133,180,0,1,0
7067,133,106,4,1,0
7068,133,362,4,1,0
7069,133,413,4,1,0
7070,133,122,4,1,0
7071,133,380,99,1,0
7072,133,250,99,1,0
7073,133,356,19,1,0
7074,133,89,4,1,0
7075,133,170,4,1,0
7076,133,302,99,1,0
7077,133,327,96,1,0
7078,133,113,96,1,0
7079,133,219,99,1,0
7080,134,424,83,1,0
7081,134,378,8,1,0
7082,134,433,1,1,0
7083,134,199,99,1,0
7084,134,26,8,1,0
7085,134,200,4,1,0
7086,134,74,23,1,0
7087,134,375,99,1,0
7088,134,39,99,1,0
7089,134,296,0,1,0
7090,134,223,99,1,0
7091,134,73,4,1,0
7092,134,261,0,1,0
7093,134,139,99,1,0
7094,134,276,3,1,0
7095,134,388,99,1,0
7096,134,36,15,1,0
7097,134,75,99,1,0
7098,134,368,3,1,0
7099,134,384,0,1,0
7100,134,213,3,1,0
7101,134,99,99,1,0
7102,134,76,17,1,0
7103,134,402,0,1,0
7104,134,290,0,1,0
7105,134,259,99,1,0
7106,134,108,0,1,0
7107,134,416,0,1,0
7108,134,320,15,1,0
7109,134,88,0,1,0
7110,134,162,18,1,0
7111,134,71,99,1,0
7112,134,435,99,1,0
7113,134,120,0,1,0
7114,134,31,99,1,0
7115,134,91,99,1,0
7116,134,241,0,1,0
7117,134,334,83,1,0
7118,134,408,29,1,0
7119,134,127,99,1,0
7120,135,110,99,1,0
7121,135,62,0,1,0
7122,135,69,0,1,0
7123,135,351,0,1,0
7124,135,76,0,1,0
7125,135,270,0,1,0
7126,135,400,4,1,0
7127,135,378,0,1,0
7128,135,87,97,1,0
7129,135,48,0,1,0
7130,135,212,0,1,0
7131,135,71,97,1,0
7132,135,83,93,1,0
7133,135,22,3,1,0
7134,135,116,0,1,0
7135,135,264,4,1,0
7136,135,383,97,1,0
7137,135,289,4,1,0
7138,135,372,0,1,0
7139,135,261,0,1,0
7140,135,241,0,1,0
7141,135,33,0,1,0
7142,135,224,0,1,0
7143,135,293,0,1,0
7144,135,405,0,1,0
7145,135,235,93,1,0
7146,135,65,0,1,0
7147,135,126,0,1,0
7148,135,164,0,1,0
7149,135,299,99,1,0
7150,135,320,0,1,0
7151,135,284,0,1,0
7152,135,167,97,1,0
7153,135,170,0,1,0
7154,135,380,0,1,0
7155,135,424,39,1,0
7156,135,414,0,1,0
7157,135,56,0,1,0
7158,135,53,0,1,0
7159,135,273,4,1,0
7160,137,58,99,1,0
7161,137,244,99,1,0
7162,137,436,43,1,0
7163,137,172,47,1,0
7164,137,309,5,1,0
7165,137,205,1,1,0
7166,137,140,99,1,0
7167,137,279,99,1,0
7168,137,318,99,1,0
7169,137,176,0,1,0
7170,137,370,99,1,0
7171,137,62,0,1,0
7172,137,296,0,1,0
7173,137,83,99,1,0
7174,137,240,42,1,0
7175,137,282,99,1,0
7176,137,366,99,1,0
7177,137,162,99,1,0
7178,137,187,99,1,0
7179,137,300,0,1,0
7180,137,385,99,1,0
7181,137,209,95,1,0
7182,137,384,0,1,0
7183,137,180,0,1,0
7184,137,232,98,1,0
7185,137,25,0,1,0
7186,137,251,99,1,0
7187,137,429,52,1,0
7188,137,229,0,1,0
7189,137,222,92,1,0
7190,137,127,99,1,0
7191,137,331,99,1,0
7192,137,338,99,1,0
7193,137,314,99,1,0
7194,137,175,99,1,0
7195,137,103,99,1,0
7196,137,277,76,1,0
7197,137,272,0,1,0
7198,137,405,2,1,0
7199,137,381,99,1,0
7200,138,426,0,1,0
7201,138,215,99,1,0
7202,138,126,0,1,0
7203,138,194,0,1,0
7204,138,329,0,1,0
7205,138,319,99,1,0
7206,138,240,0,1,0
7207,138,375,97,1,0
7208,138,104,0,1,0
7209,138,198,99,1,0
7210,138,241,0,1,0
7211,138,301,0,1,0
7212,138,386,4,1,0
7213,138,303,99,1,0
7214,138,45,0,1,0
7215,138,139,99,1,0
7216,138,20,0,1,0
7217,138,321,93,1,0
7218,138,148,0,1,0
7219,138,368,83,1,0
7220,138,180,0,1,0
7221,138,424,83,1,0
7222,138,293,0,1,0
7223,138,380,80,1,0
7224,138,282,97,1,0
7225,138,155,99,1,0
7226,138,243,99,1,0
7227,138,299,99,1,0
7228,138,328,99,1,0
7229,138,369,4,1,0
7230,138,97,4,1,0
7231,138,132,0,1,0
7232,138,162,4,1,0
7233,138,383,99,1,0
7234,138,427,99,1,0
7235,138,69,0,1,0
7236,138,187,99,1,0
7237,138,63,97,1,0
7238,138,387,99,1,0
7239,138,157,4,1,0
7240,139,384,0,1,0
7241,139,36,4,1,0
7242,139,422,0,1,0
7243,139,398,0,1,0
7244,139,163,99,1,0
7245,139,94,0,1,0
7246,139,37,0,1,0
7247,139,42,0,1,0
7248,139,231,99,1,0
7249,139,276,0,1,0
7250,139,319,99,1,0
7251,139,425,0,1,0
7252,139,306,0,1,0
7253,139,435,0,1,0
7254,139,302,0,1,0
7255,139,386,0,1,0
7256,139,148,0,1,0
7257,139,439,97,1,0
7258,139,226,0,1,0
7259,139,371,0,1,0
7260,139,291,0,1,0
7261,139,234,0,1,0
7262,139,156,0,1,0
7263,139,334,0,1,0
7264,139,92,0,1,0
7265,139,67,0,1,0
7266,139,60,0,1,0
7267,139,385,0,1,0
7268,139,409,0,1,0
7269,139,204,0,1,0
7270,139,112,0,1,0
7271,139,111,0,1,0
7272,139,102,0,1,0
7273,139,432,0,1,0
7274,139,426,0,1,0
7275,139,304,0,1,0
7276,139,274,0,1,0
7277,139,379,98,1,0
7278,139,412,0,1,0
7279,139,330,0,1,0
7280,141,55,99,1,0
7281,141,323,28,1,0
7282,141,225,83,1,0
7283,141,30,0,1,0
7284,141,205,0,1,0
7285,141,390,71,1,0
7286,141,360,0,1,0
7287,141,29,2,1,0
7288,141,183,78,1,0
7289,141,374,29,1,0
7290,141,104,0,1,0
7291,141,396,0,1,0
7292,141,299,99,1,0
7293,141,204,68,1,0
7294,141,284,0,1,0
7295,141,43,99,1,0
7296,141,28,0,1,0
7297,141,319,99,1,0
7298,141,107,99,1,0
7299,141,111,0,1,0
7300,141,72,0,1,0
7301,141,433,0,1,0
7302,141,401,22,1,0
7303,141,370,83,1,0
7304,141,235,99,1,0
7305,141,437,17,1,0
7306,141,312,0,1,0
7307,141,189,48,1,0
7308,141,377,47,1,0
7309,141,69,0,1,0
7310,141,108,0,1,0
7311,141,51,99,1,0
7312,141,332,99,1,0
7313,141,244,99,1,0
7314,141,166,34,1,0
7315,141,368,58,1,0
7316,141,434,0,1,0
7317,141,350,0,1,0
7318,141,162,91,1,0
7319,141,170,0,1,0
7320,142,166,0,1,0
7321,142,340,0,1,0
7322,142,219,97,1,0
7323,142,214,97,1,0
7324,142,104,0,1,0
7325,142,161,4,1,0
7326,142,160,0,1,0
7327,142,328,99,1,0
7328,142,34,0,1,0
7329,142,334,0,1,0
7330,142,348,74,1,0
7331,142,387,99,1,0
7332,142,401,4,1,0
7333,142,174,0,1,0
7334,142,137,0,1,0
7335,142,217,0,1,0
7336,142,252,0,1,0
7337,142,429,23,1,0
7338,142,312,2,1,0
7339,142,130,0,1,0
7340,142,313,93,1,0
7341,142,416,0,1,0
7342,142,80,3,1,0
7343,142,145,0,1,0
7344,142,405,92,1,0
7345,142,92,24,1,0
7346,142,243,99,1,0
7347,142,173,24,1,0
7348,142,114,0,1,0
7349,142,358,0,1,0
7350,142,238,4,1,0
7351,142,171,99,1,0
7352,142,224,3,1,0
7353,142,386,4,1,0
7354,142,25,0,1,0
7355,142,185,0,1,0
7356,142,44,0,1,0
7357,142,106,0,1,0
7358,142,209,97,1,0
7359,142,197,4,1,0
7360,143,40,0,1,0
7361,143,174,0,1,0
7362,143,217,0,1,0
7363,143,345,4,1,0
7364,143,122,0,1,0
7365,143,187,99,1,0
7366,143,347,99,1,0
7367,143,42,0,1,0
7368,143,51,99,1,0
7369,143,269,0,1,0
7370,143,277,0,1,0
7371,143,338,0,1,0
7372,143,364,0,1,0
7373,143,382,0,1,0
7374,143,314,0,1,0
7375,143,429,0,1,0
7376,143,343,23,1,0
7377,143,20,0,1,0
7378,143,419,95,1,0
7379,143,424,71,1,0
7380,143,44,0,1,0
7381,143,406,0,1,0
7382,143,24,0,1,0
7383,143,325,0,1,0
7384,143,413,0,1,0
7385,143,60,1,1,0
7386,143,148,0,1,0
7387,143,71,95,1,0
7388,143,311,99,1,0
7389,143,32,0,1,0
7390,143,91,0,1,0
7391,143,31,2,1,0
7392,143,400,4,1,0
7393,143,152,0,1,0
7394,143,157,0,1,0
7395,143,77,0,1,0
7396,143,110,99,1,0
7397,143,422,0,1,0
7398,143,97,4,1,0
7399,143,175,99,1,0
7400,144,284,0,1,0
7401,144,358,0,1,0
7402,144,67,0,1,0
7403,144,61,0,1,0
7404,144,196,0,1,0
7405,144,415,0,1,0
7406,144,268,0,1,0
7407,144,140,0,1,0
7408,144,58,0,1,0
7409,144,33,0,1,0
7410,144,359,0,1,0
7411,144,171,0,1,0
7412,144,300,0,1,0
7413,144,216,0,1,0
7414,144,150,0,1,0
7415,144,387,0,1,0
7416,144,165,0,1,0
7417,144,438,0,1,0
7418,144,112,0,1,0
7419,144,330,0,1,0
7420,144,197,0,1,0
7421,144,121,0,1,0
7422,144,24,0,1,0
7423,144,54,0,1,0
7424,144,429,0,1,0
7425,144,218,0,1,0
7426,144,349,0,1,0
7427,144,239,0,1,0
7428,144,93,0,1,0
7429,144,393,0,1,0
7430,144,252,0,1,0
7431,144,319,0,1,0
7432,144,105,0,1,0
7433,144,174,0,1,0
7434,144,327,0,1,0
7435,144,263,0,1,0
7436,144,374,0,1,0
7437,144,368,0,1,0
7438,144,244,0,1,0
7439,144,151,0,1,0
7440,146,307,99,1,0
7441,146,349,4,1,0
7442,146,267,95,1,0
7443,146,373,29,1,0
7444,146,370,4,1,0
7445,146,210,52,1,0
7446,146,313,4,1,0
7447,146,264,23,1,0
7448,146,181,0,1,0
7449,146,61,0,1,0
7450,146,257,0,1,0
7451,146,297,0,1,0
7452,146,381,4,1,0
7453,146,280,98,1,0
7454,146,43,95,1,0
7455,146,420,59,1,0
7456,146,115,99,1,0
7457,146,77,95,1,0
7458,146,433,0,1,0
7459,146,406,95,1,0
7460,146,74,4,1,0
7461,146,338,4,1,0
7462,146,110,97,1,0
7463,146,377,0,1,0
7464,146,62,0,1,0
7465,146,175,95,1,0
7466,146,322,38,1,0
7467,146,93,4,1,0
7468,146,103,95,1,0
7469,146,434,0,1,0
7470,146,138,4,1,0
7471,146,90,89,1,0
7472,146,390,4,1,0
7473,146,260,97,1,0
7474,146,240,0,1,0
7475,146,163,99,1,0
7476,146,95,95,1,0
7477,146,176,0,1,0
7478,146,345,43,1,0
7479,146,221,0,1,0
7480,147,321,4,1,0
7481,147,310,0,1,0
7482,147,217,0,1,0
7483,147,366,0,1,0
7484,147,271,0,1,0
7485,147,409,0,1,0
7486,147,40,0,1,0
7487,147,327,99,1,0
7488,147,182,0,1,0
7489,147,170,0,1,0
7490,147,34,0,1,0
7491,147,258,0,1,0
7492,147,246,0,1,0
7493,147,132,0,1,0
7494,147,434,0,1,0
7495,147,56,0,1,0
7496,147,172,0,1,0
7497,147,362,0,1,0
7498,147,299,93,1,0
7499,147,369,0,1,0
7500,147,20,0,1,0
7501,147,374,0,1,0
7502,147,85,0,1,0
7503,147,240,0,1,0
7504,147,364,0,1,0
7505,147,38,0,1,0
7506,147,359,0,1,0
7507,147,437,0,1,0
7508,147,151,0,1,0
7509,147,27,0,1,0
7510,147,180,0,1,0
7511,147,276,0,1,0
7512,147,361,0,1,0
7513,147,143,0,1,0
7514,147,351,0,1,0
7515,147,53,0,1,0
7516,147,396,0,1,0
7517,147,193,0,1,0
7518,147,192,0,1,0
7519,147,196,0,1,0
7520,148,332,0,1,0
7521,148,170,0,1,0
7522,148,90,0,1,0
7523,148,381,0,1,0
7524,148,75,0,1,0
7525,148,132,0,1,0
7526,148,69,0,1,0
7527,148,282,0,1,0
7528,148,166,0,1,0
7529,148,364,0,1,0
7530,148,254,0,1,0
7531,148,63,0,1,0
7532,148,327,3,1,0
7533,148,93,0,1,0
7534,148,244,0,1,0
7535,148,238,0,1,0
7536,148,232,0,1,0
7537,148,414,0,1,0
7538,148,162,0,1,0
7539,148,299,3,1,0
7540,148,150,0,1,0
7541,148,119,0,1,0
7542,148,168,0,1,0
7543,148,185,0,1,0
7544,148,344,0,1,0
7545,148,26,4,1,0
7546,148,331,3,1,0
7547,148,387,0,1,0
7548,148,311,0,1,0
7549,148,102,0,1,0
7550,148,60,0,1,0
7551,148,337,0,1,0
7552,148,431,3,1,0
7553,148,411,3,1,0
7554,148,184,0,1,0
7555,148,384,0,1,0
7556,148,434,0,1,0
7557,148,103,0,1,0
7558,148,43,0,1,0
7559,148,408,0,1,0
7560,149,399,98,1,0
7561,149,434,0,1,0
7562,149,66,99,1,0
7563,149,33,0,1,0
7564,149,421,91,1,0
7565,149,60,0,1,0
7566,149,311,90,1,0
7567,149,361,19,1,0
7568,149,205,0,1,0
7569,149,130,55,1,0
7570,149,34,86,1,0
7571,149,415,98,1,0
7572,149,153,20,1,0
7573,149,100,60,1,0
7574,149,368,75,1,0
7575,149,435,98,1,0
7576,149,160,0,1,0
7577,149,358,85,1,0
7578,149,405,70,1,0
7579,149,359,85,1,0
7580,149,414,75,1,0
7581,149,306,98,1,0
7582,149,337,75,1,0
7583,149,157,70,1,0
7584,149,392,0,1,0
7585,149,341,3,1,0
7586,149,114,0,1,0
7587,149,235,98,1,0
7588,149,25,2,1,0
7589,149,393,98,1,0
7590,149,265,75,1,0
7591,149,238,0,1,0
7592,149,286,4,1,0
7593,149,384,0,1,0
7594,149,210,3,1,0
7595,149,391,99,1,0
7596,149,214,92,1,0
7597,149,174,98,1,0
7598,149,249,0,1,0
7599,149,117,98,1,0
7600,151,252,0,1,0
7601,151,301,3,1,0
7602,151,299,99,1,0
7603,151,74,0,1,0
7604,151,298,4,1,0
7605,151,283,0,1,0
7606,151,288,0,1,0
7607,151,284,0,1,0
7608,151,85,0,1,0
7609,151,165,0,1,0
7610,151,21,0,1,0
7611,151,149,0,1,0
7612,151,241,0,1,0
7613,151,145,0,1,0
7614,151,313,2,1,0
7615,151,91,0,1,0
7616,151,28,3,1,0
7617,151,371,0,1,0
7618,151,72,0,1,0
7619,151,172,0,1,0
7620,151,197,0,1,0
7621,151,101,95,1,0
7622,151,302,49,1,0
7623,151,351,0,1,0
7624,151,58,0,1,0
7625,151,287,93,1,0
7626,151,86,1,1,0
7627,151,35,0,1,0
7628,151,421,0,1,0
7629,151,201,0,1,0
7630,151,210,0,1,0
7631,151,88,0,1,0
7632,151,150,0,1,0
7633,151,126,0,1,0
7634,151,173,3,1,0
7635,151,114,0,1,0
7636,151,87,99,1,0
7637,151,128,3,1,0
7638,151,168,0,1,0
7639,151,345,4,1,0
7640,152,403,4,1,0
7641,152,416,0,1,0
7642,152,402,0,1,0
7643,152,326,0,1,0
7644,152,315,4,1,0
7645,152,302,0,1,0
7646,152,171,4,1,0
7647,152,255,9,1,0
7648,152,112,0,1,0
7649,152,429,0,1,0
7650,152,340,0,1,0
7651,152,144,0,1,0
7652,152,96,0,1,0
7653,152,142,0,1,0
7654,152,321,0,1,0
7655,152,29,0,1,0
7656,152,23,0,1,0
7657,152,188,0,1,0
7658,152,140,0,1,0
7659,152,256,0,1,0
7660,152,284,0,1,0
7661,152,343,9,1,0
7662,152,118,0,1,0
7663,152,368,0,1,0
7664,152,133,0,1,0
7665,152,169,0,1,0
7666,152,292,0,1,0
7667,152,309,0,1,0
7668,152,90,0,1,0
7669,152,372,0,1,0
7670,152,110,0,1,0
7671,152,254,0,1,0
7672,152,344,0,1,0
7673,152,37,0,1,0
7674,152,259,4,1,0
7675,152,206,0,1,0
7676,152,229,0,1,0
7677,152,329,0,1,0
7678,152,165,0,1,0
7679,152,129,0,1,0
7680,153,430,56,1,0
7681,153,261,0,1,0
7682,153,347,56,1,0
7683,153,379,57,1,0
7684,153,377,0,1,0
7685,153,50,0,1,0
7686,153,203,57,1,0
7687,153,90,0,1,0
7688,153,115,57,1,0
7689,153,132,0,1,0
7690,153,428,9,1,0
7691,153,285,0,1,0
7692,153,75,56,1,0
7693,153,324,0,1,0
7694,153,127,56,1,0
7695,153,255,56,1,0
7696,153,53,0,1,0
7697,153,381,56,1,0
7698,153,330,0,1,0
7699,153,82,0,1,0
7700,153,131,56,1,0
7701,153,180,0,1,0
7702,153,74,19,1,0
7703,153,249,0,1,0
7704,153,355,56,1,0
7705,153,438,0,1,0
7706,153,98,25,1,0
7707,153,294,0,1,0
7708,153,106,26,1,0
7709,153,385,29,1,0
7710,153,356,0,1,0
7711,153,129,0,1,0
7712,153,327,57,1,0
7713,153,229,0,1,0
7714,153,227,56,1,0
7715,153,334,0,1,0
7716,153,173,19,1,0
7717,153,100,0,1,0
7718,153,116,0,1,0
7719,153,33,0,1,0
7720,154,357,0,1,0
7721,154,372,0,1,0
7722,154,308,2,1,0
7723,154,194,0,1,0
7724,154,47,99,1,0
7725,154,259,99,1,0
7726,154,262,1,1,0
7727,154,89,1,1,0
7728,154,341,0,1,0
7729,154,119,99,1,0
7730,154,258,36,1,0
7731,154,175,99,1,0
7732,154,129,0,1,0
7733,154,355,99,1,0
7734,154,220,0,1,0
7735,154,387,99,1,0
7736,154,34,6,1,0
7737,154,73,99,1,0
7738,154,210,65,1,0
7739,154,45,0,1,0
7740,154,251,99,1,0
7741,154,418,0,1,0
7742,154,438,0,1,0
7743,154,24,98,1,0
7744,154,318,0,1,0
7745,154,353,0,1,0
7746,154,193,6,1,0
7747,154,337,3,1,0
7748,154,307,99,1,0
7749,154,121,10,1,0
7750,154,96,0,1,0
7751,154,140,99,1,0
7752,154,396,0,1,0
7753,154,123,99,1,0
7754,154,120,0,1,0
7755,154,380,0,1,0
7756,154,395,99,1,0
7757,154,272,0,1,0
7758,154,132,98,1,0
7759,154,421,25,1,0
7760,156,175,99,1,0
7761,156,172,0,1,0
7762,156,220,0,1,0
7763,156,355,98,1,0
7764,156,135,99,1,0
7765,156,420,68,1,0
7766,156,403,98,1,0
7767,156,31,98,1,0
7768,156,391,99,1,0
7769,156,265,98,1,0
7770,156,115,99,1,0
7771,156,421,0,1,0
7772,156,330,99,1,0
7773,156,163,99,1,0
7774,156,300,0,1,0
7775,156,211,98,1,0
7776,156,325,0,1,0
7777,156,186,98,1,0
7778,156,245,0,1,0
7779,156,281,0,1,0
7780,156,130,0,1,0
7781,156,390,97,1,0
7782,156,332,99,1,0
7783,156,406,11,1,0
7784,156,113,0,1,0
7785,156,426,0,1,0
7786,156,82,71,1,0
7787,156,75,98,1,0
7788,156,303,99,1,0
7789,156,42,99,1,0
7790,156,117,42,1,0
7791,156,314,99,1,0
7792,156,138,81,1,0
7793,156,43,99,1,0
7794,156,394,0,1,0
7795,156,108,0,1,0
7796,156,327,99,1,0
7797,156,290,1,1,0
7798,156,207,98,1,0
7799,156,309,0,1,0
7800,157,344,0,1,0
7801,157,271,99,1,0
7802,157,91,99,1,0
7803,157,143,99,1,0
7804,157,320,52,1,0
7805,157,248,0,1,0
7806,157,266,99,1,0
7807,157,32,58,1,0
7808,157,254,8,1,0
7809,157,217,0,1,0
7810,157,367,99,1,0
7811,157,349,92,1,0
7812,157,40,67,1,0
7813,157,260,48,1,0
7814,157,410,1,1,0
7815,157,290,36,1,0
7816,157,343,99,1,0
7817,157,375,99,1,0
7818,157,251,99,1,0
7819,157,321,93,1,0
7820,157,20,0,1,0
7821,157,362,0,1,0
7822,157,159,99,1,0
7823,157,92,98,1,0
7824,157,317,0,1,0
7825,157,238,0,1,0
7826,157,149,0,1,0
7827,157,364,4,1,0
7828,157,120,0,1,0
7829,157,283,99,1,0
7830,157,430,99,1,0
7831,157,189,98,1,0
7832,157,366,99,1,0
7833,157,203,99,1,0
7834,157,428,58,1,0
7835,157,162,92,1,0
7836,157,276,98,1,0
7837,157,392,0,1,0
7838,157,245,0,1,0
7839,157,279,99,1,0
7840,158,389,93,1,0
7841,158,150,0,1,0
7842,158,163,99,1,0
7843,158,67,99,1,0
7844,158,226,0,1,0
7845,158,296,0,1,0
7846,158,259,99,1,0
7847,158,274,0,1,0
7848,158,240,73,1,0
7849,158,335,92,1,0
7850,158,20,0,1,0
7851,158,352,98,1,0
7852,158,171,99,1,0
7853,158,174,0,1,0
7854,158,50,0,1,0
7855,158,343,99,1,0
7856,158,56,0,1,0
7857,158,34,25,1,0
7858,158,397,17,1,0
7859,158,284,0,1,0
7860,158,378,0,1,0
7861,158,249,0,1,0
7862,158,261,0,1,0
7863,158,359,99,1,0
7864,158,230,0,1,0
7865,158,357,0,1,0
7866,158,169,93,1,0
7867,158,376,69,1,0
7868,158,110,99,1,0
7869,158,125,98,1,0
7870,158,333,44,1,0
7871,158,180,0,1,0
7872,158,245,0,1,0
7873,158,63,99,1,0
7874,158,237,93,1,0
7875,158,76,0,1,0
7876,158,217,0,1,0
7877,158,344,0,1,0
7878,158,210,67,1,0
7879,158,114,0,1,0
7880,159,306,0,1,0
7881,159,144,0,1,0
7882,159,416,0,1,0
7883,159,357,0,1,0
7884,159,290,0,1,0
7885,159,307,99,1,0
7886,159,350,0,1,0
7887,159,329,0,1,0
7888,159,138,0,1,0
7889,159,48,0,1,0
7890,159,428,0,1,0
7891,159,368,0,1,0
7892,159,380,0,1,0
7893,159,242,0,1,0
7894,159,215,86,1,0
7895,159,179,99,1,0
7896,159,435,0,1,0
7897,159,207,0,1,0
7898,159,385,0,1,0
7899,159,127,99,1,0
7900,159,211,0,1,0
7901,159,432,0,1,0
7902,159,397,0,1,0
7903,159,178,0,1,0
7904,159,342,0,1,0
7905,159,109,0,1,0
7906,159,85,0,1,0
7907,159,327,99,1,0
7908,159,353,0,1,0
7909,159,434,0,1,0
7910,159,414,0,1,0
7911,159,309,0,1,0
7912,159,332,9,1,0
7913,159,121,0,1,0
7914,159,249,0,1,0
7915,159,111,0,1,0
7916,159,217,0,1,0
7917,159,156,0,1,0
7918,159,221,0,1,0
7919,159,289,0,1,0
7920,160,235,98,1,0
7921,160,66,11,1,0
7922,160,328,4,1,0
7923,160,418,3,1,0
7924,160,193,3,1,0
7925,160,356,0,1,0
7926,160,224,3,1,0
7927,160,157,69,1,0
7928,160,342,3,1,0
7929,160,60,0,1,0
7930,160,312,3,1,0
7931,160,297,3,1,0
7932,160,411,98,1,0
7933,160,387,99,1,0
7934,160,164,4,1,0
7935,160,121,3,1,0
7936,160,438,0,1,0
7937,160,393,3,1,0
7938,160,159,98,1,0
7939,160,289,69,1,0
7940,160,198,3,1,0
7941,160,182,98,1,0
7942,160,254,3,1,0
7943,160,248,0,1,0
7944,160,44,3,1,0
7945,160,402,0,1,0
7946,160,127,98,1,0
7947,160,401,3,1,0
7948,160,147,99,1,0
7949,160,351,3,1,0
7950,160,259,98,1,0
7951,160,61,3,1,0
7952,160,366,3,1,0
7953,160,408,90,1,0
7954,160,20,0,1,0
7955,160,239,98,1,0
7956,160,203,99,1,0
7957,160,300,98,1,0
7958,160,308,75,1,0
7959,160,409,70,1,0
7960,161,205,0,1,0
7961,161,240,60,1,0
7962,161,321,38,1,0
7963,161,83,98,1,0
7964,161,263,99,1,0
7965,161,27,99,1,0
7966,161,413,41,1,0
7967,161,352,3,1,0
7968,161,41,0,1,0
7969,161,358,29,1,0
7970,161,314,0,1,0
7971,161,64,0,1,0
7972,161,79,99,1,0
7973,161,365,64,1,0
7974,161,204,98,1,0
7975,161,149,59,1,0
7976,161,98,99,1,0
7977,161,185,0,1,0
7978,161,111,99,1,0
7979,161,26,77,1,0
7980,161,200,99,1,0
7981,161,43,99,1,0
7982,161,22,80,1,0
7983,161,120,0,1,0
7984,161,402,0,1,0
7985,161,164,1,1,0
7986,161,328,3,1,0
7987,161,127,99,1,0
7988,161,220,0,1,0
7989,161,273,0,1,0
7990,161,403,99,1,0
7991,161,309,68,1,0
7992,161,237,1,1,0
7993,161,388,99,1,0
7994,161,77,99,1,0
7995,161,427,99,1,0
7996,161,304,0,1,0
7997,161,316,3,1,0
7998,161,58,0,1,0
7999,161,297,98,1,0
8000,162,402,0,1,0
8001,162,154,4,1,0
8002,162,429,3,1,0
8003,162,124,45,1,0
8004,162,246,0,1,0
8005,162,57,80,1,0
8006,162,264,36,1,0
8007,162,279,99,1,0
8008,162,222,0,1,0
8009,162,359,99,1,0
8010,162,299,99,1,0
8011,162,41,0,1,0
8012,162,194,0,1,0
8013,162,174,0,1,0
8014,162,278,0,1,0
8015,162,136,0,1,0
8016,162,72,0,1,0
8017,162,393,0,1,0
8018,162,183,99,1,0
8019,162,291,99,1,0
8020,162,305,0,1,0
8021,162,52,90,1,0
8022,162,411,99,1,0
8023,162,166,0,1,0
8024,162,307,99,1,0
8025,162,247,99,1,0
8026,162,161,0,1,0
8027,162,31,99,1,0
8028,162,170,0,1,0
8029,162,385,12,1,0
8030,162,369,53,1,0
8031,162,99,99,1,0
8032,162,201,0,1,0
8033,162,432,0,1,0
8034,162,92,91,1,0
8035,162,252,0,1,0
8036,162,268,3,1,0
8037,162,303,99,1,0
8038,162,324,0,1,0
8039,162,78,99,1,0
8040,163,365,0,1,0
8041,163,246,0,1,0
8042,163,162,0,1,0
8043,163,323,0,1,0
8044,163,29,0,1,0
8045,163,68,0,1,0
8046,163,431,0,1,0
8047,163,265,0,1,0
8048,163,65,0,1,0
8049,163,241,0,1,0
8050,163,51,0,1,0
8051,163,197,0,1,0
8052,163,186,0,1,0
8053,163,267,0,1,0
8054,163,222,0,1,0
8055,163,264,0,1,0
8056,163,423,0,1,0
8057,163,203,0,1,0
8058,163,155,0,1,0
8059,163,213,0,1,0
8060,163,415,0,1,0
8061,163,237,0,1,0
8062,163,337,0,1,0
8063,163,324,0,1,0
8064,163,326,0,1,0
8065,163,315,0,1,0
8066,163,74,0,1,0
8067,163,221,0,1,0
8068,163,254,0,1,0
8069,163,119,0,1,0
8070,163,182,0,1,0
8071,163,339,0,1,0
8072,163,135,0,1,0
8073,163,67,0,1,0
8074,163,399,0,1,0
8075,163,188,0,1,0
8076,163,220,0,1,0
8077,163,331,21,1,0
8078,163,336,0,1,0
8079,163,149,0,1,0
8080,165,117,98,1,0
8081,165,333,0,1,0
8082,165,51,96,1,0
8083,165,405,78,1,0
8084,165,250,96,1,0
8085,165,369,0,1,0
8086,165,110,99,1,0
8087,165,63,96,1,0
8088,165,403,96,1,0
8089,165,162,98,1,0
8090,165,58,98,1,0
8091,165,254,77,1,0
8092,165,219,96,1,0
8093,165,129,76,1,0
8094,165,106,96,1,0
8095,165,21,0,1,0
8096,165,184,0,1,0
8097,165,195,96,1,0
8098,165,46,87,1,0
8099,165,388,63,1,0
8100,165,365,0,1,0
8101,165,371,96,1,0
8102,165,293,0,1,0
8103,165,299,88,1,0
8104,165,275,85,1,0
8105,165,391,96,1,0
8106,165,47,96,1,0
8107,165,332,99,1,0
8108,165,132,0,1,0
8109,165,224,62,1,0
8110,165,112,96,1,0
8111,165,417,0,1,0
8112,165,404,0,1,0
8113,165,56,0,1,0
8114,165,244,96,1,0
8115,165,188,98,1,0
8116,165,384,0,1,0
8117,165,84,0,1,0
8118,165,344,0,1,0
8119,165,236,0,1,0
8120,166,48,4,1,0
8121,166,425,13,1,0
8122,166,140,4,1,0
8123,166,157,4,1,0
8124,166,254,4,1,0
8125,166,437,99,1,0
8126,166,189,1,1,0
8127,166,282,99,1,0
8128,166,84,0,1,0
8129,166,365,0,1,0
8130,166,284,4,1,0
8131,166,364,21,1,0
8132,166,396,0,1,0
8133,166,77,95,1,0
8134,166,179,99,1,0
8135,166,281,0,1,0
8136,166,245,4,1,0
8137,166,131,99,1,0
8138,166,340,1,1,0
8139,166,237,99,1,0
8140,166,92,98,1,0
8141,166,313,99,1,0
8142,166,419,99,1,0
8143,166,58,97,1,0
8144,166,427,99,1,0
8145,166,176,28,1,0
8146,166,65,4,1,0
8147,166,354,98,1,0
8148,166,200,58,1,0
8149,166,294,36,1,0
8150,166,385,4,1,0
8151,166,346,0,1,0
8152,166,420,99,1,0
8153,166,105,99,1,0
8154,166,220,51,1,0
8155,166,246,8,1,0
8156,166,372,0,1,0
8157,166,351,99,1,0
8158,166,342,97,1,0
8159,166,249,0,1,0
8160,167,172,0,1,0
8161,167,433,4,1,0
8162,167,322,0,1,0
8163,167,224,0,1,0
8164,167,233,4,1,0
8165,167,258,0,1,0
8166,167,85,0,1,0
8167,167,285,0,1,0
8168,167,332,9,1,0
8169,167,157,0,1,0
8170,167,379,99,1,0
8171,167,29,0,1,0
8172,167,190,0,1,0
8173,167,140,0,1,0
8174,167,342,0,1,0
8175,167,438,0,1,0
8176,167,123,0,1,0
8177,167,24,0,1,0
8178,167,276,0,1,0
8179,167,423,0,1,0
8180,167,237,0,1,0
8181,167,46,0,1,0
8182,167,21,0,1,0
8183,167,142,0,1,0
8184,167,34,0,1,0
8185,167,273,4,1,0
8186,167,179,99,1,0
8187,167,286,0,1,0
8188,167,201,0,1,0
8189,167,31,0,1,0
8190,167,131,0,1,0
8191,167,352,0,1,0
8192,167,89,0,1,0
8193,167,61,0,1,0
8194,167,247,0,1,0
8195,167,410,0,1,0
8196,167,101,4,1,0
8197,167,260,0,1,0
8198,167,283,0,1,0
8199,167,156,0,1,0
8200,168,53,76,1,0
8201,168,297,86,1,0
8202,168,333,0,1,0
8203,168,140,71,1,0
8204,168,199,99,1,0
8205,168,223,90,1,0
8206,168,45,0,1,0
8207,168,234,0,1,0
8208,168,207,96,1,0
8209,168,220,0,1,0
8210,168,413,8,1,0
8211,168,32,71,1,0
8212,168,410,96,1,0
8213,168,354,96,1,0
8214,168,203,96,1,0
8215,168,338,81,1,0
8216,168,195,99,1,0
8217,168,25,0,1,0
8218,168,374,98,1,0
8219,168,430,86,1,0
8220,168,263,90,1,0
8221,168,298,4,1,0
8222,168,433,76,1,0
8223,168,206,0,1,0
8224,168,217,0,1,0
8225,168,157,86,1,0
8226,168,67,96,1,0
8227,168,277,0,1,0
8228,168,327,99,1,0
8229,168,279,98,1,0
8230,168,359,79,1,0
8231,168,420,95,1,0
8232,168,233,71,1,0
8233,168,278,98,1,0
8234,168,300,0,1,0
8235,168,291,90,1,0
8236,168,154,0,1,0
8237,168,155,96,1,0
8238,168,216,0,1,0
8239,168,362,0,1,0
8240,170,325,0,1,0
8241,170,208,98,1,0
8242,170,244,99,1,0
8243,170,115,99,1,0
8244,170,405,1,1,0
8245,170,77,99,1,0
8246,170,388,99,1,0
8247,170,351,99,1,0
8248,170,199,99,1,0
8249,170,172,21,1,0
8250,170,249,0,1,0
8251,170,169,0,1,0
8252,170,395,99,1,0
8253,170,365,17,1,0
8254,170,68,0,1,0
8255,170,241,0,1,0
8256,170,369,99,1,0
8257,170,317,2,1,0
8258,170,344,0,1,0
8259,170,173,22,1,0
8260,170,160,80,1,0
8261,170,293,2,1,0
8262,170,73,99,1,0
8263,170,413,0,1,0
8264,170,41,0,1,0
8265,170,372,0,1,0
8266,170,284,0,1,0
8267,170,87,99,1,0
8268,170,309,63,1,0
8269,170,58,0,1,0
8270,170,82,4,1,0
8271,170,216,86,1,0
8272,170,33,13,1,0
8273,170,80,3,1,0
8274,170,113,0,1,0
8275,170,401,28,1,0
8276,170,310,36,1,0
8277,170,234,8,1,0
8278,170,211,99,1,0
8279,170,289,77,1,0
8280,171,128,0,1,0
8281,171,57,0,1,0
8282,171,353,0,1,0
8283,171,32,0,1,0
8284,171,167,0,1,0
8285,171,405,0,1,0
8286,171,161,0,1,0
8287,171,132,0,1,0
8288,171,364,0,1,0
8289,171,190,0,1,0
8290,171,387,0,1,0
8291,171,100,0,1,0
8292,171,92,0,1,0
8293,171,205,0,1,0
8294,171,59,0,1,0
8295,171,208,0,1,0
8296,171,224,0,1,0
8297,171,348,0,1,0
8298,171,199,0,1,0
8299,171,26,0,1,0
8300,171,225,0,1,0
8301,171,368,0,1,0
8302,171,230,0,1,0
8303,171,371,0,1,0
8304,171,271,0,1,0
8305,171,95,0,1,0
8306,171,156,0,1,0
8307,171,284,0,1,0
8308,171,228,4,1,0
8309,171,253,0,1,0
8310,171,288,0,1,0
8311,171,428,0,1,0
8312,171,436,0,1,0
8313,171,252,0,1,0
8314,171,210,0,1,0
8315,171,306,0,1,0
8316,171,351,0,1,0
8317,171,39,0,1,0
8318,171,308,0,1,0
8319,171,198,0,1,0
8320,172,309,0,1,0
8321,172,56,0,1,0
8322,172,402,4,1,0
8323,172,214,98,1,0
8324,172,407,96,1,0
8325,172,231,65,1,0
8326,172,115,94,1,0
8327,172,224,54,1,0
8328,172,23,68,1,0
8329,172,48,0,1,0
8330,172,188,98,1,0
8331,172,104,0,1,0
8332,172,169,99,1,0
8333,172,417,0,1,0
8334,172,265,87,1,0
8335,172,249,0,1,0
8336,172,300,0,1,0
8337,172,131,60,1,0
8338,172,327,99,1,0
8339,172,415,88,1,0
8340,172,79,98,1,0
8341,172,111,73,1,0
8342,172,88,54,1,0
8343,172,380,99,1,0
8344,172,342,0,1,0
8345,172,40,54,1,0
8346,172,62,0,1,0
8347,172,288,49,1,0
8348,172,20,0,1,0
8349,172,75,88,1,0
8350,172,356,9,1,0
8351,172,157,0,1,0
8352,172,382,10,1,0
8353,172,96,0,1,0
8354,172,49,54,1,0
8355,172,257,54,1,0
8356,172,337,59,1,0
8357,172,346,59,1,0
8358,172,406,11,1,0
8359,172,167,99,1,0
8360,173,92,98,1,0
8361,173,262,0,1,0
8362,173,414,0,1,0
8363,173,254,0,1,0
8364,173,236,0,1,0
8365,173,379,99,1,0
8366,173,327,99,1,0
8367,173,374,98,1,0
8368,173,216,0,1,0
8369,173,137,0,1,0
8370,173,26,0,1,0
8371,173,353,4,1,0
8372,173,301,0,1,0
8373,173,169,99,1,0
8374,173,145,0,1,0
8375,173,231,99,1,0
8376,173,250,98,1,0
8377,173,46,99,1,0
8378,173,270,96,1,0
8379,173,45,0,1,0
8380,173,324,0,1,0
8381,173,182,98,1,0
8382,173,331,99,1,0
8383,173,432,0,1,0
8384,173,395,98,1,0
8385,173,279,98,1,0
8386,173,302,98,1,0
8387,173,422,96,1,0
8388,173,219,91,1,0
8389,173,393,65,1,0
8390,173,67,98,1,0
8391,173,288,0,1,0
8392,173,74,0,1,0
8393,173,385,0,1,0
8394,173,411,98,1,0
8395,173,133,0,1,0
8396,173,225,96,1,0
8397,173,177,0,1,0
8398,173,257,0,1,0
8399,173,328,99,1,0
8400,175,297,0,1,0
8401,175,94,0,1,0
8402,175,132,0,1,0
8403,175,399,0,1,0
8404,175,181,0,1,0
8405,175,211,4,1,0
8406,175,220,0,1,0
8407,175,189,0,1,0
8408,175,90,0,1,0
8409,175,324,0,1,0
8410,175,344,0,1,0
8411,175,389,0,1,0
8412,175,159,4,1,0
8413,175,361,0,1,0
8414,175,298,4,1,0
8415,175,74,0,1,0
8416,175,330,0,1,0
8417,175,134,0,1,0
8418,175,167,95,1,0
8419,175,148,0,1,0
8420,175,191,99,1,0
8421,175,38,0,1,0
8422,175,149,0,1,0
8423,175,429,0,1,0
8424,175,432,0,1,0
8425,175,310,0,1,0
8426,175,59,14,1,0
8427,175,124,0,1,0
8428,175,321,0,1,0
8429,175,340,0,1,0
8430,175,283,0,1,0
8431,175,299,99,1,0
8432,175,20,0,1,0
8433,175,246,0,1,0
8434,175,76,0,1,0
8435,175,85,0,1,0
8436,175,342,0,1,0
8437,175,179,99,1,0
8438,175,284,0,1,0
8439,175,291,0,1,0
8440,176,421,99,1,0
8441,176,299,99,1,0
8442,176,82,8,1,0
8443,176,207,99,1,0
8444,176,152,0,1,0
8445,176,433,1,1,0
8446,176,108,0,1,0
8447,176,245,99,1,0
8448,176,403,99,1,0
8449,176,284,99,1,0
8450,176,121,92,1,0
8451,176,325,0,1,0
8452,176,175,99,1,0
8453,176,291,99,1,0
8454,176,184,0,1,0
8455,176,134,4,1,0
8456,176,271,99,1,0
8457,176,141,96,1,0
8458,176,260,4,1,0
8459,176,133,0,1,0
8460,176,310,84,1,0
8461,176,163,99,1,0
8462,176,107,99,1,0
8463,176,42,99,1,0
8464,176,414,3,1,0
8465,176,73,4,1,0
8466,176,355,99,1,0
8467,176,185,0,1,0
8468,176,394,4,1,0
8469,176,432,0,1,0
8470,176,221,98,1,0
8471,176,439,99,1,0
8472,176,349,40,1,0
8473,176,435,99,1,0
8474,176,282,99,1,0
8475,176,47,99,1,0
8476,176,426,8,1,0
8477,176,378,80,1,0
8478,176,354,99,1,0
8479,176,211,99,1,0
8480,177,30,0,1,0
8481,177,41,0,1,0
8482,177,189,0,1,0
8483,177,50,0,1,0
8484,177,277,0,1,0
8485,177,198,0,1,0
8486,177,367,0,1,0
8487,177,241,0,1,0
8488,177,237,0,1,0
8489,177,389,0,1,0
8490,177,399,0,1,0
8491,177,72,0,1,0
8492,177,170,0,1,0
8493,177,409,0,1,0
8494,177,435,0,1,0
8495,177,227,0,1,0
8496,177,264,0,1,0
8497,177,153,0,1,0
8498,177,261,0,1,0
8499,177,220,0,1,0
8500,177,162,0,1,0
8501,177,308,0,1,0
8502,177,103,0,1,0
8503,177,267,0,1,0
8504,177,139,0,1,0
8505,177,290,0,1,0
8506,177,374,0,1,0
8507,177,343,0,1,0
8508,177,165,0,1,0
8509,177,80,0,1,0
8510,177,147,0,1,0
8511,177,195,0,1,0
8512,177,422,0,1,0
8513,177,245,0,1,0
8514,177,415,0,1,0
8515,177,281,0,1,0
8516,177,201,0,1,0
8517,177,202,0,1,0
8518,177,273,0,1,0
8519,177,248,0,1,0
8520,178,145,0,1,0
8521,178,192,98,1,0
8522,178,69,0,1,0
8523,178,39,99,1,0
8524,178,254,2,1,0
8525,178,286,99,1,0
8526,178,46,17,1,0
8527,178,406,2,1,0
8528,178,143,99,1,0
8529,178,160,0,1,0
8530,178,206,0,1,0
8531,178,78,99,1,0
8532,178,195,99,1,0
8533,178,396,0,1,0
8534,178,186,0,1,0
8535,178,53,2,1,0
8536,178,169,93,1,0
8537,178,346,3,1,0
8538,178,253,8,1,0
8539,178,181,51,1,0
8540,178,266,99,1,0
8541,178,37,81,1,0
8542,178,98,59,1,0
8543,178,175,99,1,0
8544,178,399,99,1,0
8545,178,193,2,1,0
8546,178,235,99,1,0
8547,178,433,0,1,0
8548,178,151,99,1,0
8549,178,210,88,1,0
8550,178,248,0,1,0
8551,178,255,99,1,0
8552,178,131,99,1,0
8553,178,27,99,1,0
8554,178,356,0,1,0
8555,178,215,99,1,0
8556,178,377,98,1,0
8557,178,270,42,1,0
8558,178,171,99,1,0
8559,178,144,0,1,0
8560,180,83,14,1,0
8561,180,321,0,1,0
8562,180,119,0,1,0
8563,180,262,0,1,0
8564,180,439,4,1,0
8565,180,300,0,1,0
8566,180,299,9,1,0
8567,180,263,10,1,0
8568,180,320,0,1,0
8569,180,215,4,1,0
8570,180,58,0,1,0
8571,180,55,4,1,0
8572,180,29,0,1,0
8573,180,59,4,1,0
8574,180,94,0,1,0
8575,180,161,5,1,0
8576,180,115,9,1,0
8577,180,287,4,1,0
8578,180,92,0,1,0
8579,180,298,0,1,0
8580,180,95,0,1,0
8581,180,24,0,1,0
8582,180,79,9,1,0
8583,180,265,0,1,0
8584,180,164,0,1,0
8585,180,143,4,1,0
8586,180,186,0,1,0
8587,180,195,10,1,0
8588,180,296,0,1,0
8589,180,435,9,1,0
8590,180,243,4,1,0
8591,180,125,0,1,0
8592,180,34,0,1,0
8593,180,52,0,1,0
8594,180,203,4,1,0
8595,180,418,0,1,0
8596,180,279,14,1,0
8597,180,196,0,1,0
8598,180,99,4,1,0
8599,180,150,4,1,0
8600,181,415,98,1,0
8601,181,302,98,1,0
8602,181,231,99,1,0
8603,181,119,98,1,0
8604,181,431,98,1,0
8605,181,408,0,1,0
8606,181,36,48,1,0
8607,181,242,0,1,0
8608,181,293,35,1,0
8609,181,101,98,1,0
8610,181,338,13,1,0
8611,181,284,0,1,0
8612,181,334,0,1,0
8613,181,286,4,1,0
8614,181,133,98,1,0
8615,181,63,98,1,0
8616,181,220,2,1,0
8617,181,154,0,1,0
8618,181,55,99,1,0
8619,181,140,0,1,0
8620,181,249,0,1,0
8621,181,251,99,1,0
8622,181,134,0,1,0
8623,181,190,0,1,0
8624,181,156,71,1,0
8625,181,128,58,1,0
8626,181,354,98,1,0
8627,181,315,98,1,0
8628,181,306,0,1,0
8629,181,353,4,1,0
8630,181,32,58,1,0
8631,181,234,0,1,0
8632,181,29,3,1,0
8633,181,422,30,1,0
8634,181,259,98,1,0
8635,181,213,50,1,0
8636,181,85,0,1,0
8637,181,40,3,1,0
8638,181,436,3,1,0
8639,181,414,3,1,0
8640,182,421,0,1,0
8641,182,349,0,1,0
8642,182,43,96,1,0
8643,182,190,0,1,0
8644,182,339,11,1,0
8645,182,402,4,1,0
8646,182,205,0,1,0
8647,182,218,0,1,0
8648,182,414,0,1,0
8649,182,291,0,1,0
8650,182,404,0,1,0
8651,182,261,0,1,0
8652,182,172,0,1,0
8653,182,170,0,1,0
8654,182,165,0,1,0
8655,182,410,0,1,0
8656,182,403,0,1,0
8657,182,356,0,1,0
8658,182,405,0,1,0
8659,182,55,99,1,0
8660,182,162,0,1,0
8661,182,99,11,1,0
8662,182,311,4,1,0
8663,182,424,0,1,0
8664,182,238,0,1,0
8665,182,433,4,1,0
8666,182,103,4,1,0
8667,182,296,0,1,0
8668,182,64,4,1,0
8669,182,120,0,1,0
8670,182,169,4,1,0
8671,182,322,3,1,0
8672,182,360,0,1,0
8673,182,212,0,1,0
8674,182,83,4,1,0
8675,182,340,0,1,0
8676,182,345,0,1,0
8677,182,329,0,1,0
8678,182,49,0,1,0
8679,182,69,0,1,0
8680,184,142,12,1,0
8681,184,125,21,1,0
8682,184,187,89,1,0
8683,184,328,4,1,0
8684,184,425,0,1,0
8685,184,59,98,1,0
8686,184,175,99,1,0
8687,184,286,98,1,0
8688,184,207,98,1,0
8689,184,159,98,1,0
8690,184,317,98,1,0
8691,184,251,99,1,0
8692,184,204,6,1,0
8693,184,165,3,1,0
8694,184,235,98,1,0
8695,184,179,97,1,0
8696,184,353,0,1,0
8697,184,432,0,1,0
8698,184,412,3,1,0
8699,184,91,98,1,0
8700,184,242,17,1,0
8701,184,371,91,1,0
8702,184,384,0,1,0
8703,184,291,98,1,0
8704,184,374,38,1,0
8705,184,330,0,1,0
8706,184,255,98,1,0
8707,184,359,98,1,0
8708,184,167,99,1,0
8709,184,258,3,1,0
8710,184,426,3,1,0
8711,184,189,3,1,0
8712,184,38,98,1,0
8713,184,322,3,1,0
8714,184,220,3,1,0
8715,184,284,85,1,0
8716,184,395,98,1,0
8717,184,319,97,1,0
8718,184,424,0,1,0
8719,184,118,0,1,0
8720,185,379,9,1,0
8721,185,209,0,1,0
8722,185,74,4,1,0
8723,185,48,0,1,0
8724,185,232,0,1,0
8725,185,375,4,1,0
8726,185,437,0,1,0
8727,185,384,0,1,0
8728,185,243,0,1,0
8729,185,28,0,1,0
8730,185,121,0,1,0
8731,185,150,0,1,0
8732,185,187,0,1,0
8733,185,357,0,1,0
8734,185,136,0,1,0
8735,185,213,0,1,0
8736,185,167,0,1,0
8737,185,61,0,1,0
8738,185,211,4,1,0
8739,185,359,0,1,0
8740,185,318,0,1,0
8741,185,297,0,1,0
8742,185,386,0,1,0
8743,185,234,0,1,0
8744,185,351,0,1,0
8745,185,342,0,1,0
8746,185,148,0,1,0
8747,185,76,0,1,0
8748,185,210,0,1,0
8749,185,20,0,1,0
8750,185,309,0,1,0
8751,185,154,0,1,0
8752,185,31,0,1,0
8753,185,289,0,1,0
8754,185,77,0,1,0
8755,185,388,0,1,0
8756,185,403,4,1,0
8757,185,432,0,1,0
8758,185,114,4,1,0
8759,185,124,0,1,0
8760,186,52,98,1,0
8761,186,438,33,1,0
8762,186,435,99,1,0
8763,186,356,12,1,0
8764,186,224,98,1,0
8765,186,29,0,1,0
8766,186,425,4,1,0
8767,186,137,4,1,0
8768,186,45,0,1,0
8769,186,255,97,1,0
8770,186,269,28,1,0
8771,186,127,99,1,0
8772,186,368,98,1,0
8773,186,372,0,1,0
8774,186,100,0,1,0
8775,186,282,99,1,0
8776,186,387,95,1,0
8777,186,125,98,1,0
8778,186,20,0,1,0
8779,186,33,0,1,0
8780,186,285,0,1,0
8781,186,375,65,1,0
8782,186,386,4,1,0
8783,186,38,37,1,0
8784,186,174,4,1,0
8785,186,340,0,1,0
8786,186,334,85,1,0
8787,186,308,32,1,0
8788,186,50,13,1,0
8789,186,359,97,1,0
8790,186,65,13,1,0
8791,186,408,78,1,0
8792,186,215,97,1,0
8793,186,298,0,1,0
8794,186,299,99,1,0
8795,186,148,0,1,0
8796,186,419,99,1,0
8797,186,207,97,1,0
8798,186,312,36,1,0
8799,186,85,0,1,0
8800,187,175,0,1,0
8801,187,194,0,1,0
8802,187,377,0,1,0
8803,187,265,0,1,0
8804,187,143,0,1,0
8805,187,392,0,1,0
8806,187,278,0,1,0
8807,187,210,0,1,0
8808,187,372,0,1,0
8809,187,106,0,1,0
8810,187,365,0,1,0
8811,187,201,0,1,0
8812,187,281,0,1,0
8813,187,251,0,1,0
8814,187,155,0,1,0
8815,187,128,0,1,0
8816,187,277,0,1,0
8817,187,238,0,1,0
8818,187,244,0,1,0
8819,187,268,0,1,0
8820,187,369,0,1,0
8821,187,89,0,1,0
8822,187,412,0,1,0
8823,187,299,1,1,0
8824,187,357,0,1,0
8825,187,426,0,1,0
8826,187,242,0,1,0
8827,187,430,0,1,0
8828,187,182,0,1,0
8829,187,382,0,1,0
8830,187,330,4,1,0
8831,187,86,0,1,0
8832,187,428,0,1,0
8833,187,395,0,1,0
8834,187,114,0,1,0
8835,187,153,0,1,0
8836,187,193,0,1,0
8837,187,319,99,1,0
8838,187,166,0,1,0
8839,187,339,0,1,0
8840,189,365,0,1,0
8841,189,167,99,1,0
8842,189,289,0,1,0
8843,189,341,0,1,0
8844,189,145,0,1,0
8845,189,21,0,1,0
8846,189,272,0,1,0
8847,189,78,96,1,0
8848,189,39,98,1,0
8849,189,70,3,1,0
8850,189,225,59,1,0
8851,189,82,3,1,0
8852,189,137,0,1,0
8853,189,351,98,1,0
8854,189,181,0,1,0
8855,189,248,0,1,0
8856,189,236,0,1,0
8857,189,368,11,1,0
8858,189,267,99,1,0
8859,189,355,98,1,0
8860,189,155,98,1,0
8861,189,87,99,1,0
8862,189,164,99,1,0
8863,189,230,0,1,0
8864,189,103,99,1,0
8865,189,111,98,1,0
8866,189,136,0,1,0
8867,189,427,98,1,0
8868,189,422,53,1,0
8869,189,390,3,1,0
8870,189,412,0,1,0
8871,189,426,0,1,0
8872,189,357,3,1,0
8873,189,195,99,1,0
8874,189,389,99,1,0
8875,189,88,3,1,0
8876,189,154,0,1,0
8877,189,345,0,1,0
8878,189,260,0,1,0
8879,189,207,98,1,0
8880,190,279,98,1,0
8881,190,340,98,1,0
8882,190,76,22,1,0
8883,190,356,18,1,0
8884,190,423,98,1,0
8885,190,233,99,1,0
8886,190,237,99,1,0
8887,190,374,98,1,0
8888,190,205,0,1,0
8889,190,92,98,1,0
8890,190,390,86,1,0
8891,190,439,98,1,0
8892,190,316,3,1,0
8893,190,93,8,1,0
8894,190,338,98,1,0
8895,190,434,0,1,0
8896,190,103,99,1,0
8897,190,102,98,1,0
8898,190,411,98,1,0
8899,190,85,0,1,0
8900,190,394,0,1,0
8901,190,67,98,1,0
8902,190,342,98,1,0
8903,190,119,98,1,0
8904,190,34,98,1,0
8905,190,298,6,1,0
8906,190,323,98,1,0
8907,190,177,0,1,0
8908,190,186,98,1,0
8909,190,166,41,1,0
8910,190,132,0,1,0
8911,190,81,93,1,0
8912,190,319,99,1,0
8913,190,78,98,1,0
8914,190,118,0,1,0
8915,190,380,99,1,0
8916,190,151,98,1,0
8917,190,191,99,1,0
8918,190,31,98,1,0
8919,190,369,0,1,0
8920,191,130,0,1,0
8921,191,98,0,1,0
8922,191,284,0,1,0
8923,191,283,0,1,0
8924,191,37,0,1,0
8925,191,261,0,1,0
8926,191,303,0,1,0
8927,191,257,0,1,0
8928,191,76,0,1,0
8929,191,253,0,1,0
8930,191,187,4,1,0
8931,191,239,0,1,0
8932,191,49,0,1,0
8933,191,407,0,1,0
8934,191,255,0,1,0
8935,191,409,0,1,0
8936,191,408,0,1,0
8937,191,365,0,1,0
8938,191,362,0,1,0
8939,191,411,0,1,0
8940,191,388,0,1,0
8941,191,146,0,1,0
8942,191,91,0,1,0
8943,191,205,0,1,0
8944,191,39,0,1,0
8945,191,157,0,1,0
8946,191,87,0,1,0
8947,191,377,0,1,0
8948,191,419,0,1,0
8949,191,302,0,1,0
8950,191,432,0,1,0
8951,191,338,0,1,0
8952,191,385,0,1,0
8953,191,337,0,1,0
8954,191,319,99,1,0
8955,191,300,0,1,0
8956,191,173,0,1,0
8957,191,213,0,1,0
8958,191,397,0,1,0
8959,191,227,0,1,0
8960,192,201,78,1,0
8961,192,130,0,1,0
8962,192,162,0,1,0
8963,192,384,0,1,0
8964,192,301,0,1,0
8965,192,188,0,1,0
8966,192,30,0,1,0
8967,192,271,0,1,0
8968,192,112,0,1,0
8969,192,394,0,1,0
8970,192,393,0,1,0
8971,192,217,0,1,0
8972,192,161,0,1,0
8973,192,315,98,1,0
8974,192,96,0,1,0
8975,192,321,99,1,0
8976,192,35,0,1,0
8977,192,222,0,1,0
8978,192,359,0,1,0
8979,192,251,99,1,0
8980,192,351,98,1,0
8981,192,436,98,1,0
8982,192,399,0,1,0
8983,192,298,4,1,0
8984,192,151,0,1,0
8985,192,79,92,1,0
8986,192,361,0,1,0
8987,192,411,98,1,0
8988,192,56,0,1,0
8989,192,432,0,1,0
8990,192,36,99,1,0
8991,192,203,99,1,0
8992,192,44,0,1,0
8993,192,280,0,1,0
8994,192,307,99,1,0
8995,192,438,3,1,0
8996,192,124,84,1,0
8997,192,308,99,1,0
8998,192,215,98,1,0
8999,192,204,98,1,0
9000,194,195,99,1,0
9001,194,78,99,1,0
9002,194,174,4,1,0
9003,194,370,4,1,0
9004,194,233,99,1,0
9005,194,299,99,1,0
9006,194,181,42,1,0
9007,194,280,98,1,0
9008,194,43,99,1,0
9009,194,227,99,1,0
9010,194,277,0,1,0
9011,194,36,31,1,0
9012,194,275,99,1,0
9013,194,415,99,1,0
9014,194,259,98,1,0
9015,194,67,99,1,0
9016,194,154,64,1,0
9017,194,347,99,1,0
9018,194,92,98,1,0
9019,194,180,0,1,0
9020,194,346,0,1,0
9021,194,327,99,1,0
9022,194,436,0,1,0
9023,194,171,99,1,0
9024,194,211,99,1,0
9025,194,302,99,1,0
9026,194,384,0,1,0
9027,194,254,4,1,0
9028,194,157,4,1,0
9029,194,375,95,1,0
9030,194,90,4,1,0
9031,194,271,99,1,0
9032,194,308,51,1,0
9033,194,382,4,1,0
9034,194,344,53,1,0
9035,194,144,0,1,0
9036,194,108,0,1,0
9037,194,421,46,1,0
9038,194,60,63,1,0
9039,194,69,8,1,0
9040,195,102,0,1,0
9041,195,371,0,1,0
9042,195,197,0,1,0
9043,195,205,0,1,0
9044,195,271,0,1,0
9045,195,405,0,1,0
9046,195,379,99,1,0
9047,195,152,0,1,0
9048,195,301,0,1,0
9049,195,82,0,1,0
9050,195,361,0,1,0
9051,195,308,4,1,0
9052,195,331,99,1,0
9053,195,33,0,1,0
9054,195,393,0,1,0
9055,195,385,0,1,0
9056,195,159,0,1,0
9057,195,372,0,1,0
9058,195,263,0,1,0
9059,195,399,0,1,0
9060,195,184,0,1,0
9061,195,264,0,1,0
9062,195,270,0,1,0
9063,195,421,0,1,0
9064,195,356,0,1,0
9065,195,200,0,1,0
9066,195,319,99,1,0
9067,195,279,0,1,0
9068,195,190,0,1,0
9069,195,62,0,1,0
9070,195,312,0,1,0
9071,195,397,0,1,0
9072,195,171,99,1,0
9073,195,283,0,1,0
9074,195,229,0,1,0
9075,195,49,0,1,0
9076,195,204,0,1,0
9077,195,237,4,1,0
9078,195,369,0,1,0
9079,195,146,0,1,0
9080,196,368,0,1,0
9081,196,403,0,1,0
9082,196,150,0,1,0
9083,196,231,0,1,0
9084,196,142,0,1,0
9085,196,34,0,1,0
9086,196,259,0,1,0
9087,196,74,0,1,0
9088,196,351,0,1,0
9089,196,204,0,1,0
9090,196,51,0,1,0
9091,196,26,0,1,0
9092,196,94,0,1,0
9093,196,413,0,1,0
9094,196,373,0,1,0
9095,196,29,0,1,0
9096,196,237,0,1,0
9097,196,379,0,1,0
9098,196,292,0,1,0
9099,196,203,0,1,0
9100,196,212,0,1,0
9101,196,183,0,1,0
9102,196,133,0,1,0
9103,196,269,0,1,0
9104,196,296,0,1,0
9105,196,31,0,1,0
9106,196,436,0,1,0
9107,196,129,0,1,0
9108,196,374,0,1,0
9109,196,308,0,1,0
9110,196,27,0,1,0
9111,196,279,0,1,0
9112,196,42,0,1,0
9113,196,194,0,1,0
9114,196,130,0,1,0
9115,196,398,0,1,0
9116,196,278,0,1,0
9117,196,277,0,1,0
9118,196,352,0,1,0
9119,196,429,0,1,0
9120,197,270,25,1,0
9121,197,181,98,1,0
9122,197,44,98,1,0
9123,197,274,91,1,0
9124,197,315,99,1,0
9125,197,189,98,1,0
9126,197,41,0,1,0
9127,197,409,63,1,0
9128,197,40,98,1,0
9129,197,20,0,1,0
9130,197,30,0,1,0
9131,197,97,99,1,0
9132,197,360,0,1,0
9133,197,155,99,1,0
9134,197,252,0,1,0
9135,197,226,0,1,0
9136,197,132,0,1,0
9137,197,39,99,1,0
9138,197,305,0,1,0
9139,197,283,99,1,0
9140,197,216,0,1,0
9141,197,206,0,1,0
9142,197,120,0,1,0
9143,197,277,0,1,0
9144,197,56,0,1,0
9145,197,114,0,1,0
9146,197,83,93,1,0
9147,197,362,0,1,0
9148,197,107,99,1,0
9149,197,384,0,1,0
9150,197,228,64,1,0
9151,197,80,58,1,0
9152,197,396,0,1,0
9153,197,79,99,1,0
9154,197,223,99,1,0
9155,197,178,3,1,0
9156,197,69,0,1,0
9157,197,414,98,1,0
9158,197,158,58,1,0
9159,197,393,0,1,0
9160,199,393,0,1,0
9161,199,413,0,1,0
9162,199,322,0,1,0
9163,199,158,0,1,0
9164,199,140,0,1,0
9165,199,400,0,1,0
9166,199,102,0,1,0
9167,199,226,0,1,0
9168,199,363,6,1,0
9169,199,304,0,1,0
9170,199,23,0,1,0
9171,199,195,7,1,0
9172,199,163,5,1,0
9173,199,362,0,1,0
9174,199,398,0,1,0
9175,199,50,0,1,0
9176,199,34,0,1,0
9177,199,346,0,1,0
9178,199,233,4,1,0
9179,199,182,0,1,0
9180,199,287,0,1,0
9181,199,415,0,1,0
9182,199,406,0,1,0
9183,199,251,0,1,0
9184,199,49,0,1,0
9185,199,227,0,1,0
9186,199,288,0,1,0
9187,199,110,4,1,0
9188,199,298,4,1,0
9189,199,307,9,1,0
9190,199,326,0,1,0
9191,199,113,0,1,0
9192,199,423,0,1,0
9193,199,97,0,1,0
9194,199,69,0,1,0
9195,199,133,0,1,0
9196,199,63,0,1,0
9197,199,335,0,1,0
9198,199,283,0,1,0
9199,199,46,0,1,0
9200,200,190,3,1,0
9201,200,362,0,1,0
9202,200,384,0,1,0
9203,200,365,98,1,0
9204,200,208,0,1,0
9205,200,42,2,1,0
9206,200,51,99,1,0
9207,200,264,99,1,0
9208,200,313,2,1,0
9209,200,372,0,1,0
9210,200,370,0,1,0
9211,200,371,0,1,0
9212,200,304,0,1,0
9213,200,232,3,1,0
9214,200,223,99,1,0
9215,200,392,0,1,0
9216,200,381,99,1,0
9217,200,419,99,1,0
9218,200,189,3,1,0
9219,200,23,73,1,0
9220,200,111,19,1,0
9221,200,134,92,1,0
9222,200,169,0,1,0
9223,200,295,99,1,0
9224,200,406,0,1,0
9225,200,131,99,1,0
9226,200,297,3,1,0
9227,200,182,55,1,0
9228,200,168,3,1,0
9229,200,62,0,1,0
9230,200,396,0,1,0
9231,200,176,59,1,0
9232,200,125,21,1,0
9233,200,405,0,1,0
9234,200,437,4,1,0
9235,200,294,0,1,0
9236,200,183,99,1,0
9237,200,132,0,1,0
9238,200,262,0,1,0
9239,200,70,0,1,0
9240,201,260,94,1,0
9241,201,376,0,1,0
9242,201,326,22,1,0
9243,201,179,98,1,0
9244,201,54,19,1,0
9245,201,45,0,1,0
9246,201,117,74,1,0
9247,201,188,8,1,0
9248,201,56,3,1,0
9249,201,124,3,1,0
9250,201,310,9,1,0
9251,201,143,96,1,0
9252,201,203,98,1,0
9253,201,359,98,1,0
9254,201,241,5,1,0
9255,201,364,3,1,0
9256,201,385,7,1,0
9257,201,300,3,1,0
9258,201,150,6,1,0
9259,201,60,89,1,0
9260,201,435,98,1,0
9261,201,200,98,1,0
9262,201,308,2,1,0
9263,201,416,0,1,0
9264,201,343,98,1,0
9265,201,187,98,1,0
9266,201,251,98,1,0
9267,201,384,0,1,0
9268,201,96,0,1,0
9269,201,123,98,1,0
9270,201,324,7,1,0
9271,201,127,98,1,0
9272,201,328,0,1,0
9273,201,47,96,1,0
9274,201,263,98,1,0
9275,201,296,0,1,0
9276,201,329,86,1,0
9277,201,115,98,1,0
9278,201,220,3,1,0
9279,201,332,65,1,0
9280,203,206,0,1,0
9281,203,121,0,1,0
9282,203,106,0,1,0
9283,203,383,4,1,0
9284,203,21,0,1,0
9285,203,297,0,1,0
9286,203,255,4,1,0
9287,203,176,0,1,0
9288,203,353,0,1,0
9289,203,296,0,1,0
9290,203,172,0,1,0
9291,203,382,0,1,0
9292,203,130,0,1,0
9293,203,256,0,1,0
9294,203,156,0,1,0
9295,203,338,0,1,0
9296,203,342,0,1,0
9297,203,90,0,1,0
9298,203,26,0,1,0
9299,203,139,9,1,0
9300,203,272,0,1,0
9301,203,417,0,1,0
9302,203,140,0,1,0
9303,203,65,0,1,0
9304,203,138,0,1,0
9305,203,85,0,1,0
9306,203,117,0,1,0
9307,203,426,0,1,0
9308,203,178,0,1,0
9309,203,145,0,1,0
9310,203,261,0,1,0
9311,203,280,0,1,0
9312,203,69,0,1,0
9313,203,60,0,1,0
9314,203,61,0,1,0
9315,203,368,0,1,0
9316,203,55,99,1,0
9317,203,350,0,1,0
9318,203,271,0,1,0
9319,203,392,0,1,0
9320,204,257,0,1,0
9321,204,231,99,1,0
9322,204,431,92,1,0
9323,204,362,0,1,0
9324,204,438,0,1,0
9325,204,64,99,1,0
9326,204,103,4,1,0
9327,204,54,57,1,0
9328,204,196,0,1,0
9329,204,31,86,1,0
9330,204,164,99,1,0
9331,204,323,0,1,0
9332,204,361,0,1,0
9333,204,332,16,1,0
9334,204,294,0,1,0
9335,204,358,0,1,0
9336,204,352,0,1,0
9337,204,58,0,1,0
9338,204,249,0,1,0
9339,204,56,0,1,0
9340,204,307,99,1,0
9341,204,222,0,1,0
9342,204,149,0,1,0
9343,204,273,45,1,0
9344,204,156,0,1,0
9345,204,267,99,1,0
9346,204,275,6,1,0
9347,204,115,99,1,0
9348,204,241,0,1,0
9349,204,180,0,1,0
9350,204,170,0,1,0
9351,204,385,0,1,0
9352,204,80,0,1,0
9353,204,105,42,1,0
9354,204,296,0,1,0
9355,204,75,63,1,0
9356,204,140,0,1,0
9357,204,366,4,1,0
9358,204,407,99,1,0
9359,204,51,98,1,0
9360,205,392,0,1,0
9361,205,81,0,1,0
9362,205,35,15,1,0
9363,205,307,31,1,0
9364,205,180,0,1,0
9365,205,181,0,1,0
9366,205,21,0,1,0
9367,205,109,0,1,0
9368,205,350,0,1,0
9369,205,395,0,1,0
9370,205,155,13,1,0
9371,205,40,0,1,0
9372,205,153,0,1,0
9373,205,122,0,1,0
9374,205,59,26,1,0
9375,205,359,26,1,0
9376,205,237,0,1,0
9377,205,140,0,1,0
9378,205,124,0,1,0
9379,205,54,0,1,0
9380,205,143,0,1,0
9381,205,301,0,1,0
9382,205,215,26,1,0
9383,205,407,36,1,0
9384,205,160,0,1,0
9385,205,243,21,1,0
9386,205,167,27,1,0
9387,205,20,0,1,0
9388,205,119,37,1,0
9389,205,409,0,1,0
9390,205,178,0,1,0
9391,205,102,0,1,0
9392,205,154,0,1,0
9393,205,424,0,1,0
9394,205,436,0,1,0
9395,205,171,27,1,0
9396,205,316,0,1,0
9397,205,293,0,1,0
9398,205,190,0,1,0
9399,205,58,0,1,0
9400,206,336,99,1,0
9401,206,373,69,1,0
9402,206,232,3,1,0
9403,206,223,99,1,0
9404,206,419,99,1,0
9405,206,35,99,1,0
9406,206,264,43,1,0
9407,206,304,0,1,0
9408,206,282,99,1,0
9409,206,113,0,1,0
9410,206,34,99,1,0
9411,206,338,37,1,0
9412,206,274,8,1,0
9413,206,162,99,1,0
9414,206,302,99,1,0
9415,206,100,0,1,0
9416,206,197,8,1,0
9417,206,189,98,1,0
9418,206,299,99,1,0
9419,206,384,0,1,0
9420,206,298,7,1,0
9421,206,296,0,1,0
9422,206,401,8,1,0
9423,206,129,0,1,0
9424,206,121,2,1,0
9425,206,372,0,1,0
9426,206,222,77,1,0
9427,206,421,0,1,0
9428,206,267,99,1,0
9429,206,422,98,1,0
9430,206,272,0,1,0
9431,206,207,99,1,0
9432,206,268,3,1,0
9433,206,142,99,1,0
9434,206,172,54,1,0
9435,206,177,0,1,0
9436,206,40,45,1,0
9437,206,213,98,1,0
9438,206,45,0,1,0
9439,206,161,10,1,0
9440,208,170,0,1,0
9441,208,123,98,1,0
9442,208,336,98,1,0
9443,208,157,64,1,0
9444,208,253,3,1,0
9445,208,255,98,1,0
9446,208,317,73,1,0
9447,208,128,59,1,0
9448,208,314,3,1,0
9449,208,355,98,1,0
9450,208,84,0,1,0
9451,208,239,98,1,0
9452,208,286,98,1,0
9453,208,135,98,1,0
9454,208,192,3,1,0
9455,208,120,89,1,0
9456,208,294,0,1,0
9457,208,56,3,1,0
9458,208,185,0,1,0
9459,208,33,98,1,0
9460,208,136,3,1,0
9461,208,409,54,1,0
9462,208,285,2,1,0
9463,208,262,0,1,0
9464,208,29,59,1,0
9465,208,429,60,1,0
9466,208,229,0,1,0
9467,208,223,98,1,0
9468,208,435,98,1,0
9469,208,397,0,1,0
9470,208,40,3,1,0
9471,208,407,98,1,0
9472,208,362,0,1,0
9473,208,438,0,1,0
9474,208,188,98,1,0
9475,208,258,4,1,0
9476,208,156,67,1,0
9477,208,399,98,1,0
9478,208,79,98,1,0
9479,208,96,0,1,0
9480,209,278,0,1,0
9481,209,385,1,1,0
9482,209,108,0,1,0
9483,209,233,4,1,0
9484,209,323,0,1,0
9485,209,389,4,1,0
9486,209,376,0,1,0
9487,209,294,0,1,0
9488,209,110,99,1,0
9489,209,423,0,1,0
9490,209,168,13,1,0
9491,209,207,99,1,0
9492,209,56,3,1,0
9493,209,159,99,1,0
9494,209,116,0,1,0
9495,209,416,0,1,0
9496,209,395,99,1,0
9497,209,439,99,1,0
9498,209,373,0,1,0
9499,209,375,99,1,0
9500,209,244,8,1,0
9501,209,324,13,1,0
9502,209,381,2,1,0
9503,209,282,0,1,0
9504,209,196,0,1,0
9505,209,52,3,1,0
9506,209,120,0,1,0
9507,209,339,99,1,0
9508,209,58,0,1,0
9509,209,300,0,1,0
9510,209,154,0,1,0
9511,209,422,0,1,0
9512,209,211,87,1,0
9513,209,237,3,1,0
9514,209,295,99,1,0
9515,209,252,0,1,0
9516,209,342,0,1,0
9517,209,340,0,1,0
9518,209,193,0,1,0
9519,209,403,99,1,0
9520,210,128,3,1,0
9521,210,390,0,1,0
9522,210,313,13,1,0
9523,210,216,3,1,0
9524,210,123,99,1,0
9525,210,181,0,1,0
9526,210,342,0,1,0
9527,210,80,3,1,0
9528,210,23,99,1,0
9529,210,189,8,1,0
9530,210,130,4,1,0
9531,210,115,99,1,0
9532,210,306,0,1,0
9533,210,382,4,1,0
9534,210,111,99,1,0
9535,210,192,3,1,0
9536,210,308,4,1,0
9537,210,233,4,1,0
9538,210,124,3,1,0
9539,210,301,3,1,0
9540,210,27,99,1,0
9541,210,340,0,1,0
9542,210,45,0,1,0
9543,210,359,99,1,0
9544,210,401,4,1,0
9545,210,237,41,1,0
9546,210,197,4,1,0
9547,210,337,0,1,0
9548,210,110,99,1,0
9549,210,71,99,1,0
9550,210,279,99,1,0
9551,210,426,0,1,0
9552,210,372,0,1,0
9553,210,353,0,1,0
9554,210,26,4,1,0
9555,210,48,4,1,0
9556,210,35,99,1,0
9557,210,50,4,1,0
9558,210,25,0,1,0
9559,210,424,89,1,0
9560,211,207,26,1,0
9561,211,346,0,1,0
9562,211,224,0,1,0
9563,211,161,0,1,0
9564,211,130,0,1,0
9565,211,54,0,1,0
9566,211,79,97,1,0
9567,211,259,99,1,0
9568,211,154,0,1,0
9569,211,431,33,1,0
9570,211,69,0,1,0
9571,211,359,0,1,0
9572,211,258,0,1,0
9573,211,121,0,1,0
9574,211,278,0,1,0
9575,211,368,0,1,0
9576,211,83,2,1,0
9577,211,436,0,1,0
9578,211,285,0,1,0
9579,211,232,0,1,0
9580,211,398,0,1,0
9581,211,40,0,1,0
9582,211,51,55,1,0
9583,211,336,4,1,0
9584,211,374,0,1,0
9585,211,399,0,1,0
9586,211,437,4,1,0
9587,211,182,1,1,0
9588,211,167,99,1,0
9589,211,389,4,1,0
9590,211,159,99,1,0
9591,211,382,0,1,0
9592,211,185,0,1,0
9593,211,228,4,1,0
9594,211,77,0,1,0
9595,211,94,0,1,0
9596,211,176,0,1,0
9597,211,299,99,1,0
9598,211,246,0,1,0
9599,211,229,0,1,0
9600,213,113,0,1,0
9601,213,338,1,1,0
9602,213,179,99,1,0
9603,213,253,0,1,0
9604,213,195,99,1,0
9605,213,182,98,1,0
9606,213,188,1,1,0
9607,213,34,1,1,0
9608,213,221,0,1,0
9609,213,57,87,1,0
9610,213,436,3,1,0
9611,213,171,99,1,0
9612,213,314,4,1,0
9613,213,85,0,1,0
9614,213,187,99,1,0
9615,213,268,0,1,0
9616,213,135,99,1,0
9617,213,392,0,1,0
9618,213,193,1,1,0
9619,213,86,0,1,0
9620,213,422,4,1,0
9621,213,266,17,1,0
9622,213,205,0,1,0
9623,213,117,0,1,0
9624,213,118,6,1,0
9625,213,396,0,1,0
9626,213,382,0,1,0
9627,213,318,0,1,0
9628,213,285,38,1,0
9629,213,37,0,1,0
9630,213,93,1,1,0
9631,213,159,98,1,0
9632,213,375,13,1,0
9633,213,169,54,1,0
9634,213,333,0,1,0
9635,213,36,17,1,0
9636,213,426,0,1,0
9637,213,248,0,1,0
9638,213,254,0,1,0
9639,213,378,0,1,0
9640,214,327,99,1,0
9641,214,385,0,1,0
9642,214,320,0,1,0
9643,214,138,2,1,0
9644,214,180,0,1,0
9645,214,374,77,1,0
9646,214,130,0,1,0
9647,214,155,99,1,0
9648,214,338,0,1,0
9649,214,177,0,1,0
9650,214,332,99,1,0
9651,214,414,3,1,0
9652,214,200,0,1,0
9653,214,143,99,1,0
9654,214,76,0,1,0
9655,214,120,0,1,0
9656,214,45,0,1,0
9657,214,431,99,1,0
9658,214,420,0,1,0
9659,214,141,4,1,0
9660,214,243,99,1,0
9661,214,347,99,1,0
9662,214,393,0,1,0
9663,214,181,0,1,0
9664,214,318,0,1,0
9665,214,37,3,1,0
9666,214,131,99,1,0
9667,214,112,0,1,0
9668,214,23,99,1,0
9669,214,380,16,1,0
9670,214,373,37,1,0
9671,214,203,99,1,0
9672,214,183,99,1,0
9673,214,55,99,1,0
9674,214,302,99,1,0
9675,214,41,0,1,0
9676,214,397,0,1,0
9677,214,240,8,1,0
9678,214,295,95,1,0
9679,214,107,99,1,0
9680,215,127,99,1,0
9681,215,285,0,1,0
9682,215,377,3,1,0
9683,215,366,0,1,0
9684,215,150,0,1,0
9685,215,223,0,1,0
9686,215,346,0,1,0
9687,215,378,0,1,0
9688,215,44,0,1,0
9689,215,134,0,1,0
9690,215,167,98,1,0
9691,215,97,0,1,0
9692,215,289,0,1,0
9693,215,385,0,1,0
9694,215,84,0,1,0
9695,215,427,0,1,0
9696,215,189,0,1,0
9697,215,258,0,1,0
9698,215,348,0,1,0
9699,215,333,0,1,0
9700,215,191,99,1,0
9701,215,403,4,1,0
9702,215,420,0,1,0
9703,215,228,4,1,0
9704,215,370,0,1,0
9705,215,35,0,1,0
9706,215,430,0,1,0
9707,215,56,0,1,0
9708,215,350,0,1,0
9709,215,394,0,1,0
9710,215,239,53,1,0
9711,215,362,0,1,0
9712,215,88,0,1,0
9713,215,421,0,1,0
9714,215,396,0,1,0
9715,215,306,0,1,0
9716,215,300,0,1,0
9717,215,260,0,1,0
9718,215,184,0,1,0
9719,215,140,0,1,0
9720,216,115,98,1,0
9721,216,257,26,1,0
9722,216,176,0,1,0
9723,216,208,0,1,0
9724,216,399,85,1,0
9725,216,142,0,1,0
9726,216,371,98,1,0
9727,216,119,98,1,0
9728,216,348,72,1,0
9729,216,268,16,1,0
9730,216,60,77,1,0
9731,216,425,0,1,0
9732,216,56,0,1,0
9733,216,306,0,1,0
9734,216,343,98,1,0
9735,216,184,0,1,0
9736,216,238,0,1,0
9737,216,112,83,1,0
9738,216,168,16,1,0
9739,216,197,26,1,0
9740,216,172,32,1,0
9741,216,296,0,1,0
9742,216,213,17,1,0
9743,216,196,0,1,0
9744,216,328,24,1,0
9745,216,78,0,1,0
9746,216,58,0,1,0
9747,216,259,98,1,0
9748,216,232,0,1,0
9749,216,27,89,1,0
9750,216,391,98,1,0
9751,216,322,0,1,0
9752,216,390,0,1,0
9753,216,85,5,1,0
9754,216,227,98,1,0
9755,216,223,57,1,0
9756,216,295,98,1,0
9757,216,30,0,1,0
9758,216,416,0,1,0
9759,216,42,0,1,0
9760,218,56,3,1,0
9761,218,362,4,1,0
9762,218,385,99,1,0
9763,218,42,16,1,0
9764,218,260,98,1,0
9765,218,360,98,1,0
9766,218,317,2,1,0
9767,218,244,28,1,0
9768,218,190,3,1,0
9769,218,192,3,1,0
9770,218,330,0,1,0
9771,218,52,3,1,0
9772,218,212,0,1,0
9773,218,397,0,1,0
9774,218,272,0,1,0
9775,218,338,36,1,0
9776,218,171,99,1,0
9777,218,435,99,1,0
9778,218,307,99,1,0
9779,218,438,0,1,0
9780,218,316,3,1,0
9781,218,253,8,1,0
9782,218,100,0,1,0
9783,218,382,48,1,0
9784,218,356,0,1,0
9785,218,327,99,1,0
9786,218,419,99,1,0
9787,218,312,0,1,0
9788,218,256,0,1,0
9789,218,116,0,1,0
9790,218,262,0,1,0
9791,218,195,99,1,0
9792,218,76,29,1,0
9793,218,436,0,1,0
9794,218,209,99,1,0
9795,218,170,4,1,0
9796,218,144,0,1,0
9797,218,263,99,1,0
9798,218,313,8,1,0
9799,218,277,0,1,0
9800,219,351,2,1,0
9801,219,356,0,1,0
9802,219,233,4,1,0
9803,219,348,0,1,0
9804,219,359,0,1,0
9805,219,307,99,1,0
9806,219,407,99,1,0
9807,219,268,0,1,0
9808,219,197,0,1,0
9809,219,135,0,1,0
9810,219,36,4,1,0
9811,219,228,4,1,0
9812,219,94,0,1,0
9813,219,374,0,1,0
9814,219,65,0,1,0
9815,219,175,2,1,0
9816,219,79,99,1,0
9817,219,247,8,1,0
9818,219,323,0,1,0
9819,219,73,0,1,0
9820,219,246,0,1,0
9821,219,364,0,1,0
9822,219,313,2,1,0
9823,219,93,0,1,0
9824,219,245,0,1,0
9825,219,181,0,1,0
9826,219,318,0,1,0
9827,219,350,0,1,0
9828,219,304,4,1,0
9829,219,343,0,1,0
9830,219,342,0,1,0
9831,219,136,0,1,0
9832,219,63,11,1,0
9833,219,328,4,1,0
9834,219,329,3,1,0
9835,219,373,0,1,0
9836,219,158,0,1,0
9837,219,20,0,1,0
9838,219,220,0,1,0
9839,219,371,0,1,0
9840,220,263,99,1,0
9841,220,256,0,1,0
9842,220,49,3,1,0
9843,220,238,84,1,0
9844,220,175,99,1,0
9845,220,371,99,1,0
9846,220,413,0,1,0
9847,220,141,8,1,0
9848,220,110,99,1,0
9849,220,326,99,1,0
9850,220,245,99,1,0
9851,220,276,3,1,0
9852,220,41,0,1,0
9853,220,431,99,1,0
9854,220,132,0,1,0
9855,220,240,0,1,0
9856,220,234,95,1,0
9857,220,191,99,1,0
9858,220,193,0,1,0
9859,220,156,3,1,0
9860,220,437,7,1,0
9861,220,337,3,1,0
9862,220,109,3,1,0
9863,220,278,0,1,0
9864,220,177,0,1,0
9865,220,344,0,1,0
9866,220,50,0,1,0
9867,220,426,0,1,0
9868,220,39,99,1,0
9869,220,330,0,1,0
9870,220,205,3,1,0
9871,220,134,21,1,0
9872,220,394,94,1,0
9873,220,174,99,1,0
9874,220,357,0,1,0
9875,220,284,0,1,0
9876,220,34,94,1,0
9877,220,384,0,1,0
9878,220,36,4,1,0
9879,220,366,99,1,0
9880,222,30,4,1,0
9881,222,244,99,1,0
9882,222,245,4,1,0
9883,222,63,99,1,0
9884,222,121,0,1,0
9885,222,147,99,1,0
9886,222,404,0,1,0
9887,222,242,17,1,0
9888,222,33,15,1,0
9889,222,56,0,1,0
9890,222,386,4,1,0
9891,222,101,99,1,0
9892,222,260,7,1,0
9893,222,315,99,1,0
9894,222,79,99,1,0
9895,222,51,99,1,0
9896,222,220,22,1,0
9897,222,369,4,1,0
9898,222,388,8,1,0
9899,222,45,4,1,0
9900,222,169,2,1,0
9901,222,371,99,1,0
9902,222,99,99,1,0
9903,222,281,0,1,0
9904,222,87,99,1,0
9905,222,256,0,1,0
9906,222,181,0,1,0
9907,222,154,4,1,0
9908,222,340,0,1,0
9909,222,422,56,1,0
9910,222,132,0,1,0
9911,222,135,99,1,0
9912,222,133,0,1,0
9913,222,357,26,1,0
9914,222,134,7,1,0
9915,222,231,99,1,0
9916,222,382,4,1,0
9917,222,171,96,1,0
9918,222,211,99,1,0
9919,222,161,4,1,0
9920,223,308,4,1,0
9921,223,103,0,1,0
9922,223,213,3,1,0
9923,223,390,0,1,0
9924,223,130,0,1,0
9925,223,60,0,1,0
9926,223,163,99,1,0
9927,223,56,0,1,0
9928,223,406,0,1,0
9929,223,97,12,1,0
9930,223,328,4,1,0
9931,223,363,99,1,0
9932,223,329,4,1,0
9933,223,128,3,1,0
9934,223,87,99,1,0
9935,223,157,0,1,0
9936,223,364,0,1,0
9937,223,70,0,1,0
9938,223,403,99,1,0
9939,223,237,3,1,0
9940,223,88,0,1,0
9941,223,184,0,1,0
9942,223,360,0,1,0
9943,223,371,0,1,0
9944,223,24,0,1,0
9945,223,302,18,1,0
9946,223,198,21,1,0
9947,223,142,0,1,0
9948,223,92,3,1,0
9949,223,227,4,1,0
9950,223,368,3,1,0
9951,223,277,0,1,0
9952,223,414,3,1,0
9953,223,408,72,1,0
9954,223,81,3,1,0
9955,223,232,3,1,0
9956,223,342,0,1,0
9957,223,372,0,1,0
9958,223,170,0,1,0
9959,223,190,0,1,0
9960,224,94,0,1,0
9961,224,313,95,1,0
9962,224,329,0,1,0
9963,224,274,0,1,0
9964,224,56,0,1,0
9965,224,316,0,1,0
9966,224,396,0,1,0
9967,224,404,76,1,0
9968,224,80,0,1,0
9969,224,395,92,1,0
9970,224,349,0,1,0
9971,224,54,99,1,0
9972,224,145,0,1,0
9973,224,111,98,1,0
9974,224,403,98,1,0
9975,224,251,99,1,0
9976,224,33,0,1,0
9977,224,49,0,1,0
9978,224,101,98,1,0
9979,224,330,99,1,0
9980,224,148,0,1,0
9981,224,75,98,1,0
9982,224,240,98,1,0
9983,224,245,0,1,0
9984,224,45,0,1,0
9985,224,310,0,1,0
9986,224,175,99,1,0
9987,224,436,3,1,0
9988,224,159,98,1,0
9989,224,120,94,1,0
9990,224,60,69,1,0
9991,224,263,98,1,0
9992,224,100,64,1,0
9993,224,199,99,1,0
9994,224,259,98,1,0
9995,224,307,99,1,0
9996,224,277,0,1,0
9997,224,76,0,1,0
9998,224,350,0,1,0
9999,224,114,0,1,0
10000,225,235,99,1,0
10001,225,52,5,1,0
10002,225,25,0,1,0
10003,225,328,99,1,0
10004,225,320,0,1,0
10005,225,275,90,1,0
10006,225,55,99,1,0
10007,225,282,99,1,0
10008,225,345,4,1,0
10009,225,383,99,1,0
10010,225,60,0,1,0
10011,225,220,51,1,0
10012,225,129,0,1,0
10013,225,234,4,1,0
10014,225,198,99,1,0
10015,225,438,4,1,0
10016,225,317,4,1,0
10017,225,373,0,1,0
10018,225,248,0,1,0
10019,225,381,4,1,0
10020,225,48,4,1,0
10021,225,380,99,1,0
10022,225,143,99,1,0
10023,225,111,99,1,0
10024,225,83,99,1,0
10025,225,31,99,1,0
10026,225,170,4,1,0
10027,225,430,4,1,0
10028,225,313,40,1,0
10029,225,310,4,1,0
10030,225,291,97,1,0
10031,225,244,97,1,0
10032,225,53,60,1,0
10033,225,69,4,1,0
10034,225,197,4,1,0
10035,225,301,0,1,0
10036,225,40,0,1,0
10037,225,306,4,1,0
10038,225,325,0,1,0
10039,225,81,3,1,0
10040,227,177,0,1,0
10041,227,288,0,1,0
10042,227,238,0,1,0
10043,227,185,0,1,0
10044,227,279,99,1,0
10045,227,286,0,1,0
10046,227,45,0,1,0
10047,227,79,99,1,0
10048,227,299,99,1,0
10049,227,103,0,1,0
10050,227,302,0,1,0
10051,227,29,0,1,0
10052,227,276,0,1,0
10053,227,155,99,1,0
10054,227,105,0,1,0
10055,227,26,0,1,0
10056,227,338,0,1,0
10057,227,301,3,1,0
10058,227,278,0,1,0
10059,227,434,0,1,0
10060,227,145,0,1,0
10061,227,347,2,1,0
10062,227,433,4,1,0
10063,227,344,0,1,0
10064,227,34,0,1,0
10065,227,257,3,1,0
10066,227,361,0,1,0
10067,227,153,0,1,0
10068,227,383,99,1,0
10069,227,427,92,1,0
10070,227,426,0,1,0
10071,227,412,0,1,0
10072,227,419,8,1,0
10073,227,398,0,1,0
10074,227,30,0,1,0
10075,227,375,0,1,0
10076,227,395,99,1,0
10077,227,215,66,1,0
10078,227,308,4,1,0
10079,227,275,2,1,0
10080,228,350,0,1,0
10081,228,166,0,1,0
10082,228,403,76,1,0
10083,228,172,0,1,0
10084,228,183,69,1,0
10085,228,295,71,1,0
10086,228,249,0,1,0
10087,228,126,2,1,0
10088,228,434,0,1,0
10089,228,167,71,1,0
10090,228,170,0,1,0
10091,228,57,0,1,0
10092,228,418,0,1,0
10093,228,146,1,1,0
10094,228,264,0,1,0
10095,228,29,0,1,0
10096,228,208,0,1,0
10097,228,230,0,1,0
10098,228,156,0,1,0
10099,228,232,0,1,0
10100,228,366,0,1,0
10101,228,87,81,1,0
10102,228,45,0,1,0
10103,228,400,0,1,0
10104,228,399,60,1,0
10105,228,385,0,1,0
10106,228,377,0,1,0
10107,228,71,70,1,0
10108,228,320,0,1,0
10109,228,414,0,1,0
10110,228,324,0,1,0
10111,228,109,0,1,0
10112,228,128,0,1,0
10113,228,257,0,1,0
10114,228,405,0,1,0
10115,228,262,0,1,0
10116,228,260,78,1,0
10117,228,415,75,1,0
10118,228,226,0,1,0
10119,228,42,0,1,0
10120,229,310,0,1,0
10121,229,28,0,1,0
10122,229,277,0,1,0
10123,229,138,0,1,0
10124,229,374,13,1,0
10125,229,134,4,1,0
10126,229,286,0,1,0
10127,229,133,0,1,0
10128,229,70,0,1,0
10129,229,72,0,1,0
10130,229,124,0,1,0
10131,229,87,0,1,0
10132,229,361,0,1,0
10133,229,119,0,1,0
10134,229,89,0,1,0
10135,229,66,0,1,0
10136,229,82,0,1,0
10137,229,102,13,1,0
10138,229,83,18,1,0
10139,229,50,0,1,0
10140,229,263,3,1,0
10141,229,273,0,1,0
10142,229,385,0,1,0
10143,229,391,3,1,0
10144,229,369,8,1,0
10145,229,368,0,1,0
10146,229,78,0,1,0
10147,229,356,0,1,0
10148,229,433,0,1,0
10149,229,150,3,1,0
10150,229,347,0,1,0
10151,229,258,0,1,0
10152,229,96,0,1,0
10153,229,162,0,1,0
10154,229,305,0,1,0
10155,229,394,0,1,0
10156,229,25,0,1,0
10157,229,181,0,1,0
10158,229,123,3,1,0
10159,229,80,0,1,0
10160,230,297,26,1,0
10161,230,261,0,1,0
10162,230,142,99,1,0
10163,230,53,0,1,0
10164,230,394,99,1,0
10165,230,272,0,1,0
10166,230,401,24,1,0
10167,230,65,86,1,0
10168,230,231,99,1,0
10169,230,156,48,1,0
10170,230,29,39,1,0
10171,230,356,0,1,0
10172,230,247,99,1,0
10173,230,107,99,1,0
10174,230,40,0,1,0
10175,230,116,0,1,0
10176,230,408,90,1,0
10177,230,48,99,1,0
10178,230,252,0,1,0
10179,230,438,3,1,0
10180,230,420,99,1,0
10181,230,170,89,1,0
10182,230,111,99,1,0
10183,230,205,11,1,0
10184,230,293,92,1,0
10185,230,380,4,1,0
10186,230,115,99,1,0
10187,230,437,0,1,0
10188,230,108,0,1,0
10189,230,25,97,1,0
10190,230,143,99,1,0
10191,230,47,99,1,0
10192,230,241,0,1,0
10193,230,194,0,1,0
10194,230,219,99,1,0
10195,230,96,0,1,0
10196,230,385,92,1,0
10197,230,339,99,1,0
10198,230,283,99,1,0
10199,230,281,1,1,0
10200,232,395,98,1,0
10201,232,131,98,1,0
10202,232,199,99,1,0
10203,232,366,99,1,0
10204,232,57,83,1,0
10205,232,335,92,1,0
10206,232,112,1,1,0
10207,232,276,0,1,0
10208,232,43,99,1,0
10209,232,109,98,1,0
10210,232,33,0,1,0
10211,232,275,98,1,0
10212,232,344,0,1,0
10213,232,432,0,1,0
10214,232,313,99,1,0
10215,232,257,0,1,0
10216,232,297,98,1,0
10217,232,295,91,1,0
10218,232,271,98,1,0
10219,232,246,32,1,0
10220,232,420,79,1,0
10221,232,68,0,1,0
10222,232,434,0,1,0
10223,232,48,0,1,0
10224,232,72,0,1,0
10225,232,439,98,1,0
10226,232,40,98,1,0
10227,232,283,98,1,0
10228,232,79,98,1,0
10229,232,261,98,1,0
10230,232,71,98,1,0
10231,232,110,99,1,0
10232,232,42,99,1,0
10233,232,192,98,1,0
10234,232,183,98,1,0
10235,232,37,98,1,0
10236,232,301,0,1,0
10237,232,254,22,1,0
10238,232,414,98,1,0
10239,232,210,92,1,0
10240,233,125,10,1,0
10241,233,297,1,1,0
10242,233,83,92,1,0
10243,233,158,0,1,0
10244,233,302,6,1,0
10245,233,409,0,1,0
10246,233,208,0,1,0
10247,233,169,0,1,0
10248,233,157,0,1,0
10249,233,331,91,1,0
10250,233,426,0,1,0
10251,233,118,12,1,0
10252,233,415,92,1,0
10253,233,86,0,1,0
10254,233,393,0,1,0
10255,233,187,92,1,0
10256,233,291,92,1,0
10257,233,88,0,1,0
10258,233,232,0,1,0
10259,233,142,0,1,0
10260,233,22,0,1,0
10261,233,350,0,1,0
10262,233,383,92,1,0
10263,233,71,92,1,0
10264,233,357,0,1,0
10265,233,268,0,1,0
10266,233,81,0,1,0
10267,233,94,9,1,0
10268,233,85,0,1,0
10269,233,404,0,1,0
10270,233,430,12,1,0
10271,233,149,0,1,0
10272,233,212,0,1,0
10273,233,395,92,1,0
10274,233,289,0,1,0
10275,233,191,99,1,0
10276,233,293,0,1,0
10277,233,245,0,1,0
10278,233,109,0,1,0
10279,233,225,1,1,0
10280,234,383,99,1,0
10281,234,354,99,1,0
10282,234,43,99,1,0
10283,234,205,0,1,0
10284,234,151,99,1,0
10285,234,373,35,1,0
10286,234,85,0,1,0
10287,234,299,99,1,0
10288,234,215,99,1,0
10289,234,220,0,1,0
10290,234,60,98,1,0
10291,234,115,99,1,0
10292,234,386,8,1,0
10293,234,101,99,1,0
10294,234,412,0,1,0
10295,234,76,24,1,0
10296,234,392,0,1,0
10297,234,190,3,1,0
10298,234,106,0,1,0
10299,234,395,99,1,0
10300,234,49,23,1,0
10301,234,297,98,1,0
10302,234,296,0,1,0
10303,234,357,0,1,0
10304,234,425,99,1,0
10305,234,140,99,1,0
10306,234,146,0,1,0
10307,234,331,99,1,0
10308,234,322,70,1,0
10309,234,54,1,1,0
10310,234,36,2,1,0
10311,234,154,99,1,0
10312,234,396,0,1,0
10313,234,38,99,1,0
10314,234,202,0,1,0
10315,234,222,24,1,0
10316,234,333,99,1,0
10317,234,415,99,1,0
10318,234,245,0,1,0
10319,234,340,0,1,0
10320,235,24,0,1,0
10321,235,173,0,1,0
10322,235,434,0,1,0
10323,235,360,0,1,0
10324,235,341,0,1,0
10325,235,395,97,1,0
10326,235,250,0,1,0
10327,235,320,0,1,0
10328,235,366,0,1,0
10329,235,149,0,1,0
10330,235,246,0,1,0
10331,235,90,0,1,0
10332,235,259,99,1,0
10333,235,116,0,1,0
10334,235,270,0,1,0
10335,235,317,0,1,0
10336,235,318,0,1,0
10337,235,433,4,1,0
10338,235,64,0,1,0
10339,235,190,0,1,0
10340,235,110,99,1,0
10341,235,33,0,1,0
10342,235,157,0,1,0
10343,235,171,99,1,0
10344,235,48,0,1,0
10345,235,129,0,1,0
10346,235,108,0,1,0
10347,235,251,0,1,0
10348,235,94,0,1,0
10349,235,189,0,1,0
10350,235,288,0,1,0
10351,235,330,0,1,0
10352,235,217,0,1,0
10353,235,373,0,1,0
10354,235,146,0,1,0
10355,235,339,0,1,0
10356,235,408,0,1,0
10357,235,429,0,1,0
10358,235,241,0,1,0
10359,235,99,0,1,0
10360,237,283,4,1,0
10361,237,397,0,1,0
10362,237,382,4,1,0
10363,237,128,0,1,0
10364,237,177,0,1,0
10365,237,63,91,1,0
10366,237,113,4,1,0
10367,237,365,0,1,0
10368,237,335,50,1,0
10369,237,415,71,1,0
10370,237,427,86,1,0
10371,237,146,9,1,0
10372,237,267,98,1,0
10373,237,380,4,1,0
10374,237,229,0,1,0
10375,237,180,0,1,0
10376,237,378,4,1,0
10377,237,221,0,1,0
10378,237,233,73,1,0
10379,237,72,0,1,0
10380,237,215,91,1,0
10381,237,297,0,1,0
10382,237,294,5,1,0
10383,237,405,0,1,0
10384,237,390,4,1,0
10385,237,247,66,1,0
10386,237,91,91,1,0
10387,237,208,0,1,0
10388,237,339,98,1,0
10389,237,372,0,1,0
10390,237,316,0,1,0
10391,237,383,91,1,0
10392,237,64,0,1,0
10393,237,226,4,1,0
10394,237,292,0,1,0
10395,237,352,0,1,0
10396,237,94,4,1,0
10397,237,89,4,1,0
10398,237,416,0,1,0
10399,237,141,45,1,0
10400,238,246,0,1,0
10401,238,298,6,1,0
10402,238,271,99,1,0
10403,238,105,0,1,0
10404,238,220,0,1,0
10405,238,180,0,1,0
10406,238,192,3,1,0
10407,238,411,99,1,0
10408,238,412,0,1,0
10409,238,373,0,1,0
10410,238,300,3,1,0
10411,238,313,0,1,0
10412,238,197,82,1,0
10413,238,346,3,1,0
10414,238,215,99,1,0
10415,238,168,7,1,0
10416,238,368,3,1,0
10417,238,413,0,1,0
10418,238,63,99,1,0
10419,238,312,0,1,0
10420,238,424,89,1,0
10421,238,266,99,1,0
10422,238,331,99,1,0
10423,238,386,17,1,0
10424,238,66,0,1,0
10425,238,323,99,1,0
10426,238,200,99,1,0
10427,238,414,3,1,0
10428,238,269,0,1,0
10429,238,77,99,1,0
10430,238,134,16,1,0
10431,238,147,99,1,0
10432,238,153,4,1,0
10433,238,80,3,1,0
10434,238,333,92,1,0
10435,238,296,0,1,0
10436,238,172,22,1,0
10437,238,47,99,1,0
10438,238,248,0,1,0
10439,238,82,7,1,0
10440,239,342,0,1,0
10441,239,366,0,1,0
10442,239,63,2,1,0
10443,239,319,99,1,0
10444,239,228,4,1,0
10445,239,258,0,1,0
10446,239,61,0,1,0
10447,239,339,3,1,0
10448,239,26,0,1,0
10449,239,56,0,1,0
10450,239,173,0,1,0
10451,239,275,0,1,0
10452,239,91,0,1,0
10453,239,90,0,1,0
10454,239,123,0,1,0
10455,239,155,18,1,0
10456,239,82,0,1,0
10457,239,255,28,1,0
10458,239,418,0,1,0
10459,239,290,0,1,0
10460,239,172,0,1,0
10461,239,36,4,1,0
10462,239,388,0,1,0
10463,239,369,0,1,0
10464,239,167,12,1,0
10465,239,177,0,1,0
10466,239,276,0,1,0
10467,239,86,0,1,0
10468,239,69,0,1,0
10469,239,330,0,1,0
10470,239,59,0,1,0
10471,239,411,13,1,0
10472,239,142,0,1,0
10473,239,149,0,1,0
10474,239,213,3,1,0
10475,239,264,0,1,0
10476,239,240,3,1,0
10477,239,246,0,1,0
10478,239,46,2,1,0
10479,239,73,0,1,0
10480,241,85,0,1,0
10481,241,157,0,1,0
10482,241,312,0,1,0
10483,241,158,0,1,0
10484,241,135,0,1,0
10485,241,125,0,1,0
10486,241,92,0,1,0
10487,241,367,0,1,0
10488,241,330,0,1,0
10489,241,436,0,1,0
10490,241,32,0,1,0
10491,241,418,0,1,0
10492,241,414,0,1,0
10493,241,213,0,1,0
10494,241,174,0,1,0
10495,241,25,0,1,0
10496,241,430,0,1,0
10497,241,250,0,1,0
10498,241,268,0,1,0
10499,241,74,0,1,0
10500,241,377,0,1,0
10501,241,301,0,1,0
10502,241,335,0,1,0
10503,241,211,0,1,0
10504,241,319,0,1,0
10505,241,175,0,1,0
10506,241,29,0,1,0
10507,241,390,0,1,0
10508,241,142,0,1,0
10509,241,78,0,1,0
10510,241,54,0,1,0
10511,241,366,0,1,0
10512,241,286,0,1,0
10513,241,432,0,1,0
10514,241,36,0,1,0
10515,241,121,0,1,0
10516,241,277,0,1,0
10517,241,173,0,1,0
10518,241,266,0,1,0
10519,241,435,0,1,0
10520,242,91,99,1,0
10521,242,111,99,1,0
10522,242,160,0,1,0
10523,242,367,99,1,0
10524,242,293,0,1,0
10525,242,397,2,1,0
10526,242,173,12,1,0
10527,242,254,1,1,0
10528,242,436,1,1,0
10529,242,437,4,1,0
10530,242,189,7,1,0
10531,242,37,9,1,0
10532,242,52,9,1,0
10533,242,184,0,1,0
10534,242,136,60,1,0
10535,242,223,99,1,0
10536,242,349,30,1,0
10537,242,117,98,1,0
10538,242,202,0,1,0
10539,242,85,0,1,0
10540,242,158,46,1,0
10541,242,288,19,1,0
10542,242,124,3,1,0
10543,242,196,0,1,0
10544,242,384,0,1,0
10545,242,206,4,1,0
10546,242,407,99,1,0
10547,242,268,26,1,0
10548,242,291,99,1,0
10549,242,327,99,1,0
10550,242,435,99,1,0
10551,242,38,9,1,0
10552,242,29,25,1,0
10553,242,396,0,1,0
10554,242,159,99,1,0
10555,242,225,6,1,0
10556,242,264,4,1,0
10557,242,359,99,1,0
10558,242,219,99,1,0
10559,242,72,0,1,0
10560,243,263,27,1,0
10561,243,332,9,1,0
10562,243,355,0,1,0
10563,243,378,0,1,0
10564,243,290,0,1,0
10565,243,407,92,1,0
10566,243,43,87,1,0
10567,243,192,0,1,0
10568,243,156,0,1,0
10569,243,282,0,1,0
10570,243,203,93,1,0
10571,243,301,0,1,0
10572,243,22,3,1,0
10573,243,225,0,1,0
10574,243,428,0,1,0
10575,243,207,1,1,0
10576,243,363,99,1,0
10577,243,27,0,1,0
10578,243,394,0,1,0
10579,243,357,0,1,0
10580,243,347,75,1,0
10581,243,129,4,1,0
10582,243,289,0,1,0
10583,243,312,3,1,0
10584,243,171,99,1,0
10585,243,24,0,1,0
10586,243,135,2,1,0
10587,243,119,0,1,0
10588,243,146,0,1,0
10589,243,380,0,1,0
10590,243,221,0,1,0
10591,243,374,0,1,0
10592,243,65,0,1,0
10593,243,326,0,1,0
10594,243,382,0,1,0
10595,243,278,0,1,0
10596,243,85,0,1,0
10597,243,186,0,1,0
10598,243,310,0,1,0
10599,243,197,0,1,0
10600,244,190,0,1,0
10601,244,273,4,1,0
10602,244,343,33,1,0
10603,244,430,0,1,0
10604,244,43,93,1,0
10605,244,101,99,1,0
10606,244,395,97,1,0
10607,244,215,92,1,0
10608,244,280,0,1,0
10609,244,293,0,1,0
10610,244,103,52,1,0
10611,244,68,0,1,0
10612,244,362,0,1,0
10613,244,110,99,1,0
10614,244,275,0,1,0
10615,244,385,0,1,0
10616,244,186,0,1,0
10617,244,174,0,1,0
10618,244,264,0,1,0
10619,244,30,0,1,0
10620,244,344,0,1,0
10621,244,337,0,1,0
10622,244,136,0,1,0
10623,244,137,0,1,0
10624,244,114,0,1,0
10625,244,271,40,1,0
10626,244,327,99,1,0
10627,244,120,0,1,0
10628,244,81,3,1,0
10629,244,246,0,1,0
10630,244,265,98,1,0
10631,244,23,7,1,0
10632,244,348,30,1,0
10633,244,425,0,1,0
10634,244,172,0,1,0
10635,244,278,0,1,0
10636,244,201,0,1,0
10637,244,58,0,1,0
10638,244,339,99,1,0
10639,244,89,0,1,0
10640,246,295,97,1,0
10641,246,224,98,1,0
10642,246,296,0,1,0
10643,246,294,46,1,0
10644,246,92,98,1,0
10645,246,149,0,1,0
10646,246,250,99,1,0
10647,246,369,79,1,0
10648,246,26,25,1,0
10649,246,421,0,1,0
10650,246,129,93,1,0
10651,246,49,0,1,0
10652,246,85,0,1,0
10653,246,240,17,1,0
10654,246,192,98,1,0
10655,246,288,8,1,0
10656,246,372,0,1,0
10657,246,258,99,1,0
10658,246,182,98,1,0
10659,246,280,92,1,0
10660,246,270,70,1,0
10661,246,217,4,1,0
10662,246,145,4,1,0
10663,246,393,40,1,0
10664,246,207,99,1,0
10665,246,290,16,1,0
10666,246,366,99,1,0
10667,246,285,0,1,0
10668,246,174,4,1,0
10669,246,37,98,1,0
10670,246,87,99,1,0
10671,246,299,99,1,0
10672,246,323,95,1,0
10673,246,252,0,1,0
10674,246,390,97,1,0
10675,246,155,99,1,0
10676,246,287,99,1,0
10677,246,269,38,1,0
10678,246,345,37,1,0
10679,246,284,4,1,0
10680,247,360,3,1,0
10681,247,316,0,1,0
10682,247,370,0,1,0
10683,247,194,0,1,0
10684,247,132,0,1,0
10685,247,342,0,1,0
10686,247,425,0,1,0
10687,247,102,0,1,0
10688,247,76,0,1,0
10689,247,178,0,1,0
10690,247,388,0,1,0
10691,247,149,0,1,0
10692,247,409,0,1,0
10693,247,107,0,1,0
10694,247,326,0,1,0
10695,247,171,99,1,0
10696,247,267,93,1,0
10697,247,75,0,1,0
10698,247,122,0,1,0
10699,247,263,30,1,0
10700,247,58,0,1,0
10701,247,234,0,1,0
10702,247,123,0,1,0
10703,247,192,0,1,0
10704,247,96,0,1,0
10705,247,227,0,1,0
10706,247,420,0,1,0
10707,247,352,3,1,0
10708,247,266,0,1,0
10709,247,38,0,1,0
10710,247,283,0,1,0
10711,247,40,0,1,0
10712,247,303,0,1,0
10713,247,63,0,1,0
10714,247,337,0,1,0
10715,247,391,99,1,0
10716,247,51,92,1,0
10717,247,24,0,1,0
10718,247,128,3,1,0
10719,247,435,34,1,0
10720,248,55,0,1,0
10721,248,127,0,1,0
10722,248,95,0,1,0
10723,248,204,0,1,0
10724,248,384,0,1,0
10725,248,133,0,1,0
10726,248,406,0,1,0
10727,248,374,0,1,0
10728,248,167,0,1,0
10729,248,309,0,1,0
10730,248,409,0,1,0
10731,248,202,0,1,0
10732,248,85,0,1,0
10733,248,358,0,1,0
10734,248,435,0,1,0
10735,248,81,0,1,0
10736,248,394,0,1,0
10737,248,299,0,1,0
10738,248,113,0,1,0
10739,248,159,0,1,0
10740,248,357,0,1,0
10741,248,130,0,1,0
10742,248,123,0,1,0
10743,248,416,0,1,0
10744,248,395,0,1,0
10745,248,48,0,1,0
10746,248,207,0,1,0
10747,248,112,0,1,0
10748,248,420,0,1,0
10749,248,298,0,1,0
10750,248,316,0,1,0
10751,248,368,0,1,0
10752,248,44,0,1,0
10753,248,170,0,1,0
10754,248,211,0,1,0
10755,248,110,0,1,0
10756,248,115,0,1,0
10757,248,131,0,1,0
10758,248,71,0,1,0
10759,248,21,0,1,0
10760,249,165,0,1,0
10761,249,295,4,1,0
10762,249,303,4,1,0
10763,249,116,0,1,0
10764,249,42,0,1,0
10765,249,381,0,1,0
10766,249,91,10,1,0
10767,249,333,0,1,0
10768,249,34,0,1,0
10769,249,229,0,1,0
10770,249,313,0,1,0
10771,249,177,0,1,0
10772,249,316,0,1,0
10773,249,205,0,1,0
10774,249,220,0,1,0
10775,249,87,4,1,0
10776,249,206,0,1,0
10777,249,30,0,1,0
10778,249,412,0,1,0
10779,249,21,0,1,0
10780,249,142,0,1,0
10781,249,194,0,1,0
10782,249,128,0,1,0
10783,249,236,0,1,0
10784,249,173,0,1,0
10785,249,83,9,1,0
10786,249,243,4,1,0
10787,249,144,0,1,0
10788,249,48,0,1,0
10789,249,224,0,1,0
10790,249,355,9,1,0
10791,249,345,10,1,0
10792,249,43,4,1,0
10793,249,403,4,1,0
10794,249,241,5,1,0
10795,249,127,4,1,0
10796,249,315,4,1,0
10797,249,329,0,1,0
10798,249,337,0,1,0
10799,249,207,14,1,0
10800,251,424,0,1,0
10801,251,187,99,1,0
10802,251,303,0,1,0
10803,251,142,0,1,0
10804,251,25,0,1,0
10805,251,169,0,1,0
10806,251,171,99,1,0
10807,251,70,0,1,0
10808,251,359,4,1,0
10809,251,144,0,1,0
10810,251,382,0,1,0
10811,251,87,4,1,0
10812,251,324,0,1,0
10813,251,182,0,1,0
10814,251,113,0,1,0
10815,251,369,0,1,0
10816,251,436,0,1,0
10817,251,412,0,1,0
10818,251,334,0,1,0
10819,251,349,0,1,0
10820,251,149,0,1,0
10821,251,32,0,1,0
10822,251,402,0,1,0
10823,251,401,0,1,0
10824,251,150,0,1,0
10825,251,264,0,1,0
10826,251,192,0,1,0
10827,251,283,0,1,0
10828,251,404,0,1,0
10829,251,35,0,1,0
10830,251,237,0,1,0
10831,251,301,0,1,0
10832,251,234,0,1,0
10833,251,200,0,1,0
10834,251,180,0,1,0
10835,251,89,0,1,0
10836,251,64,0,1,0
10837,251,178,0,1,0
10838,251,165,0,1,0
10839,251,223,0,1,0
10840,252,168,0,1,0
10841,252,412,0,1,0
10842,252,267,0,1,0
10843,252,72,0,1,0
10844,252,139,0,1,0
10845,252,98,0,1,0
10846,252,203,0,1,0
10847,252,318,0,1,0
10848,252,20,0,1,0
10849,252,226,4,1,0
10850,252,325,0,1,0
10851,252,345,0,1,0
10852,252,55,0,1,0
10853,252,310,0,1,0
10854,252,376,0,1,0
10855,252,398,4,1,0
10856,252,378,0,1,0
10857,252,222,0,1,0
10858,252,124,0,1,0
10859,252,167,0,1,0
10860,252,48,0,1,0
10861,252,290,0,1,0
10862,252,374,9,1,0
10863,252,114,0,1,0
10864,252,300,0,1,0
10865,252,26,0,1,0
10866,252,256,0,1,0
10867,252,364,0,1,0
10868,252,330,0,1,0
10869,252,147,0,1,0
10870,252,406,0,1,0
10871,252,102,0,1,0
10872,252,408,0,1,0
10873,252,350,5,1,0
10874,252,106,0,1,0
10875,252,46,0,1,0
10876,252,415,0,1,0
10877,252,63,0,1,0
10878,252,245,0,1,0
10879,252,97,0,1,0
10880,253,206,0,1,0
10881,253,141,4,1,0
10882,253,331,99,1,0
10883,253,411,99,1,0
10884,253,288,8,1,0
10885,253,377,98,1,0
10886,253,370,21,1,0
10887,253,54,93,1,0
10888,253,305,41,1,0
10889,253,105,72,1,0
10890,253,415,99,1,0
10891,253,77,95,1,0
10892,253,135,99,1,0
10893,253,424,95,1,0
10894,253,123,99,1,0
10895,253,89,0,1,0
10896,253,364,49,1,0
10897,253,55,99,1,0
10898,253,230,0,1,0
10899,253,134,0,1,0
10900,253,366,99,1,0
10901,253,328,99,1,0
10902,253,62,0,1,0
10903,253,412,0,1,0
10904,253,24,0,1,0
10905,253,166,71,1,0
10906,253,284,0,1,0
10907,253,28,58,1,0
10908,253,93,4,1,0
10909,253,168,0,1,0
10910,253,207,99,1,0
10911,253,267,99,1,0
10912,253,239,99,1,0
10913,253,36,60,1,0
10914,253,79,99,1,0
10915,253,194,38,1,0
10916,253,82,99,1,0
10917,253,48,4,1,0
10918,253,386,4,1,0
10919,253,330,93,1,0
10920,254,416,0,1,0
10921,254,438,4,1,0
10922,254,228,51,1,0
10923,254,78,99,1,0
10924,254,326,8,1,0
10925,254,23,99,1,0
10926,254,87,99,1,0
10927,254,76,0,1,0
10928,254,368,96,1,0
10929,254,230,4,1,0
10930,254,159,99,1,0
10931,254,257,98,1,0
10932,254,297,98,1,0
10933,254,214,99,1,0
10934,254,104,0,1,0
10935,254,421,4,1,0
10936,254,141,43,1,0
10937,254,73,4,1,0
10938,254,118,5,1,0
10939,254,198,99,1,0
10940,254,435,99,1,0
10941,254,92,98,1,0
10942,254,20,0,1,0
10943,254,127,99,1,0
10944,254,393,8,1,0
10945,254,260,4,1,0
10946,254,324,0,1,0
10947,254,90,4,1,0
10948,254,238,4,1,0
10949,254,371,99,1,0
10950,254,204,98,1,0
10951,254,241,0,1,0
10952,254,27,99,1,0
10953,254,262,0,1,0
10954,254,430,60,1,0
10955,254,360,37,1,0
10956,254,424,89,1,0
10957,254,361,99,1,0
10958,254,398,99,1,0
10959,254,247,99,1,0
10960,256,434,0,1,0
10961,256,324,0,1,0
10962,256,101,0,1,0
10963,256,102,8,1,0
10964,256,235,0,1,0
10965,256,115,3,1,0
10966,256,29,0,1,0
10967,256,276,0,1,0
10968,256,105,0,1,0
10969,256,338,0,1,0
10970,256,229,0,1,0
10971,256,180,0,1,0
10972,256,323,3,1,0
10973,256,170,0,1,0
10974,256,25,0,1,0
10975,256,274,0,1,0
10976,256,91,3,1,0
10977,256,104,0,1,0
10978,256,176,0,1,0
10979,256,308,0,1,0
10980,256,132,0,1,0
10981,256,383,13,1,0
10982,256,114,3,1,0
10983,256,75,0,1,0
10984,256,96,0,1,0
10985,256,268,0,1,0
10986,256,287,0,1,0
10987,256,185,0,1,0
10988,256,318,0,1,0
10989,256,73,0,1,0
10990,256,251,0,1,0
10991,256,381,0,1,0
10992,256,234,0,1,0
10993,256,147,0,1,0
10994,256,351,4,1,0
10995,256,157,0,1,0
10996,256,282,0,1,0
10997,256,346,0,1,0
10998,256,392,0,1,0
10999,256,92,0,1,0
11000,257,41,69,1,0
11001,257,435,98,1,0
11002,257,260,0,1,0
11003,257,79,98,1,0
11004,257,136,0,1,0
11005,257,394,0,1,0
11006,257,374,98,1,0
11007,257,300,0,1,0
11008,257,20,0,1,0
11009,257,380,99,1,0
11010,257,416,0,1,0
11011,257,246,98,1,0
11012,257,425,0,1,0
11013,257,341,0,1,0
11014,257,200,0,1,0
11015,257,410,10,1,0
11016,257,114,0,1,0
11017,257,429,69,1,0
11018,257,61,8,1,0
11019,257,181,0,1,0
11020,257,254,0,1,0
11021,257,405,79,1,0
11022,257,134,1,1,0
11023,257,40,98,1,0
11024,257,196,0,1,0
11025,257,283,98,1,0
11026,257,420,94,1,0
11027,257,287,99,1,0
11028,257,308,74,1,0
11029,257,250,98,1,0
11030,257,384,0,1,0
11031,257,329,98,1,0
11032,257,289,0,1,0
11033,257,102,91,1,0
11034,257,186,98,1,0
11035,257,217,0,1,0
11036,257,197,0,1,0
11037,257,407,99,1,0
11038,257,336,99,1,0
11039,257,359,98,1,0
11040,258,124,0,1,0
11041,258,25,97,1,0
11042,258,180,0,1,0
11043,258,270,87,1,0
11044,258,168,0,1,0
11045,258,287,99,1,0
11046,258,405,86,1,0
11047,258,268,0,1,0
11048,258,162,36,1,0
11049,258,210,57,1,0
11050,258,171,99,1,0
11051,258,93,6,1,0
11052,258,196,0,1,0
11053,258,183,99,1,0
11054,258,263,97,1,0
11055,258,228,85,1,0
11056,258,60,19,1,0
11057,258,384,0,1,0
11058,258,367,99,1,0
11059,258,139,99,1,0
11060,258,160,0,1,0
11061,258,260,46,1,0
11062,258,286,38,1,0
11063,258,123,99,1,0
11064,258,222,0,1,0
11065,258,107,97,1,0
11066,258,195,99,1,0
11067,258,55,99,1,0
11068,258,277,0,1,0
11069,258,215,99,1,0
11070,258,430,6,1,0
11071,258,137,4,1,0
11072,258,140,6,1,0
11073,258,66,99,1,0
11074,258,407,99,1,0
11075,258,174,4,1,0
11076,258,322,99,1,0
11077,258,394,38,1,0
11078,258,116,0,1,0
11079,258,153,0,1,0
11080,259,193,0,1,0
11081,259,388,0,1,0
11082,259,171,99,1,0
11083,259,252,0,1,0
11084,259,308,4,1,0
11085,259,71,0,1,0
11086,259,278,0,1,0
11087,259,188,0,1,0
11088,259,345,0,1,0
11089,259,333,0,1,0
11090,259,392,0,1,0
11091,259,362,0,1,0
11092,259,276,0,1,0
11093,259,401,0,1,0
11094,259,50,0,1,0
11095,259,55,9,1,0
11096,259,162,0,1,0
11097,259,238,0,1,0
11098,259,217,0,1,0
11099,259,239,0,1,0
11100,259,142,0,1,0
11101,259,435,0,1,0
11102,259,114,0,1,0
11103,259,30,0,1,0
11104,259,270,0,1,0
11105,259,232,0,1,0
11106,259,43,6,1,0
11107,259,129,4,1,0
11108,259,89,0,1,0
11109,259,313,0,1,0
11110,259,222,0,1,0
11111,259,83,0,1,0
11112,259,431,0,1,0
11113,259,214,0,1,0
11114,259,109,0,1,0
11115,259,33,0,1,0
11116,259,294,0,1,0
11117,259,382,0,1,0
11118,259,402,4,1,0
11119,259,400,4,1,0
11120,260,183,99,1,0
11121,260,218,0,1,0
11122,260,436,3,1,0
11123,260,405,2,1,0
11124,260,114,0,1,0
11125,260,228,0,1,0
11126,260,290,0,1,0
11127,260,76,3,1,0
11128,260,395,99,1,0
11129,260,121,2,1,0
11130,260,124,3,1,0
11131,260,35,99,1,0
11132,260,91,99,1,0
11133,260,65,0,1,0
11134,260,37,3,1,0
11135,260,209,99,1,0
11136,260,138,4,1,0
11137,260,335,2,1,0
11138,260,256,0,1,0
11139,260,336,94,1,0
11140,260,117,8,1,0
11141,260,248,0,1,0
11142,260,438,0,1,0
11143,260,249,0,1,0
11144,260,406,0,1,0
11145,260,79,99,1,0
11146,260,40,3,1,0
11147,260,200,0,1,0
11148,260,96,0,1,0
11149,260,24,98,1,0
11150,260,374,59,1,0
11151,260,355,92,1,0
11152,260,250,99,1,0
11153,260,136,0,1,0
11154,260,324,3,1,0
11155,260,197,0,1,0
11156,260,289,19,1,0
11157,260,77,0,1,0
11158,260,437,4,1,0
11159,260,259,99,1,0
11160,261,171,99,1,0
11161,261,150,4,1,0
11162,261,354,99,1,0
11163,261,355,99,1,0
11164,261,380,99,1,0
11165,261,107,99,1,0
11166,261,323,95,1,0
11167,261,175,99,1,0
11168,261,265,98,1,0
11169,261,429,48,1,0
11170,261,276,0,1,0
11171,261,267,99,1,0
11172,261,437,99,1,0
11173,261,152,0,1,0
11174,261,71,99,1,0
11175,261,315,99,1,0
11176,261,435,99,1,0
11177,261,103,99,1,0
11178,261,215,99,1,0
11179,261,188,99,1,0
11180,261,124,98,1,0
11181,261,36,60,1,0
11182,261,409,0,1,0
11183,261,204,98,1,0
11184,261,134,95,1,0
11185,261,62,0,1,0
11186,261,203,99,1,0
11187,261,20,0,1,0
11188,261,167,99,1,0
11189,261,368,98,1,0
11190,261,30,49,1,0
11191,261,93,4,1,0
11192,261,230,57,1,0
11193,261,237,93,1,0
11194,261,116,0,1,0
11195,261,197,4,1,0
11196,261,334,97,1,0
11197,261,277,0,1,0
11198,261,291,97,1,0
11199,261,58,97,1,0
11200,262,346,3,1,0
11201,262,37,0,1,0
11202,262,419,98,1,0
11203,262,23,98,1,0
11204,262,385,98,1,0
11205,262,276,70,1,0
11206,262,201,98,1,0
11207,262,96,0,1,0
11208,262,347,98,1,0
11209,262,437,0,1,0
11210,262,426,81,1,0
11211,262,394,96,1,0
11212,262,212,0,1,0
11213,262,271,98,1,0
11214,262,378,3,1,0
11215,262,241,0,1,0
11216,262,231,98,1,0
11217,262,285,97,1,0
11218,262,42,0,1,0
11219,262,398,98,1,0
11220,262,365,70,1,0
11221,262,153,32,1,0
11222,262,388,98,1,0
11223,262,308,2,1,0
11224,262,45,98,1,0
11225,262,69,0,1,0
11226,262,428,2,1,0
11227,262,119,98,1,0
11228,262,113,8,1,0
11229,262,204,38,1,0
11230,262,46,0,1,0
11231,262,154,30,1,0
11232,262,63,98,1,0
11233,262,390,3,1,0
11234,262,138,98,1,0
11235,262,224,0,1,0
11236,262,423,98,1,0
11237,262,41,2,1,0
11238,262,312,32,1,0
11239,262,229,0,1,0
11240,263,221,0,1,0
11241,263,60,0,1,0
11242,263,438,0,1,0
11243,263,371,0,1,0
11244,263,71,0,1,0
11245,263,310,0,1,0
11246,263,368,0,1,0
11247,263,113,0,1,0
11248,263,168,0,1,0
11249,263,204,0,1,0
11250,263,118,0,1,0
11251,263,255,0,1,0
11252,263,127,99,1,0
11253,263,329,0,1,0
11254,263,102,0,1,0
11255,263,32,0,1,0
11256,263,363,99,1,0
11257,263,64,0,1,0
11258,263,236,0,1,0
11259,263,423,0,1,0
11260,263,140,0,1,0
11261,263,57,0,1,0
11262,263,30,0,1,0
11263,263,290,0,1,0
11264,263,347,12,1,0
11265,263,138,0,1,0
11266,263,149,0,1,0
11267,263,134,0,1,0
11268,263,234,0,1,0
11269,263,178,0,1,0
11270,263,339,93,1,0
11271,263,145,0,1,0
11272,263,288,0,1,0
11273,263,306,0,1,0
11274,263,109,0,1,0
11275,263,169,0,1,0
11276,263,273,4,1,0
11277,263,65,0,1,0
11278,263,213,0,1,0
11279,263,425,0,1,0
11280,265,215,98,1,0
11281,265,37,0,1,0
11282,265,62,0,1,0
11283,265,174,0,1,0
11284,265,383,96,1,0
11285,265,332,4,1,0
11286,265,429,0,1,0
11287,265,263,0,1,0
11288,265,200,3,1,0
11289,265,61,0,1,0
11290,265,41,96,1,0
11291,265,438,0,1,0
11292,265,410,0,1,0
11293,265,114,0,1,0
11294,265,311,96,1,0
11295,265,96,0,1,0
11296,265,90,0,1,0
11297,265,158,0,1,0
11298,265,78,26,1,0
11299,265,377,50,1,0
11300,265,307,99,1,0
11301,265,319,99,1,0
11302,265,189,0,1,0
11303,265,402,4,1,0
11304,265,372,0,1,0
11305,265,353,4,1,0
11306,265,343,0,1,0
11307,265,183,96,1,0
11308,265,104,0,1,0
11309,265,374,0,1,0
11310,265,129,96,1,0
11311,265,205,12,1,0
11312,265,227,91,1,0
11313,265,331,99,1,0
11314,265,212,4,1,0
11315,265,101,0,1,0
11316,265,173,0,1,0
11317,265,83,96,1,0
11318,265,144,0,1,0
11319,265,207,0,1,0
11320,266,30,4,1,0
11321,266,42,12,1,0
11322,266,260,84,1,0
11323,266,375,28,1,0
11324,266,58,0,1,0
11325,266,396,0,1,0
11326,266,390,0,1,0
11327,266,411,97,1,0
11328,266,292,0,1,0
11329,266,432,0,1,0
11330,266,437,97,1,0
11331,266,99,99,1,0
11332,266,132,0,1,0
11333,266,227,97,1,0
11334,266,88,0,1,0
11335,266,29,0,1,0
11336,266,257,0,1,0
11337,266,402,0,1,0
11338,266,419,99,1,0
11339,266,113,0,1,0
11340,266,433,0,1,0
11341,266,125,73,1,0
11342,266,136,0,1,0
11343,266,351,97,1,0
11344,266,282,43,1,0
11345,266,144,0,1,0
11346,266,334,0,1,0
11347,266,404,18,1,0
11348,266,341,0,1,0
11349,266,287,93,1,0
11350,266,94,20,1,0
11351,266,91,97,1,0
11352,266,122,0,1,0
11353,266,228,26,1,0
11354,266,301,0,1,0
11355,266,264,4,1,0
11356,266,363,99,1,0
11357,266,82,73,1,0
11358,266,240,0,1,0
11359,266,306,0,1,0
11360,267,311,0,1,0
11361,267,105,0,1,0
11362,267,69,0,1,0
11363,267,243,4,1,0
11364,267,383,97,1,0
11365,267,63,0,1,0
11366,267,131,88,1,0
11367,267,251,28,1,0
11368,267,404,0,1,0
11369,267,163,99,1,0
11370,267,110,99,1,0
11371,267,415,0,1,0
11372,267,335,0,1,0
11373,267,157,0,1,0
11374,267,204,0,1,0
11375,267,245,0,1,0
11376,267,252,0,1,0
11377,267,284,0,1,0
11378,267,80,0,1,0
11379,267,186,0,1,0
11380,267,66,0,1,0
11381,267,329,0,1,0
11382,267,170,0,1,0
11383,267,151,0,1,0
11384,267,102,0,1,0
11385,267,274,0,1,0
11386,267,371,0,1,0
11387,267,117,0,1,0
11388,267,134,0,1,0
11389,267,403,4,1,0
11390,267,119,4,1,0
11391,267,393,0,1,0
11392,267,45,0,1,0
11393,267,179,99,1,0
11394,267,389,0,1,0
11395,267,401,0,1,0
11396,267,386,0,1,0
11397,267,364,0,1,0
11398,267,327,99,1,0
11399,267,112,0,1,0
11400,268,282,98,1,0
11401,268,349,98,1,0
11402,268,316,0,1,0
11403,268,112,0,1,0
11404,268,250,98,1,0
11405,268,357,98,1,0
11406,268,415,98,1,0
11407,268,420,95,1,0
11408,268,196,0,1,0
11409,268,325,0,1,0
11410,268,111,89,1,0
11411,268,71,98,1,0
11412,268,70,96,1,0
11413,268,138,91,1,0
11414,268,191,99,1,0
11415,268,335,98,1,0
11416,268,23,98,1,0
11417,268,58,1,1,0
11418,268,296,0,1,0
11419,268,119,98,1,0
11420,268,188,98,1,0
11421,268,93,0,1,0
11422,268,124,98,1,0
11423,268,163,99,1,0
11424,268,423,98,1,0
11425,268,213,96,1,0
11426,268,125,90,1,0
11427,268,389,87,1,0
11428,268,34,69,1,0
11429,268,40,98,1,0
11430,268,203,99,1,0
11431,268,136,0,1,0
11432,268,142,92,1,0
11433,268,193,0,1,0
11434,268,265,98,1,0
11435,268,135,99,1,0
11436,268,184,0,1,0
11437,268,397,0,1,0
11438,268,160,0,1,0
11439,268,168,0,1,0
11440,270,289,4,1,0
11441,270,213,1,1,0
11442,270,20,0,1,0
11443,270,68,0,1,0
11444,270,53,0,1,0
11445,270,190,0,1,0
11446,270,145,4,1,0
11447,270,236,0,1,0
11448,270,174,4,1,0
11449,270,313,9,1,0
11450,270,187,99,1,0
11451,270,283,97,1,0
11452,270,209,97,1,0
11453,270,384,0,1,0
11454,270,127,97,1,0
11455,270,242,34,1,0
11456,270,179,99,1,0
11457,270,320,0,1,0
11458,270,366,57,1,0
11459,270,378,4,1,0
11460,270,322,86,1,0
11461,270,386,4,1,0
11462,270,173,0,1,0
11463,270,211,97,1,0
11464,270,281,0,1,0
11465,270,259,97,1,0
11466,270,318,4,1,0
11467,270,93,6,1,0
11468,270,241,0,1,0
11469,270,226,0,1,0
11470,270,169,0,1,0
11471,270,324,0,1,0
11472,270,36,7,1,0
11473,270,243,97,1,0
11474,270,263,97,1,0
11475,270,438,99,1,0
11476,270,284,4,1,0
11477,270,167,99,1,0
11478,270,428,0,1,0
11479,270,392,0,1,0
11480,271,182,98,1,0
11481,271,344,0,1,0
11482,271,353,0,1,0
11483,271,252,0,1,0
11484,271,410,0,1,0
11485,271,126,0,1,0
11486,271,43,99,1,0
11487,271,148,0,1,0
11488,271,99,89,1,0
11489,271,349,0,1,0
11490,271,21,0,1,0
11491,271,292,0,1,0
11492,271,246,0,1,0
11493,271,418,0,1,0
11494,271,256,0,1,0
11495,271,413,0,1,0
11496,271,127,99,1,0
11497,271,412,0,1,0
11498,271,281,0,1,0
11499,271,61,0,1,0
11500,271,396,0,1,0
11501,271,101,12,1,0
11502,271,391,99,1,0
11503,271,240,3,1,0
11504,271,159,99,1,0
11505,271,125,3,1,0
11506,271,317,0,1,0
11507,271,267,98,1,0
11508,271,203,99,1,0
11509,271,51,99,1,0
11510,271,41,0,1,0
11511,271,155,99,1,0
11512,271,184,0,1,0
11513,271,310,0,1,0
11514,271,241,0,1,0
11515,271,207,97,1,0
11516,271,83,93,1,0
11517,271,352,3,1,0
11518,271,80,3,1,0
11519,271,239,97,1,0
11520,272,88,0,1,0
11521,272,432,0,1,0
11522,272,365,0,1,0
11523,272,303,3,1,0
11524,272,416,0,1,0
11525,272,163,0,1,0
11526,272,129,0,1,0
11527,272,166,0,1,0
11528,272,78,0,1,0
11529,272,261,0,1,0
11530,272,159,0,1,0
11531,272,342,0,1,0
11532,272,123,0,1,0
11533,272,175,0,1,0
11534,272,397,0,1,0
11535,272,427,0,1,0
11536,272,119,0,1,0
11537,272,239,0,1,0
11538,272,71,0,1,0
11539,272,161,0,1,0
11540,272,215,0,1,0
11541,272,252,0,1,0
11542,272,41,0,1,0
11543,272,171,3,1,0
11544,272,29,0,1,0
11545,272,313,0,1,0
11546,272,176,0,1,0
11547,272,53,0,1,0
11548,272,20,0,1,0
11549,272,232,0,1,0
11550,272,285,0,1,0
11551,272,55,0,1,0
11552,272,389,0,1,0
11553,272,130,0,1,0
11554,272,33,0,1,0
11555,272,433,0,1,0
11556,272,22,0,1,0
11557,272,57,0,1,0
11558,272,410,0,1,0
11559,272,279,8,1,0
11560,273,247,92,1,0
11561,273,41,0,1,0
11562,273,328,0,1,0
11563,273,182,92,1,0
11564,273,54,12,1,0
11565,273,281,0,1,0
11566,273,235,92,1,0
11567,273,75,92,1,0
11568,273,435,92,1,0
11569,273,305,0,1,0
11570,273,155,92,1,0
11571,273,166,0,1,0
11572,273,387,92,1,0
11573,273,411,92,1,0
11574,273,93,1,1,0
11575,273,253,0,1,0
11576,273,349,0,1,0
11577,273,316,0,1,0
11578,273,405,0,1,0
11579,273,204,1,1,0
11580,273,186,0,1,0
11581,273,172,0,1,0
11582,273,300,0,1,0
11583,273,324,0,1,0
11584,273,144,0,1,0
11585,273,304,0,1,0
11586,273,337,0,1,0
11587,273,342,0,1,0
11588,273,351,92,1,0
11589,273,66,0,1,0
11590,273,178,0,1,0
11591,273,401,0,1,0
11592,273,34,1,1,0
11593,273,22,3,1,0
11594,273,94,2,1,0
11595,273,308,0,1,0
11596,273,71,92,1,0
11597,273,366,6,1,0
11598,273,206,0,1,0
11599,273,245,0,1,0
11600,275,146,0,1,0
11601,275,130,0,1,0
11602,275,63,98,1,0
11603,275,328,4,1,0
11604,275,184,0,1,0
11605,275,351,0,1,0
11606,275,361,0,1,0
11607,275,68,0,1,0
11608,275,111,0,1,0
11609,275,357,0,1,0
11610,275,40,3,1,0
11611,275,45,0,1,0
11612,275,363,99,1,0
11613,275,200,0,1,0
11614,275,263,89,1,0
11615,275,204,3,1,0
11616,275,349,0,1,0
11617,275,153,0,1,0
11618,275,167,99,1,0
11619,275,107,8,1,0
11620,275,288,0,1,0
11621,275,309,0,1,0
11622,275,369,4,1,0
11623,275,294,0,1,0
11624,275,317,0,1,0
11625,275,148,0,1,0
11626,275,410,0,1,0
11627,275,355,0,1,0
11628,275,29,0,1,0
11629,275,378,0,1,0
11630,275,372,0,1,0
11631,275,213,3,1,0
11632,275,343,45,1,0
11633,275,37,3,1,0
11634,275,429,3,1,0
11635,275,155,99,1,0
11636,275,202,0,1,0
11637,275,233,4,1,0
11638,275,28,3,1,0
11639,275,83,0,1,0
11640,276,376,0,1,0
11641,276,300,0,1,0
11642,276,71,84,1,0
11643,276,109,65,1,0
11644,276,284,0,1,0
11645,276,345,0,1,0
11646,276,116,0,1,0
11647,276,400,62,1,0
11648,276,129,71,1,0
11649,276,74,96,1,0
11650,276,303,96,1,0
11651,276,21,70,1,0
11652,276,37,79,1,0
11653,276,169,99,1,0
11654,276,99,95,1,0
11655,276,235,84,1,0
11656,276,145,0,1,0
11657,276,193,75,1,0
11658,276,343,96,1,0
11659,276,164,60,1,0
11660,276,52,65,1,0
11661,276,119,74,1,0
11662,276,69,75,1,0
11663,276,128,65,1,0
11664,276,146,99,1,0
11665,276,30,0,1,0
11666,276,41,70,1,0
11667,276,340,70,1,0
11668,276,324,0,1,0
11669,276,310,98,1,0
11670,276,436,71,1,0
11671,276,162,98,1,0
11672,276,192,98,1,0
11673,276,425,0,1,0
11674,276,232,71,1,0
11675,276,352,89,1,0
11676,276,50,0,1,0
11677,276,143,89,1,0
11678,276,221,98,1,0
11679,276,206,0,1,0
11680,277,218,98,1,0
11681,277,385,0,1,0
11682,277,247,98,1,0
11683,277,376,0,1,0
11684,277,40,66,1,0
11685,277,124,0,1,0
11686,277,353,0,1,0
11687,277,47,98,1,0
11688,277,135,98,1,0
11689,277,106,92,1,0
11690,277,28,6,1,0
11691,277,436,87,1,0
11692,277,315,98,1,0
11693,277,203,52,1,0
11694,277,316,0,1,0
11695,277,307,41,1,0
11696,277,78,98,1,0
11697,277,200,0,1,0
11698,277,20,0,1,0
11699,277,94,97,1,0
11700,277,61,3,1,0
11701,277,380,48,1,0
11702,277,250,98,1,0
11703,277,110,24,1,0
11704,277,156,0,1,0
11705,277,345,98,1,0
11706,277,403,96,1,0
11707,277,26,98,1,0
11708,277,139,98,1,0
11709,277,46,76,1,0
11710,277,275,86,1,0
11711,277,281,0,1,0
11712,277,148,0,1,0
11713,277,104,0,1,0
11714,277,397,72,1,0
11715,277,90,98,1,0
11716,277,342,98,1,0
11717,277,394,98,1,0
11718,277,82,93,1,0
11719,277,53,82,1,0
11720,278,145,4,1,0
11721,278,252,0,1,0
11722,278,406,0,1,0
11723,278,33,0,1,0
11724,278,340,0,1,0
11725,278,60,69,1,0
11726,278,263,99,1,0
11727,278,176,0,1,0
11728,278,349,95,1,0
11729,278,165,98,1,0
11730,278,245,4,1,0
11731,278,118,4,1,0
11732,278,122,99,1,0
11733,278,374,76,1,0
11734,278,72,0,1,0
11735,278,283,99,1,0
11736,278,221,95,1,0
11737,278,64,2,1,0
11738,278,437,99,1,0
11739,278,382,99,1,0
11740,278,186,0,1,0
11741,278,303,99,1,0
11742,278,281,57,1,0
11743,278,20,0,1,0
11744,278,89,4,1,0
11745,278,430,99,1,0
11746,278,216,21,1,0
11747,278,250,99,1,0
11748,278,185,0,1,0
11749,278,126,4,1,0
11750,278,168,0,1,0
11751,278,417,92,1,0
11752,278,25,0,1,0
11753,278,184,0,1,0
11754,278,195,99,1,0
11755,278,103,99,1,0
11756,278,367,99,1,0
11757,278,295,99,1,0
11758,278,244,99,1,0
11759,278,310,99,1,0
11760,280,302,85,1,0
11761,280,207,95,1,0
11762,280,305,0,1,0
11763,280,191,80,1,0
11764,280,98,86,1,0
11765,280,379,90,1,0
11766,280,436,0,1,0
11767,280,220,0,1,0
11768,280,75,85,1,0
11769,280,21,67,1,0
11770,280,287,90,1,0
11771,280,266,0,1,0
11772,280,163,15,1,0
11773,280,179,90,1,0
11774,280,235,90,1,0
11775,280,370,0,1,0
11776,280,348,67,1,0
11777,280,304,0,1,0
11778,280,430,75,1,0
11779,280,132,0,1,0
11780,280,40,0,1,0
11781,280,56,0,1,0
11782,280,330,0,1,0
11783,280,306,86,1,0
11784,280,301,0,1,0
11785,280,84,0,1,0
11786,280,409,0,1,0
11787,280,82,0,1,0
11788,280,274,0,1,0
11789,280,54,0,1,0
11790,280,362,0,1,0
11791,280,99,85,1,0
11792,280,398,75,1,0
11793,280,128,0,1,0
11794,280,385,0,1,0
11795,280,251,85,1,0
11796,280,29,0,1,0
11797,280,52,66,1,0
11798,280,63,85,1,0
11799,280,217,0,1,0
11800,281,80,52,1,0
11801,281,45,4,1,0
11802,281,341,4,1,0
11803,281,186,99,1,0
11804,281,248,0,1,0
11805,281,114,5,1,0
11806,281,145,4,1,0
11807,281,325,0,1,0
11808,281,291,99,1,0
11809,281,245,4,1,0
11810,281,212,0,1,0
11811,281,117,98,1,0
11812,281,24,0,1,0
11813,281,235,96,1,0
11814,281,356,13,1,0
11815,281,417,4,1,0
11816,281,436,0,1,0
11817,281,174,22,1,0
11818,281,199,99,1,0
11819,281,140,4,1,0
11820,281,253,99,1,0
11821,281,194,99,1,0
11822,281,349,99,1,0
11823,281,136,4,1,0
11824,281,196,0,1,0
11825,281,133,99,1,0
11826,281,324,0,1,0
11827,281,183,96,1,0
11828,281,189,98,1,0
11829,281,55,99,1,0
11830,281,49,30,1,0
11831,281,87,99,1,0
11832,281,86,99,1,0
11833,281,373,0,1,0
11834,281,102,99,1,0
11835,281,54,99,1,0
11836,281,384,0,1,0
11837,281,110,99,1,0
11838,281,360,0,1,0
11839,281,96,0,1,0
11840,282,331,99,1,0
11841,282,367,41,1,0
11842,282,100,40,1,0
11843,282,422,0,1,0
11844,282,205,0,1,0
11845,282,433,0,1,0
11846,282,43,99,1,0
11847,282,165,0,1,0
11848,282,330,0,1,0
11849,282,392,0,1,0
11850,282,355,0,1,0
11851,282,80,0,1,0
11852,282,102,0,1,0
11853,282,60,63,1,0
11854,282,34,0,1,0
11855,282,58,0,1,0
11856,282,374,0,1,0
11857,282,319,99,1,0
11858,282,247,99,1,0
11859,282,225,0,1,0
11860,282,23,17,1,0
11861,282,192,0,1,0
11862,282,28,3,1,0
11863,282,178,0,1,0
11864,282,398,0,1,0
11865,282,258,0,1,0
11866,282,232,0,1,0
11867,282,405,0,1,0
11868,282,251,99,1,0
11869,282,412,0,1,0
11870,282,309,0,1,0
11871,282,263,99,1,0
11872,282,321,90,1,0
11873,282,332,99,1,0
11874,282,184,0,1,0
11875,282,188,0,1,0
11876,282,99,93,1,0
11877,282,29,0,1,0
11878,282,302,4,1,0
11879,282,329,0,1,0
11880,284,331,99,1,0
11881,284,420,90,1,0
11882,284,303,99,1,0
11883,284,401,99,1,0
11884,284,217,4,1,0
11885,284,106,99,1,0
11886,284,196,0,1,0
11887,284,364,4,1,0
11888,284,108,0,1,0
11889,284,176,0,1,0
11890,284,59,99,1,0
11891,284,64,0,1,0
11892,284,371,99,1,0
11893,284,80,85,1,0
11894,284,41,0,1,0
11895,284,264,4,1,0
11896,284,219,99,1,0
11897,284,205,5,1,0
11898,284,267,99,1,0
11899,284,201,0,1,0
11900,284,177,0,1,0
11901,284,151,99,1,0
11902,284,301,85,1,0
11903,284,388,99,1,0
11904,284,351,99,1,0
11905,284,426,0,1,0
11906,284,222,42,1,0
11907,284,314,99,1,0
11908,284,135,99,1,0
11909,284,74,99,1,0
11910,284,224,85,1,0
11911,284,381,99,1,0
11912,284,79,99,1,0
11913,284,316,85,1,0
11914,284,161,4,1,0
11915,284,212,0,1,0
11916,284,252,0,1,0
11917,284,439,99,1,0
11918,284,332,99,1,0
11919,284,165,85,1,0
11920,285,73,24,1,0
11921,285,344,0,1,0
11922,285,199,96,1,0
11923,285,394,91,1,0
11924,285,126,99,1,0
11925,285,367,96,1,0
11926,285,99,96,1,0
11927,285,57,68,1,0
11928,285,203,96,1,0
11929,285,119,96,1,0
11930,285,123,96,1,0
11931,285,42,4,1,0
11932,285,96,0,1,0
11933,285,140,4,1,0
11934,285,208,0,1,0
11935,285,365,0,1,0
11936,285,230,4,1,0
11937,285,431,96,1,0
11938,285,34,4,1,0
11939,285,320,0,1,0
11940,285,279,96,1,0
11941,285,176,4,1,0
11942,285,223,93,1,0
11943,285,115,96,1,0
11944,285,91,96,1,0
11945,285,401,4,1,0
11946,285,316,0,1,0
11947,285,435,96,1,0
11948,285,97,4,1,0
11949,285,76,0,1,0
11950,285,222,0,1,0
11951,285,309,0,1,0
11952,285,87,96,1,0
11953,285,289,4,1,0
11954,285,330,0,1,0
11955,285,414,0,1,0
11956,285,398,4,1,0
11957,285,280,5,1,0
11958,285,396,0,1,0
11959,285,187,91,1,0
11960,286,242,0,1,0
11961,286,369,97,1,0
11962,286,375,97,1,0
11963,286,273,4,1,0
11964,286,118,0,1,0
11965,286,86,0,1,0
11966,286,198,84,1,0
11967,286,45,0,1,0
11968,286,193,0,1,0
11969,286,382,0,1,0
11970,286,439,97,1,0
11971,286,352,0,1,0
11972,286,77,0,1,0
11973,286,27,0,1,0
11974,286,207,97,1,0
11975,286,430,0,1,0
11976,286,202,0,1,0
11977,286,431,97,1,0
11978,286,213,0,1,0
11979,286,237,47,1,0
11980,286,138,0,1,0
11981,286,225,5,1,0
11982,286,391,98,1,0
11983,286,377,0,1,0
11984,286,121,0,1,0
11985,286,210,0,1,0
11986,286,239,97,1,0
11987,286,111,75,1,0
11988,286,167,98,1,0
11989,286,150,0,1,0
11990,286,217,0,1,0
11991,286,324,1,1,0
11992,286,305,0,1,0
11993,286,415,97,1,0
11994,286,107,97,1,0
11995,286,197,0,1,0
11996,286,166,0,1,0
11997,286,256,0,1,0
11998,286,247,97,1,0
11999,286,184,0,1,0
12000,287,74,0,1,0
12001,287,388,4,1,0
12002,287,218,0,1,0
12003,287,159,13,1,0
12004,287,36,4,1,0
12005,287,106,0,1,0
12006,287,68,0,1,0
12007,287,62,0,1,0
12008,287,413,0,1,0
12009,287,417,0,1,0
12010,287,138,4,1,0
12011,287,289,4,1,0
12012,287,200,4,1,0
12013,287,133,0,1,0
12014,287,402,0,1,0
12015,287,194,0,1,0
12016,287,147,99,1,0
12017,287,428,0,1,0
12018,287,102,0,1,0
12019,287,358,0,1,0
12020,287,226,0,1,0
12021,287,197,4,1,0
12022,287,30,4,1,0
12023,287,214,4,1,0
12024,287,208,0,1,0
12025,287,321,0,1,0
12026,287,210,0,1,0
12027,287,92,0,1,0
12028,287,265,0,1,0
12029,287,285,0,1,0
12030,287,126,0,1,0
12031,287,116,0,1,0
12032,287,131,95,1,0
12033,287,231,99,1,0
12034,287,130,0,1,0
12035,287,328,0,1,0
12036,287,28,0,1,0
12037,287,410,0,1,0
12038,287,183,4,1,0
12039,287,352,0,1,0
12040,289,74,0,1,0
12041,289,340,24,1,0
12042,289,188,99,1,0
12043,289,221,73,1,0
12044,289,236,0,1,0
12045,289,95,99,1,0
12046,289,334,0,1,0
12047,289,229,0,1,0
12048,289,64,26,1,0
12049,289,243,99,1,0
12050,289,81,57,1,0
12051,289,201,0,1,0
12052,289,291,99,1,0
12053,289,396,0,1,0
12054,289,398,75,1,0
12055,289,332,99,1,0
12056,289,360,0,1,0
12057,289,431,99,1,0
12058,289,331,99,1,0
12059,289,371,92,1,0
12060,289,101,99,1,0
12061,289,130,0,1,0
12062,289,90,0,1,0
12063,289,422,78,1,0
12064,289,423,99,1,0
12065,289,253,92,1,0
12066,289,123,99,1,0
12067,289,51,99,1,0
12068,289,89,0,1,0
12069,289,182,98,1,0
12070,289,366,99,1,0
12071,289,134,0,1,0
12072,289,34,76,1,0
12073,289,346,0,1,0
12074,289,108,0,1,0
12075,289,257,63,1,0
12076,289,110,99,1,0
12077,289,285,21,1,0
12078,289,392,0,1,0
12079,289,324,0,1,0
12080,290,214,99,1,0
12081,290,319,99,1,0
12082,290,410,14,1,0
12083,290,186,3,1,0
12084,290,120,0,1,0
12085,290,396,0,1,0
12086,290,315,99,1,0
12087,290,334,20,1,0
12088,290,230,4,1,0
12089,290,96,0,1,0
12090,290,369,44,1,0
12091,290,212,0,1,0
12092,290,144,0,1,0
12093,290,199,99,1,0
12094,290,344,0,1,0
12095,290,75,99,1,0
12096,290,425,4,1,0
12097,290,397,0,1,0
12098,290,259,99,1,0
12099,290,304,0,1,0
12100,290,127,99,1,0
12101,290,35,99,1,0
12102,290,308,4,1,0
12103,290,29,5,1,0
12104,290,44,0,1,0
12105,290,287,99,1,0
12106,290,278,30,1,0
12107,290,394,52,1,0
12108,290,160,0,1,0
12109,290,235,99,1,0
12110,290,65,4,1,0
12111,290,364,4,1,0
12112,290,343,99,1,0
12113,290,237,7,1,0
12114,290,232,3,1,0
12115,290,145,4,1,0
12116,290,392,0,1,0
12117,290,350,4,1,0
12118,290,210,73,1,0
12119,290,45,0,1,0
12120,291,384,0,1,0
12121,291,27,0,1,0
12122,291,173,0,1,0
12123,291,161,0,1,0
12124,291,138,0,1,0
12125,291,403,99,1,0
12126,291,181,0,1,0
12127,291,294,0,1,0
12128,291,241,0,1,0
12129,291,121,0,1,0
12130,291,234,0,1,0
12131,291,145,0,1,0
12132,291,325,0,1,0
12133,291,270,0,1,0
12134,291,419,14,1,0
12135,291,267,98,1,0
12136,291,212,0,1,0
12137,291,206,0,1,0
12138,291,307,99,1,0
12139,291,150,0,1,0
12140,291,153,0,1,0
12141,291,156,0,1,0
12142,291,415,0,1,0
12143,291,250,8,1,0
12144,291,421,0,1,0
12145,291,248,0,1,0
12146,291,321,3,1,0
12147,291,111,4,1,0
12148,291,186,0,1,0
12149,291,409,0,1,0
12150,291,224,3,1,0
12151,291,399,0,1,0
12152,291,141,4,1,0
12153,291,323,0,1,0
12154,291,207,97,1,0
12155,291,328,4,1,0
12156,291,326,0,1,0
12157,291,240,3,1,0
12158,291,416,0,1,0
12159,291,396,0,1,0
12160,292,332,0,1,0
12161,292,183,0,1,0
12162,292,202,0,1,0
12163,292,167,0,1,0
12164,292,429,0,1,0
12165,292,383,0,1,0
12166,292,344,0,1,0
12167,292,248,0,1,0
12168,292,82,0,1,0
12169,292,238,0,1,0
12170,292,420,0,1,0
12171,292,22,0,1,0
12172,292,214,0,1,0
12173,292,146,0,1,0
12174,292,402,0,1,0
12175,292,101,0,1,0
12176,292,249,0,1,0
12177,292,155,0,1,0
12178,292,76,0,1,0
12179,292,117,0,1,0
12180,292,403,0,1,0
12181,292,232,0,1,0
12182,292,173,0,1,0
12183,292,406,0,1,0
12184,292,112,0,1,0
12185,292,375,0,1,0
12186,292,319,0,1,0
12187,292,38,0,1,0
12188,292,25,0,1,0
12189,292,221,0,1,0
12190,292,140,0,1,0
12191,292,74,0,1,0
12192,292,29,0,1,0
12193,292,359,0,1,0
12194,292,219,0,1,0
12195,292,184,0,1,0
12196,292,126,0,1,0
12197,292,287,0,1,0
12198,292,414,0,1,0
12199,292,357,0,1,0
12200,294,431,99,1,0
12201,294,344,0,1,0
12202,294,384,0,1,0
12203,294,55,99,1,0
12204,294,59,99,1,0
12205,294,52,84,1,0
12206,294,186,0,1,0
12207,294,223,99,1,0
12208,294,333,99,1,0
12209,294,58,99,1,0
12210,294,327,99,1,0
12211,294,74,70,1,0
12212,294,404,0,1,0
12213,294,208,98,1,0
12214,294,101,99,1,0
12215,294,73,99,1,0
12216,294,42,4,1,0
12217,294,252,0,1,0
12218,294,183,99,1,0
12219,294,142,99,1,0
12220,294,249,0,1,0
12221,294,132,94,1,0
12222,294,217,10,1,0
12223,294,130,84,1,0
12224,294,216,94,1,0
12225,294,234,87,1,0
12226,294,288,99,1,0
12227,294,358,72,1,0
12228,294,412,10,1,0
12229,294,193,6,1,0
12230,294,324,7,1,0
12231,294,392,0,1,0
12232,294,363,99,1,0
12233,294,120,0,1,0
12234,294,312,0,1,0
12235,294,323,99,1,0
12236,294,169,0,1,0
12237,294,189,40,1,0
12238,294,210,99,1,0
12239,294,104,0,1,0
12240,295,292,0,1,0
12241,295,244,0,1,0
12242,295,174,0,1,0
12243,295,332,27,1,0
12244,295,109,3,1,0
12245,295,253,0,1,0
12246,295,258,0,1,0
12247,295,100,4,1,0
12248,295,290,0,1,0
12249,295,78,0,1,0
12250,295,69,0,1,0
12251,295,299,99,1,0
12252,295,286,0,1,0
12253,295,328,4,1,0
12254,295,207,2,1,0
12255,295,122,0,1,0
12256,295,255,2,1,0
12257,295,160,0,1,0
12258,295,178,0,1,0
12259,295,190,0,1,0
12260,295,40,3,1,0
12261,295,355,0,1,0
12262,295,56,0,1,0
12263,295,191,99,1,0
12264,295,435,41,1,0
12265,295,135,0,1,0
12266,295,74,0,1,0
12267,295,383,99,1,0
12268,295,297,3,1,0
12269,295,342,0,1,0
12270,295,281,0,1,0
12271,295,194,0,1,0
12272,295,98,0,1,0
12273,295,425,0,1,0
12274,295,245,0,1,0
12275,295,181,0,1,0
12276,295,187,98,1,0
12277,295,28,3,1,0
12278,295,133,9,1,0
12279,295,57,0,1,0
12280,296,355,4,1,0
12281,296,30,0,1,0
12282,296,65,0,1,0
12283,296,63,0,1,0
12284,296,434,0,1,0
12285,296,73,0,1,0
12286,296,286,4,1,0
12287,296,21,0,1,0
12288,296,335,4,1,0
12289,296,71,0,1,0
12290,296,239,0,1,0
12291,296,257,0,1,0
12292,296,77,0,1,0
12293,296,325,0,1,0
12294,296,145,0,1,0
12295,296,203,0,1,0
12296,296,130,0,1,0
12297,296,234,0,1,0
12298,296,118,0,1,0
12299,296,213,0,1,0
12300,296,20,0,1,0
12301,296,299,4,1,0
12302,296,349,0,1,0
12303,296,395,4,1,0
12304,296,219,0,1,0
12305,296,52,0,1,0
12306,296,180,0,1,0
12307,296,293,0,1,0
12308,296,318,0,1,0
12309,296,390,0,1,0
12310,296,278,0,1,0
12311,296,315,4,1,0
12312,296,125,0,1,0
12313,296,356,0,1,0
12314,296,166,0,1,0
12315,296,108,0,1,0
12316,296,250,0,1,0
12317,296,152,0,1,0
12318,296,113,0,1,0
12319,296,353,0,1,0
12320,297,391,99,1,0
12321,297,229,0,1,0
12322,297,319,99,1,0
12323,297,223,0,1,0
12324,297,337,0,1,0
12325,297,276,0,1,0
12326,297,419,98,1,0
12327,297,184,0,1,0
12328,297,202,0,1,0
12329,297,119,92,1,0
12330,297,131,92,1,0
12331,297,284,0,1,0
12332,297,96,0,1,0
12333,297,206,0,1,0
12334,297,212,0,1,0
12335,297,246,0,1,0
12336,297,62,0,1,0
12337,297,378,0,1,0
12338,297,252,0,1,0
12339,297,187,99,1,0
12340,297,86,0,1,0
12341,297,134,0,1,0
12342,297,238,0,1,0
12343,297,366,4,1,0
12344,297,374,96,1,0
12345,297,346,0,1,0
12346,297,379,99,1,0
12347,297,180,0,1,0
12348,297,431,98,1,0
12349,297,233,4,1,0
12350,297,437,99,1,0
12351,297,83,99,1,0
12352,297,135,99,1,0
12353,297,171,99,1,0
12354,297,343,92,1,0
12355,297,114,0,1,0
12356,297,93,0,1,0
12357,297,338,0,1,0
12358,297,54,16,1,0
12359,297,132,0,1,0
12360,299,124,0,1,0
12361,299,394,0,1,0
12362,299,414,0,1,0
12363,299,274,0,1,0
12364,299,210,0,1,0
12365,299,353,0,1,0
12366,299,275,0,1,0
12367,299,420,0,1,0
12368,299,165,0,1,0
12369,299,305,0,1,0
12370,299,257,0,1,0
12371,299,303,0,1,0
12372,299,409,0,1,0
12373,299,128,0,1,0
12374,299,214,0,1,0
12375,299,117,0,1,0
12376,299,246,0,1,0
12377,299,222,0,1,0
12378,299,213,0,1,0
12379,299,435,0,1,0
12380,299,272,0,1,0
12381,299,392,0,1,0
12382,299,429,0,1,0
12383,299,334,0,1,0
12384,299,400,0,1,0
12385,299,137,0,1,0
12386,299,163,99,1,0
12387,299,204,0,1,0
12388,299,158,0,1,0
12389,299,144,0,1,0
12390,299,112,0,1,0
12391,299,74,0,1,0
12392,299,202,0,1,0
12393,299,125,0,1,0
12394,299,200,0,1,0
12395,299,413,0,1,0
12396,299,329,0,1,0
12397,299,349,0,1,0
12398,299,255,0,1,0
12399,299,190,0,1,0
12400,300,416,0,1,0
12401,300,407,99,1,0
12402,300,239,98,1,0
12403,300,251,99,1,0
12404,300,361,18,1,0
12405,300,195,99,1,0
12406,300,435,98,1,0
12407,300,142,75,1,0
12408,300,65,0,1,0
12409,300,309,70,1,0
12410,300,312,3,1,0
12411,300,188,98,1,0
12412,300,252,0,1,0
12413,300,111,98,1,0
12414,300,240,75,1,0
12415,300,202,0,1,0
12416,300,209,98,1,0
12417,300,263,98,1,0
12418,300,46,79,1,0
12419,300,26,79,1,0
12420,300,273,2,1,0
12421,300,311,99,1,0
12422,300,358,84,1,0
12423,300,51,98,1,0
12424,300,275,98,1,0
12425,300,286,99,1,0
12426,300,53,69,1,0
12427,300,157,69,1,0
12428,300,426,3,1,0
12429,300,214,98,1,0
12430,300,342,84,1,0
12431,300,85,0,1,0
12432,300,178,74,1,0
12433,300,298,94,1,0
12434,300,392,0,1,0
12435,300,370,69,1,0
12436,300,138,84,1,0
12437,300,398,98,1,0
12438,300,231,99,1,0
12439,300,232,71,1,0
12440,301,137,0,1,0
12441,301,166,98,1,0
12442,301,173,98,1,0
12443,301,265,98,1,0
12444,301,371,92,1,0
12445,301,435,98,1,0
12446,301,263,98,1,0
12447,301,321,99,1,0
12448,301,316,0,1,0
12449,301,193,1,1,0
12450,301,93,1,1,0
12451,301,169,99,1,0
12452,301,39,98,1,0
12453,301,20,0,1,0
12454,301,90,0,1,0
12455,301,104,0,1,0
12456,301,300,0,1,0
12457,301,377,98,1,0
12458,301,225,97,1,0
12459,301,214,98,1,0
12460,301,164,99,1,0
12461,301,190,27,1,0
12462,301,374,98,1,0
12463,301,95,98,1,0
12464,301,71,98,1,0
12465,301,50,32,1,0
12466,301,327,99,1,0
12467,301,281,0,1,0
12468,301,179,99,1,0
12469,301,438,0,1,0
12470,301,357,98,1,0
12471,301,411,98,1,0
12472,301,257,2,1,0
12473,301,406,99,1,0
12474,301,35,92,1,0
12475,301,373,58,1,0
12476,301,269,99,1,0
12477,301,162,92,1,0
12478,301,70,98,1,0
12479,301,349,98,1,0
12480,303,61,0,1,0
12481,303,106,0,1,0
12482,303,141,4,1,0
12483,303,248,0,1,0
12484,303,396,0,1,0
12485,303,359,41,1,0
12486,303,24,0,1,0
12487,303,194,0,1,0
12488,303,302,4,1,0
12489,303,300,0,1,0
12490,303,261,0,1,0
12491,303,439,97,1,0
12492,303,237,0,1,0
12493,303,365,0,1,0
12494,303,117,0,1,0
12495,303,131,97,1,0
12496,303,99,99,1,0
12497,303,251,99,1,0
12498,303,305,0,1,0
12499,303,37,0,1,0
12500,303,176,0,1,0
12501,303,116,0,1,0
12502,303,107,4,1,0
12503,303,31,4,1,0
12504,303,344,0,1,0
12505,303,32,0,1,0
12506,303,53,0,1,0
12507,303,298,0,1,0
12508,303,243,4,1,0
12509,303,119,73,1,0
12510,303,421,0,1,0
12511,303,132,0,1,0
12512,303,297,0,1,0
12513,303,332,9,1,0
12514,303,175,99,1,0
12515,303,352,0,1,0
12516,303,346,0,1,0
12517,303,186,0,1,0
12518,303,356,0,1,0
12519,303,87,99,1,0
12520,304,147,99,1,0
12521,304,287,99,1,0
12522,304,262,0,1,0
12523,304,100,93,1,0
12524,304,311,99,1,0
12525,304,207,91,1,0
12526,304,284,4,1,0
12527,304,209,96,1,0
12528,304,76,0,1,0
12529,304,163,99,1,0
12530,304,212,0,1,0
12531,304,103,96,1,0
12532,304,162,25,1,0
12533,304,377,0,1,0
12534,304,331,99,1,0
12535,304,384,0,1,0
12536,304,290,96,1,0
12537,304,313,17,1,0
12538,304,332,96,1,0
12539,304,323,96,1,0
12540,304,196,0,1,0
12541,304,23,96,1,0
12542,304,75,96,1,0
12543,304,139,99,1,0
12544,304,208,0,1,0
12545,304,164,93,1,0
12546,304,381,4,1,0
12547,304,161,74,1,0
12548,304,396,0,1,0
12549,304,406,96,1,0
12550,304,264,4,1,0
12551,304,268,0,1,0
12552,304,294,96,1,0
12553,304,224,0,1,0
12554,304,354,91,1,0
12555,304,113,44,1,0
12556,304,335,96,1,0
12557,304,366,10,1,0
12558,304,183,96,1,0
12559,304,339,99,1,0
12560,305,211,99,1,0
12561,305,156,0,1,0
12562,305,397,36,1,0
12563,305,353,4,1,0
12564,305,104,0,1,0
12565,305,341,4,1,0
12566,305,61,0,1,0
12567,305,140,63,1,0
12568,305,331,99,1,0
12569,305,29,0,1,0
12570,305,167,99,1,0
12571,305,69,0,1,0
12572,305,422,99,1,0
12573,305,312,2,1,0
12574,305,398,97,1,0
12575,305,367,99,1,0
12576,305,429,3,1,0
12577,305,364,63,1,0
12578,305,26,97,1,0
12579,305,402,0,1,0
12580,305,241,0,1,0
12581,305,430,97,1,0
12582,305,32,3,1,0
12583,305,70,99,1,0
12584,305,294,0,1,0
12585,305,106,97,1,0
12586,305,400,99,1,0
12587,305,213,98,1,0
12588,305,358,6,1,0
12589,305,296,0,1,0
12590,305,412,4,1,0
12591,305,58,87,1,0
12592,305,332,99,1,0
12593,305,137,4,1,0
12594,305,153,7,1,0
12595,305,170,95,1,0
12596,305,152,0,1,0
12597,305,50,0,1,0
12598,305,298,0,1,0
12599,305,208,0,1,0
12600,306,181,98,1,0
12601,306,425,4,1,0
12602,306,66,39,1,0
12603,306,318,8,1,0
12604,306,390,33,1,0
12605,306,246,46,1,0
12606,306,261,20,1,0
12607,306,325,0,1,0
12608,306,170,4,1,0
12609,306,399,99,1,0
12610,306,291,99,1,0
12611,306,182,98,1,0
12612,306,167,99,1,0
12613,306,313,58,1,0
12614,306,274,87,1,0
12615,306,45,4,1,0
12616,306,388,99,1,0
12617,306,225,72,1,0
12618,306,367,99,1,0
12619,306,210,99,1,0
12620,306,144,0,1,0
12621,306,248,0,1,0
12622,306,31,99,1,0
12623,306,319,99,1,0
12624,306,439,99,1,0
12625,306,326,8,1,0
12626,306,241,0,1,0
12627,306,369,4,1,0
12628,306,245,99,1,0
12629,306,424,83,1,0
12630,306,62,0,1,0
12631,306,57,0,1,0
12632,306,186,76,1,0
12633,306,91,99,1,0
12634,306,20,0,1,0
12635,306,405,6,1,0
12636,306,433,1,1,0
12637,306,434,0,1,0
12638,306,381,99,1,0
12639,306,392,0,1,0
12640,308,105,0,1,0
12641,308,395,91,1,0
12642,308,69,0,1,0
12643,308,202,20,1,0
12644,308,348,0,1,0
12645,308,182,91,1,0
12646,308,356,13,1,0
12647,308,81,0,1,0
12648,308,237,4,1,0
12649,308,163,99,1,0
12650,308,84,0,1,0
12651,308,302,1,1,0
12652,308,135,71,1,0
12653,308,193,0,1,0
12654,308,255,91,1,0
12655,308,149,0,1,0
12656,308,298,4,1,0
12657,308,102,0,1,0
12658,308,47,81,1,0
12659,308,56,0,1,0
12660,308,230,0,1,0
12661,308,197,0,1,0
12662,308,126,32,1,0
12663,308,363,99,1,0
12664,308,232,0,1,0
12665,308,131,91,1,0
12666,308,313,0,1,0
12667,308,325,0,1,0
12668,308,336,4,1,0
12669,308,201,0,1,0
12670,308,405,18,1,0
12671,308,121,0,1,0
12672,308,357,0,1,0
12673,308,92,0,1,0
12674,308,330,99,1,0
12675,308,370,0,1,0
12676,308,123,91,1,0
12677,308,189,0,1,0
12678,308,110,91,1,0
12679,308,141,46,1,0
12680,309,371,98,1,0
12681,309,350,71,1,0
12682,309,340,63,1,0
12683,309,139,98,1,0
12684,309,237,98,1,0
12685,309,334,58,1,0
12686,309,275,98,1,0
12687,309,62,57,1,0
12688,309,69,62,1,0
12689,309,348,21,1,0
12690,309,66,60,1,0
12691,309,32,2,1,0
12692,309,45,0,1,0
12693,309,380,0,1,0
12694,309,145,62,1,0
12695,309,420,78,1,0
12696,309,155,98,1,0
12697,309,332,97,1,0
12698,309,426,0,1,0
12699,309,306,0,1,0
12700,309,23,98,1,0
12701,309,238,0,1,0
12702,309,131,98,1,0
12703,309,199,98,1,0
12704,309,118,0,1,0
12705,309,285,76,1,0
12706,309,76,60,1,0
12707,309,127,98,1,0
12708,309,261,42,1,0
12709,309,201,3,1,0
12710,309,411,98,1,0
12711,309,361,0,1,0
12712,309,368,62,1,0
12713,309,214,72,1,0
12714,309,140,42,1,0
12715,309,364,0,1,0
12716,309,378,71,1,0
12717,309,247,98,1,0
12718,309,147,98,1,0
12719,309,402,3,1,0
12720,310,214,99,1,0
12721,310,412,0,1,0
12722,310,325,0,1,0
12723,310,96,0,1,0
12724,310,369,57,1,0
12725,310,418,75,1,0
12726,310,53,2,1,0
12727,310,78,99,1,0
12728,310,233,80,1,0
12729,310,74,92,1,0
12730,310,288,99,1,0
12731,310,88,2,1,0
12732,310,319,99,1,0
12733,310,318,17,1,0
12734,310,285,0,1,0
12735,310,422,72,1,0
12736,310,343,99,1,0
12737,310,159,99,1,0
12738,310,120,0,1,0
12739,310,362,60,1,0
12740,310,381,99,1,0
12741,310,171,99,1,0
12742,310,195,99,1,0
12743,310,153,0,1,0
12744,310,148,0,1,0
12745,310,405,2,1,0
12746,310,212,0,1,0
12747,310,128,3,1,0
12748,310,68,0,1,0
12749,310,90,0,1,0
12750,310,79,99,1,0
12751,310,151,99,1,0
12752,310,227,99,1,0
12753,310,245,0,1,0
12754,310,92,98,1,0
12755,310,46,7,1,0
12756,310,93,99,1,0
12757,310,216,21,1,0
12758,310,358,0,1,0
12759,310,338,39,1,0
12760,311,117,0,1,0
12761,311,299,99,1,0
12762,311,58,0,1,0
12763,311,284,0,1,0
12764,311,384,0,1,0
12765,311,172,0,1,0
12766,311,239,67,1,0
12767,311,430,0,1,0
12768,311,328,0,1,0
12769,311,322,0,1,0
12770,311,396,0,1,0
12771,311,418,0,1,0
12772,311,347,52,1,0
12773,311,50,0,1,0
12774,311,333,0,1,0
12775,311,280,0,1,0
12776,311,312,0,1,0
12777,311,224,0,1,0
12778,311,215,91,1,0
12779,311,212,0,1,0
12780,311,198,0,1,0
12781,311,115,87,1,0
12782,311,268,0,1,0
12783,311,297,0,1,0
12784,311,98,0,1,0
12785,311,378,0,1,0
12786,311,273,4,1,0
12787,311,221,0,1,0
12788,311,339,99,1,0
12789,311,170,0,1,0
12790,311,180,0,1,0
12791,311,234,0,1,0
12792,311,38,0,1,0
12793,311,122,0,1,0
12794,311,330,0,1,0
12795,311,306,0,1,0
12796,311,415,0,1,0
12797,311,149,0,1,0
12798,311,233,4,1,0
12799,311,186,0,1,0
12800,313,181,0,1,0
12801,313,292,0,1,0
12802,313,164,64,1,0
12803,313,351,97,1,0
12804,313,329,92,1,0
12805,313,267,99,1,0
12806,313,297,2,1,0
12807,313,249,0,1,0
12808,313,416,0,1,0
12809,313,358,0,1,0
12810,313,81,0,1,0
12811,313,304,0,1,0
12812,313,286,10,1,0
12813,313,260,39,1,0
12814,313,244,41,1,0
12815,313,94,4,1,0
12816,313,141,26,1,0
12817,313,324,0,1,0
12818,313,429,0,1,0
12819,313,162,5,1,0
12820,313,361,4,1,0
12821,313,275,97,1,0
12822,313,390,0,1,0
12823,313,415,97,1,0
12824,313,53,0,1,0
12825,313,352,0,1,0
12826,313,334,0,1,0
12827,313,417,0,1,0
12828,313,219,91,1,0
12829,313,387,99,1,0
12830,313,62,0,1,0
12831,313,91,91,1,0
12832,313,161,4,1,0
12833,313,422,0,1,0
12834,313,247,97,1,0
12835,313,143,97,1,0
12836,313,362,4,1,0
12837,313,158,4,1,0
12838,313,427,97,1,0
12839,313,198,7,1,0
12840,314,384,0,1,0
12841,314,252,0,1,0
12842,314,132,0,1,0
12843,314,312,0,1,0
12844,314,114,0,1,0
12845,314,241,0,1,0
12846,314,316,0,1,0
12847,314,233,93,1,0
12848,314,131,90,1,0
12849,314,102,15,1,0
12850,314,438,0,1,0
12851,314,337,0,1,0
12852,314,266,97,1,0
12853,314,43,98,1,0
12854,314,53,42,1,0
12855,314,249,0,1,0
12856,314,392,85,1,0
12857,314,405,0,1,0
12858,314,199,98,1,0
12859,314,322,97,1,0
12860,314,76,0,1,0
12861,314,212,0,1,0
12862,314,139,98,1,0
12863,314,166,0,1,0
12864,314,179,98,1,0
12865,314,425,21,1,0
12866,314,348,48,1,0
12867,314,242,0,1,0
12868,314,230,5,1,0
12869,314,280,98,1,0
12870,314,48,4,1,0
12871,314,163,98,1,0
12872,314,295,91,1,0
12873,314,86,4,1,0
12874,314,397,40,1,0
12875,314,180,0,1,0
12876,314,178,4,1,0
12877,314,64,7,1,0
12878,314,184,0,1,0
12879,314,255,97,1,0
12880,315,215,99,1,0
12881,315,161,0,1,0
12882,315,208,0,1,0
12883,315,252,0,1,0
12884,315,31,0,1,0
12885,315,257,0,1,0
12886,315,373,0,1,0
12887,315,276,0,1,0
12888,315,48,0,1,0
12889,315,380,0,1,0
12890,315,144,0,1,0
12891,315,351,0,1,0
12892,315,300,0,1,0
12893,315,213,0,1,0
12894,315,94,0,1,0
12895,315,289,4,1,0
12896,315,133,0,1,0
12897,315,350,4,1,0
12898,315,419,97,1,0
12899,315,314,0,1,0
12900,315,394,0,1,0
12901,315,113,0,1,0
12902,315,333,0,1,0
12903,315,263,91,1,0
12904,315,262,0,1,0
12905,315,322,0,1,0
12906,315,382,0,1,0
12907,315,285,0,1,0
12908,315,139,99,1,0
12909,315,255,91,1,0
12910,315,50,0,1,0
12911,315,324,0,1,0
12912,315,137,0,1,0
12913,315,270,0,1,0
12914,315,343,97,1,0
12915,315,216,0,1,0
12916,315,51,97,1,0
12917,315,21,0,1,0
12918,315,130,0,1,0
12919,315,132,0,1,0
12920,316,149,0,1,0
12921,316,320,62,1,0
12922,316,91,98,1,0
12923,316,94,98,1,0
12924,316,189,98,1,0
12925,316,411,98,1,0
12926,316,309,21,1,0
12927,316,154,92,1,0
12928,316,437,99,1,0
12929,316,250,98,1,0
12930,316,163,99,1,0
12931,316,408,0,1,0
12932,316,98,85,1,0
12933,316,281,98,1,0
12934,316,187,99,1,0
12935,316,392,84,1,0
12936,316,192,98,1,0
12937,316,334,92,1,0
12938,316,227,98,1,0
12939,316,63,98,1,0
12940,316,97,98,1,0
12941,316,272,0,1,0
12942,316,122,70,1,0
12943,316,291,98,1,0
12944,316,311,99,1,0
12945,316,369,85,1,0
12946,316,389,99,1,0
12947,316,317,0,1,0
12948,316,79,98,1,0
12949,316,23,98,1,0
12950,316,251,99,1,0
12951,316,266,98,1,0
12952,316,360,98,1,0
12953,316,383,99,1,0
12954,316,310,91,1,0
12955,316,247,98,1,0
12956,316,355,98,1,0
12957,316,234,91,1,0
12958,316,216,94,1,0
12959,316,181,98,1,0
12960,318,71,99,1,0
12961,318,223,99,1,0
12962,318,80,3,1,0
12963,318,148,0,1,0
12964,318,304,0,1,0
12965,318,353,0,1,0
12966,318,316,0,1,0
12967,318,420,0,1,0
12968,318,384,0,1,0
12969,318,119,99,1,0
12970,318,343,99,1,0
12971,318,330,93,1,0
12972,318,243,99,1,0
12973,318,207,99,1,0
12974,318,437,4,1,0
12975,318,68,0,1,0
12976,318,66,1,1,0
12977,318,429,3,1,0
12978,318,396,0,1,0
12979,318,397,40,1,0
12980,318,203,99,1,0
12981,318,383,99,1,0
12982,318,373,13,1,0
12983,318,231,99,1,0
12984,318,299,99,1,0
12985,318,277,0,1,0
12986,318,165,0,1,0
12987,318,46,13,1,0
12988,318,273,99,1,0
12989,318,245,4,1,0
12990,318,54,2,1,0
12991,318,222,2,1,0
12992,318,337,3,1,0
12993,318,125,98,1,0
12994,318,136,0,1,0
12995,318,51,99,1,0
12996,318,252,0,1,0
12997,318,187,99,1,0
12998,318,214,99,1,0
12999,318,242,0,1,0
13000,319,307,0,1,0
13001,319,394,0,1,0
13002,319,309,0,1,0
13003,319,195,0,1,0
13004,319,287,0,1,0
13005,319,391,0,1,0
13006,319,252,0,1,0
13007,319,83,0,1,0
13008,319,326,0,1,0
13009,319,124,0,1,0
13010,319,421,0,1,0
13011,319,360,0,1,0
13012,319,266,0,1,0
13013,319,177,0,1,0
13014,319,25,0,1,0
13015,319,235,0,1,0
13016,319,337,0,1,0
13017,319,104,0,1,0
13018,319,257,0,1,0
13019,319,388,0,1,0
13020,319,149,0,1,0
13021,319,387,0,1,0
13022,319,224,0,1,0
13023,319,24,0,1,0
13024,319,190,0,1,0
13025,319,48,0,1,0
13026,319,386,0,1,0
13027,319,284,0,1,0
13028,319,288,0,1,0
13029,319,207,0,1,0
13030,319,318,0,1,0
13031,319,280,0,1,0
13032,319,251,0,1,0
13033,319,106,0,1,0
13034,319,60,0,1,0
13035,319,138,0,1,0
13036,319,160,0,1,0
13037,319,161,0,1,0
13038,319,90,0,1,0
13039,319,408,0,1,0
13040,320,23,98,1,0
13041,320,47,98,1,0
13042,320,116,0,1,0
13043,320,205,8,1,0
13044,320,237,99,1,0
13045,320,340,98,1,0
13046,320,272,0,1,0
13047,320,44,98,1,0
13048,320,221,98,1,0
13049,320,257,75,1,0
13050,320,358,0,1,0
13051,320,267,99,1,0
13052,320,204,98,1,0
13053,320,412,0,1,0
13054,320,60,0,1,0
13055,320,214,98,1,0
13056,320,331,99,1,0
13057,320,100,76,1,0
13058,320,213,96,1,0
13059,320,149,0,1,0
13060,320,195,99,1,0
13061,320,236,0,1,0
13062,320,262,0,1,0
13063,320,411,98,1,0
13064,320,165,97,1,0
13065,320,225,98,1,0
13066,320,404,0,1,0
13067,320,303,99,1,0
13068,320,122,98,1,0
13069,320,394,0,1,0
13070,320,54,96,1,0
13071,320,46,99,1,0
13072,320,369,0,1,0
13073,320,96,0,1,0
13074,320,294,0,1,0
13075,320,227,98,1,0
13076,320,309,0,1,0
13077,320,269,90,1,0
13078,320,220,19,1,0
13079,320,53,75,1,0
13080,322,62,0,1,0
13081,322,102,0,1,0
13082,322,193,0,1,0
13083,322,165,0,1,0
13084,322,315,99,1,0
13085,322,235,97,1,0
13086,322,408,60,1,0
13087,322,180,0,1,0
13088,322,271,99,1,0
13089,322,20,0,1,0
13090,322,39,97,1,0
13091,322,312,0,1,0
13092,322,421,0,1,0
13093,322,84,0,1,0
13094,322,70,0,1,0
13095,322,406,2,1,0
13096,322,198,35,1,0
13097,322,150,0,1,0
13098,322,292,0,1,0
13099,322,107,99,1,0
13100,322,260,97,1,0
13101,322,158,4,1,0
13102,322,186,0,1,0
13103,322,323,99,1,0
13104,322,261,0,1,0
13105,322,435,97,1,0
13106,322,233,28,1,0
13107,322,213,1,1,0
13108,322,122,0,1,0
13109,322,176,0,1,0
13110,322,89,0,1,0
13111,322,308,9,1,0
13112,322,413,0,1,0
13113,322,410,0,1,0
13114,322,290,0,1,0
13115,322,353,0,1,0
13116,322,155,97,1,0
13117,322,212,0,1,0
13118,322,153,0,1,0
13119,322,391,99,1,0
13120,323,60,0,1,0
13121,323,40,3,1,0
13122,323,308,4,1,0
13123,323,189,0,1,0
13124,323,383,99,1,0
13125,323,320,0,1,0
13126,323,404,0,1,0
13127,323,100,0,1,0
13128,323,59,92,1,0
13129,323,347,99,1,0
13130,323,146,0,1,0
13131,323,129,1,1,0
13132,323,324,0,1,0
13133,323,412,0,1,0
13134,323,199,99,1,0
13135,323,293,0,1,0
13136,323,196,0,1,0
13137,323,64,0,1,0
13138,323,351,23,1,0
13139,323,119,99,1,0
13140,323,174,0,1,0
13141,323,416,0,1,0
13142,323,49,0,1,0
13143,323,332,99,1,0
13144,323,179,99,1,0
13145,323,212,0,1,0
13146,323,315,33,1,0
13147,323,415,62,1,0
13148,323,134,0,1,0
13149,323,35,4,1,0
13150,323,239,99,1,0
13151,323,97,51,1,0
13152,323,167,98,1,0
13153,323,233,4,1,0
13154,323,72,0,1,0
13155,323,325,0,1,0
13156,323,188,8,1,0
13157,323,349,0,1,0
13158,323,90,0,1,0
13159,323,292,0,1,0
13160,324,358,96,1,0
13161,324,161,0,1,0
13162,324,412,0,1,0
13163,324,269,89,1,0
13164,324,249,0,1,0
13165,324,107,96,1,0
13166,324,411,96,1,0
13167,324,314,96,1,0
13168,324,203,59,1,0
13169,324,409,69,1,0
13170,324,299,95,1,0
13171,324,122,98,1,0
13172,324,416,0,1,0
13173,324,182,86,1,0
13174,324,27,96,1,0
13175,324,63,98,1,0
13176,324,193,98,1,0
13177,324,104,0,1,0
13178,324,293,0,1,0
13179,324,65,0,1,0
13180,324,117,98,1,0
13181,324,391,83,1,0
13182,324,194,79,1,0
13183,324,199,95,1,0
13184,324,227,98,1,0
13185,324,234,0,1,0
13186,324,167,87,1,0
13187,324,235,53,1,0
13188,324,295,58,1,0
13189,324,143,96,1,0
13190,324,439,34,1,0
13191,324,384,0,1,0
13192,324,380,99,1,0
13193,324,151,96,1,0
13194,324,383,44,1,0
13195,324,248,0,1,0
13196,324,147,99,1,0
13197,324,118,0,1,0
13198,324,106,84,1,0
13199,324,179,99,1,0
13200,325,288,10,1,0
13201,325,115,44,1,0
13202,325,256,0,1,0
13203,325,337,0,1,0
13204,325,377,0,1,0
13205,325,246,0,1,0
13206,325,318,0,1,0
13207,325,416,0,1,0
13208,325,231,49,1,0
13209,325,328,3,1,0
13210,325,75,33,1,0
13211,325,349,0,1,0
13212,325,63,39,1,0
13213,325,217,0,1,0
13214,325,239,23,1,0
13215,325,429,0,1,0
13216,325,36,0,1,0
13217,325,352,0,1,0
13218,325,52,10,1,0
13219,325,384,0,1,0
13220,325,55,34,1,0
13221,325,150,19,1,0
13222,325,90,0,1,0
13223,325,291,33,1,0
13224,325,392,0,1,0
13225,325,329,0,1,0
13226,325,310,0,1,0
13227,325,212,0,1,0
13228,325,317,0,1,0
13229,325,92,11,1,0
13230,325,282,15,1,0
13231,325,168,0,1,0
13232,325,269,0,1,0
13233,325,221,0,1,0
13234,325,396,0,1,0
13235,325,406,0,1,0
13236,325,414,0,1,0
13237,325,207,38,1,0
13238,325,276,0,1,0
13239,325,251,34,1,0
13240,327,425,0,1,0
13241,327,209,0,1,0
13242,327,54,0,1,0
13243,327,221,0,1,0
13244,327,91,0,1,0
13245,327,42,0,1,0
13246,327,204,0,1,0
13247,327,92,0,1,0
13248,327,404,0,1,0
13249,327,78,0,1,0
13250,327,375,0,1,0
13251,327,93,0,1,0
13252,327,167,0,1,0
13253,327,300,0,1,0
13254,327,426,0,1,0
13255,327,366,0,1,0
13256,327,274,0,1,0
13257,327,228,4,1,0
13258,327,415,0,1,0
13259,327,313,0,1,0
13260,327,202,0,1,0
13261,327,394,0,1,0
13262,327,127,0,1,0
13263,327,104,0,1,0
13264,327,58,0,1,0
13265,327,347,0,1,0
13266,327,79,0,1,0
13267,327,342,0,1,0
13268,327,200,0,1,0
13269,327,231,0,1,0
13270,327,145,0,1,0
13271,327,439,0,1,0
13272,327,383,0,1,0
13273,327,299,0,1,0
13274,327,67,0,1,0
13275,327,220,0,1,0
13276,327,52,0,1,0
13277,327,385,0,1,0
13278,327,241,0,1,0
13279,327,76,0,1,0
13280,328,131,3,1,0
13281,328,343,3,1,0
13282,328,35,0,1,0
13283,328,353,0,1,0
13284,328,210,0,1,0
13285,328,261,0,1,0
13286,328,226,0,1,0
13287,328,138,0,1,0
13288,328,162,0,1,0
13289,328,91,3,1,0
13290,328,157,0,1,0
13291,328,244,0,1,0
13292,328,366,4,1,0
13293,328,42,4,1,0
13294,328,30,0,1,0
13295,328,314,4,1,0
13296,328,404,40,1,0
13297,328,151,3,1,0
13298,328,351,0,1,0
13299,328,80,0,1,0
13300,328,231,99,1,0
13301,328,417,0,1,0
13302,328,322,0,1,0
13303,328,50,7,1,0
13304,328,292,0,1,0
13305,328,275,3,1,0
13306,328,175,25,1,0
13307,328,326,0,1,0
13308,328,99,99,1,0
13309,328,370,0,1,0
13310,328,153,0,1,0
13311,328,114,5,1,0
13312,328,264,0,1,0
13313,328,432,0,1,0
13314,328,288,0,1,0
13315,328,169,4,1,0
13316,328,188,0,1,0
13317,328,373,0,1,0
13318,328,201,63,1,0
13319,328,256,0,1,0
13320,329,197,0,1,0
13321,329,87,99,1,0
13322,329,181,1,1,0
13323,329,300,0,1,0
13324,329,318,0,1,0
13325,329,240,8,1,0
13326,329,190,0,1,0
13327,329,81,3,1,0
13328,329,47,14,1,0
13329,329,64,14,1,0
13330,329,68,0,1,0
13331,329,275,15,1,0
13332,329,27,0,1,0
13333,329,143,98,1,0
13334,329,110,99,1,0
13335,329,26,0,1,0
13336,329,304,5,1,0
13337,329,276,0,1,0
13338,329,372,0,1,0
13339,329,97,0,1,0
13340,329,77,0,1,0
13341,329,269,14,1,0
13342,329,92,0,1,0
13343,329,96,0,1,0
13344,329,170,0,1,0
13345,329,36,5,1,0
13346,329,330,45,1,0
13347,329,309,4,1,0
13348,329,324,0,1,0
13349,329,141,0,1,0
13350,329,157,0,1,0
13351,329,244,1,1,0
13352,329,53,4,1,0
13353,329,254,0,1,0
13354,329,152,0,1,0
13355,329,358,0,1,0
13356,329,277,0,1,0
13357,329,421,0,1,0
13358,329,307,99,1,0
13359,329,210,88,1,0
13360,330,87,95,1,0
13361,330,328,0,1,0
13362,330,323,32,1,0
13363,330,132,0,1,0
13364,330,354,57,1,0
13365,330,425,4,1,0
13366,330,418,4,1,0
13367,330,202,4,1,0
13368,330,352,0,1,0
13369,330,126,4,1,0
13370,330,307,90,1,0
13371,330,407,95,1,0
13372,330,182,90,1,0
13373,330,422,9,1,0
13374,330,350,4,1,0
13375,330,180,0,1,0
13376,330,260,97,1,0
13377,330,414,0,1,0
13378,330,258,4,1,0
13379,330,74,4,1,0
13380,330,122,4,1,0
13381,330,193,0,1,0
13382,330,196,0,1,0
13383,330,383,90,1,0
13384,330,135,95,1,0
13385,330,309,3,1,0
13386,330,266,4,1,0
13387,330,316,0,1,0
13388,330,281,0,1,0
13389,330,29,0,1,0
13390,330,411,95,1,0
13391,330,50,11,1,0
13392,330,396,0,1,0
13393,330,53,4,1,0
13394,330,60,98,1,0
13395,330,341,4,1,0
13396,330,340,4,1,0
13397,330,365,0,1,0
13398,330,54,4,1,0
13399,330,115,99,1,0
13400,332,159,70,1,0
13401,332,82,0,1,0
13402,332,378,0,1,0
13403,332,74,0,1,0
13404,332,308,0,1,0
13405,332,110,98,1,0
13406,332,296,0,1,0
13407,332,339,46,1,0
13408,332,73,0,1,0
13409,332,67,0,1,0
13410,332,184,0,1,0
13411,332,343,0,1,0
13412,332,358,0,1,0
13413,332,205,8,1,0
13414,332,359,0,1,0
13415,332,408,0,1,0
13416,332,283,64,1,0
13417,332,68,0,1,0
13418,332,76,0,1,0
13419,332,37,0,1,0
13420,332,130,0,1,0
13421,332,309,0,1,0
13422,332,133,0,1,0
13423,332,46,0,1,0
13424,332,383,86,1,0
13425,332,202,0,1,0
13426,332,369,0,1,0
13427,332,28,0,1,0
13428,332,328,0,1,0
13429,332,342,0,1,0
13430,332,266,0,1,0
13431,332,108,0,1,0
13432,332,98,0,1,0
13433,332,300,0,1,0
13434,332,172,0,1,0
13435,332,287,61,1,0
13436,332,269,4,1,0
13437,332,57,93,1,0
13438,332,367,50,1,0
13439,332,233,4,1,0
13440,333,27,17,1,0
13441,333,106,1,1,0
13442,333,350,14,1,0
13443,333,97,36,1,0
13444,333,361,8,1,0
13445,333,265,7,1,0
13446,333,30,14,1,0
13447,333,208,0,1,0
13448,333,411,99,1,0
13449,333,65,11,1,0
13450,333,168,7,1,0
13451,333,310,6,1,0
13452,333,254,1,1,0
13453,333,382,1,1,0
13454,333,268,7,1,0
13455,333,301,7,1,0
13456,333,231,99,1,0
13457,333,96,0,1,0
13458,333,309,2,1,0
13459,333,391,99,1,0
13460,333,408,85,1,0
13461,333,321,1,1,0
13462,333,394,0,1,0
13463,333,402,0,1,0
13464,333,317,0,1,0
13465,333,94,17,1,0
13466,333,200,90,1,0
13467,333,159,99,1,0
13468,333,90,2,1,0
13469,333,221,12,1,0
13470,333,327,99,1,0
13471,333,399,99,1,0
13472,333,318,1,1,0
13473,333,336,13,1,0
13474,333,202,0,1,0
13475,333,153,0,1,0
13476,333,68,0,1,0
13477,333,76,7,1,0
13478,333,206,1,1,0
13479,333,381,28,1,0
13480,334,287,99,1,0
13481,334,128,19,1,0
13482,334,335,99,1,0
13483,334,275,99,1,0
13484,334,24,0,1,0
13485,334,328,99,1,0
13486,334,415,99,1,0
13487,334,199,99,1,0
13488,334,370,54,1,0
13489,334,177,0,1,0
13490,334,269,0,1,0
13491,334,300,0,1,0
13492,334,148,0,1,0
13493,334,170,4,1,0
13494,334,126,4,1,0
13495,334,39,99,1,0
13496,334,347,99,1,0
13497,334,397,0,1,0
13498,334,178,99,1,0
13499,334,316,3,1,0
13500,334,384,0,1,0
13501,334,435,99,1,0
13502,334,62,92,1,0
13503,334,171,99,1,0
13504,334,185,0,1,0
13505,334,43,99,1,0
13506,334,32,18,1,0
13507,334,268,12,1,0
13508,334,73,4,1,0
13509,334,159,99,1,0
13510,334,429,15,1,0
13511,334,26,8,1,0
13512,334,58,99,1,0
13513,334,431,99,1,0
13514,334,46,24,1,0
13515,334,291,99,1,0
13516,334,318,30,1,0
13517,334,348,90,1,0
13518,334,294,0,1,0
13519,334,420,99,1,0
13520,335,113,0,1,0
13521,335,170,0,1,0
13522,335,216,0,1,0
13523,335,227,97,1,0
13524,335,245,0,1,0
13525,335,402,0,1,0
13526,335,107,99,1,0
13527,335,346,0,1,0
13528,335,165,0,1,0
13529,335,433,0,1,0
13530,335,424,77,1,0
13531,335,411,99,1,0
13532,335,60,0,1,0
13533,335,203,99,1,0
13534,335,317,0,1,0
13535,335,231,99,1,0
13536,335,270,0,1,0
13537,335,57,0,1,0
13538,335,85,0,1,0
13539,335,425,4,1,0
13540,335,150,0,1,0
13541,335,212,0,1,0
13542,335,420,0,1,0
13543,335,111,4,1,0
13544,335,241,0,1,0
13545,335,233,4,1,0
13546,335,159,99,1,0
13547,335,382,0,1,0
13548,335,103,42,1,0
13549,335,180,0,1,0
13550,335,88,0,1,0
13551,335,178,0,1,0
13552,335,391,99,1,0
13553,335,419,99,1,0
13554,335,310,0,1,0
13555,335,436,0,1,0
13556,335,41,0,1,0
13557,335,301,0,1,0
13558,335,218,0,1,0
13559,335,51,99,1,0
13560,337,220,0,1,0
13561,337,173,3,1,0
13562,337,312,98,1,0
13563,337,123,98,1,0
13564,337,186,5,1,0
13565,337,211,98,1,0
13566,337,305,98,1,0
13567,337,145,0,1,0
13568,337,22,99,1,0
13569,337,302,98,1,0
13570,337,422,98,1,0
13571,337,419,98,1,0
13572,337,304,62,1,0
13573,337,392,65,1,0
13574,337,317,0,1,0
13575,337,399,0,1,0
13576,337,310,0,1,0
13577,337,300,0,1,0
13578,337,181,18,1,0
13579,337,54,99,1,0
13580,337,62,0,1,0
13581,337,330,99,1,0
13582,337,427,98,1,0
13583,337,255,98,1,0
13584,337,425,0,1,0
13585,337,172,0,1,0
13586,337,127,98,1,0
13587,337,38,4,1,0
13588,337,368,98,1,0
13589,337,256,0,1,0
13590,337,344,2,1,0
13591,337,126,1,1,0
13592,337,177,0,1,0
13593,337,37,98,1,0
13594,337,277,0,1,0
13595,337,85,0,1,0
13596,337,202,0,1,0
13597,337,83,99,1,0
13598,337,358,0,1,0
13599,337,346,0,1,0
13600,338,434,0,1,0
13601,338,157,4,1,0
13602,338,200,63,1,0
13603,338,27,99,1,0
13604,338,243,99,1,0
13605,338,99,99,1,0
13606,338,63,99,1,0
13607,338,301,0,1,0
13608,338,433,0,1,0
13609,338,120,0,1,0
13610,338,180,0,1,0
13611,338,191,99,1,0
13612,338,247,99,1,0
13613,338,267,99,1,0
13614,338,236,0,1,0
13615,338,249,0,1,0
13616,338,95,99,1,0
13617,338,225,40,1,0
13618,338,406,0,1,0
13619,338,211,99,1,0
13620,338,424,83,1,0
13621,338,112,0,1,0
13622,338,382,4,1,0
13623,338,66,0,1,0
13624,338,284,0,1,0
13625,338,115,99,1,0
13626,338,372,0,1,0
13627,338,230,0,1,0
13628,338,416,0,1,0
13629,338,286,89,1,0
13630,338,361,4,1,0
13631,338,291,97,1,0
13632,338,214,97,1,0
13633,338,282,99,1,0
13634,338,318,4,1,0
13635,338,168,0,1,0
13636,338,163,99,1,0
13637,338,379,99,1,0
13638,338,238,22,1,0
13639,338,160,0,1,0
13640,339,331,99,1,0
13641,339,279,4,1,0
13642,339,327,99,1,0
13643,339,277,0,1,0
13644,339,311,0,1,0
13645,339,33,0,1,0
13646,339,266,0,1,0
13647,339,110,97,1,0
13648,339,130,0,1,0
13649,339,145,0,1,0
13650,339,154,0,1,0
13651,339,64,0,1,0
13652,339,265,0,1,0
13653,339,94,0,1,0
13654,339,75,0,1,0
13655,339,95,0,1,0
13656,339,324,0,1,0
13657,339,47,0,1,0
13658,339,36,4,1,0
13659,339,244,0,1,0
13660,339,115,93,1,0
13661,339,146,0,1,0
13662,339,201,0,1,0
13663,339,374,0,1,0
13664,339,404,0,1,0
13665,339,425,0,1,0
13666,339,78,0,1,0
13667,339,66,0,1,0
13668,339,61,0,1,0
13669,339,216,0,1,0
13670,339,262,0,1,0
13671,339,358,0,1,0
13672,339,347,0,1,0
13673,339,205,0,1,0
13674,339,293,0,1,0
13675,339,155,97,1,0
13676,339,234,0,1,0
13677,339,193,0,1,0
13678,339,121,0,1,0
13679,339,23,0,1,0
13680,341,260,97,1,0
13681,341,363,99,1,0
13682,341,266,99,1,0
13683,341,136,0,1,0
13684,341,427,99,1,0
13685,341,173,80,1,0
13686,341,199,99,1,0
13687,341,431,99,1,0
13688,341,330,93,1,0
13689,341,345,75,1,0
13690,341,209,69,1,0
13691,341,347,99,1,0
13692,341,300,0,1,0
13693,341,99,99,1,0
13694,341,263,99,1,0
13695,341,393,91,1,0
13696,341,195,99,1,0
13697,341,384,0,1,0
13698,341,432,0,1,0
13699,341,211,99,1,0
13700,341,410,92,1,0
13701,341,137,66,1,0
13702,341,349,67,1,0
13703,341,40,98,1,0
13704,341,216,39,1,0
13705,341,177,0,1,0
13706,341,71,99,1,0
13707,341,219,99,1,0
13708,341,387,99,1,0
13709,341,428,70,1,0
13710,341,182,96,1,0
13711,341,386,99,1,0
13712,341,318,92,1,0
13713,341,22,99,1,0
13714,341,174,0,1,0
13715,341,67,99,1,0
13716,341,375,99,1,0
13717,341,255,99,1,0
13718,341,287,99,1,0
13719,341,292,0,1,0
13720,342,246,0,1,0
13721,342,104,0,1,0
13722,342,231,99,1,0
13723,342,368,98,1,0
13724,342,213,48,1,0
13725,342,32,3,1,0
13726,342,285,0,1,0
13727,342,425,24,1,0
13728,342,245,4,1,0
13729,342,326,75,1,0
13730,342,254,2,1,0
13731,342,439,99,1,0
13732,342,80,3,1,0
13733,342,107,99,1,0
13734,342,165,2,1,0
13735,342,260,97,1,0
13736,342,356,0,1,0
13737,342,198,99,1,0
13738,342,402,0,1,0
13739,342,42,99,1,0
13740,342,218,4,1,0
13741,342,133,1,1,0
13742,342,220,30,1,0
13743,342,209,95,1,0
13744,342,343,99,1,0
13745,342,91,99,1,0
13746,342,71,99,1,0
13747,342,310,43,1,0
13748,342,176,0,1,0
13749,342,252,0,1,0
13750,342,238,42,1,0
13751,342,324,0,1,0
13752,342,126,77,1,0
13753,342,429,3,1,0
13754,342,69,8,1,0
13755,342,181,98,1,0
13756,342,406,2,1,0
13757,342,292,0,1,0
13758,342,350,99,1,0
13759,342,335,99,1,0
13760,343,55,99,1,0
13761,343,88,0,1,0
13762,343,220,0,1,0
13763,343,366,0,1,0
13764,343,411,99,1,0
13765,343,142,0,1,0
13766,343,129,1,1,0
13767,343,216,0,1,0
13768,343,235,99,1,0
13769,343,437,4,1,0
13770,343,281,0,1,0
13771,343,200,0,1,0
13772,343,21,0,1,0
13773,343,62,0,1,0
13774,343,114,0,1,0
13775,343,218,0,1,0
13776,343,158,0,1,0
13777,343,251,99,1,0
13778,343,211,62,1,0
13779,343,427,92,1,0
13780,343,424,71,1,0
13781,343,336,8,1,0
13782,343,295,97,1,0
13783,343,136,0,1,0
13784,343,210,0,1,0
13785,343,108,0,1,0
13786,343,153,0,1,0
13787,343,308,4,1,0
13788,343,419,92,1,0
13789,343,184,0,1,0
13790,343,241,0,1,0
13791,343,368,3,1,0
13792,343,222,0,1,0
13793,343,229,0,1,0
13794,343,69,0,1,0
13795,343,334,0,1,0
13796,343,266,0,1,0
13797,343,268,0,1,0
13798,343,24,0,1,0
13799,343,376,0,1,0
13800,344,407,99,1,0
13801,344,35,99,1,0
13802,344,90,91,1,0
13803,344,164,0,1,0
13804,344,117,0,1,0
13805,344,150,99,1,0
13806,344,91,99,1,0
13807,344,293,0,1,0
13808,344,141,8,1,0
13809,344,143,99,1,0
13810,344,182,33,1,0
13811,344,404,0,1,0
13812,344,230,55,1,0
13813,344,298,0,1,0
13814,344,418,91,1,0
13815,344,177,0,1,0
13816,344,34,85,1,0
13817,344,309,0,1,0
13818,344,193,0,1,0
13819,344,365,0,1,0
13820,344,115,99,1,0
13821,344,378,79,1,0
13822,344,340,0,1,0
13823,344,212,4,1,0
13824,344,199,65,1,0
13825,344,69,90,1,0
13826,344,83,99,1,0
13827,344,161,81,1,0
13828,344,392,0,1,0
13829,344,308,0,1,0
13830,344,133,0,1,0
13831,344,114,95,1,0
13832,344,413,34,1,0
13833,344,25,0,1,0
13834,344,271,99,1,0
13835,344,189,0,1,0
13836,344,343,99,1,0
13837,344,137,80,1,0
13838,344,292,0,1,0
13839,344,99,99,1,0
13840,346,220,8,1,0
13841,346,395,98,1,0
13842,346,262,0,1,0
13843,346,188,98,1,0
13844,346,118,0,1,0
13845,346,247,98,1,0
13846,346,339,99,1,0
13847,346,319,99,1,0
13848,346,294,5,1,0
13849,346,364,0,1,0
13850,346,284,0,1,0
13851,346,345,0,1,0
13852,346,147,99,1,0
13853,346,149,0,1,0
13854,346,155,98,1,0
13855,346,32,16,1,0
13856,346,377,98,1,0
13857,346,361,98,1,0
13858,346,64,86,1,0
13859,346,321,99,1,0
13860,346,178,92,1,0
13861,346,328,99,1,0
13862,346,222,98,1,0
13863,346,65,0,1,0
13864,346,439,98,1,0
13865,346,136,0,1,0
13866,346,56,0,1,0
13867,346,243,98,1,0
13868,346,362,37,1,0
13869,346,274,0,1,0
13870,346,146,99,1,0
13871,346,276,0,1,0
13872,346,343,98,1,0
13873,346,52,98,1,0
13874,346,296,0,1,0
13875,346,322,98,1,0
13876,346,438,0,1,0
13877,346,190,92,1,0
13878,346,358,1,1,0
13879,346,26,18,1,0
13880,347,212,0,1,0
13881,347,387,93,1,0
13882,347,149,0,1,0
13883,347,87,99,1,0
13884,347,190,0,1,0
13885,347,155,60,1,0
13886,347,277,0,1,0
13887,347,44,0,1,0
13888,347,280,0,1,0
13889,347,139,99,1,0
13890,347,430,0,1,0
13891,347,425,0,1,0
13892,347,131,24,1,0
13893,347,206,0,1,0
13894,347,353,0,1,0
13895,347,47,0,1,0
13896,347,225,0,1,0
13897,347,76,0,1,0
13898,347,398,0,1,0
13899,347,308,4,1,0
13900,347,301,0,1,0
13901,347,406,0,1,0
13902,347,50,0,1,0
13903,347,56,0,1,0
13904,347,173,0,1,0
13905,347,234,0,1,0
13906,347,332,9,1,0
13907,347,375,19,1,0
13908,347,257,0,1,0
13909,347,325,0,1,0
13910,347,392,0,1,0
13911,347,303,0,1,0
13912,347,237,3,1,0
13913,347,26,0,1,0
13914,347,349,0,1,0
13915,347,437,4,1,0
13916,347,376,0,1,0
13917,347,282,0,1,0
13918,347,400,4,1,0
13919,347,118,0,1,0
13920,348,176,41,1,0
13921,348,157,3,1,0
13922,348,437,4,1,0
13923,348,144,0,1,0
13924,348,302,3,1,0
13925,348,411,18,1,0
13926,348,331,98,1,0
13927,348,312,3,1,0
13928,348,127,98,1,0
13929,348,389,4,1,0
13930,348,205,0,1,0
13931,348,172,3,1,0
13932,348,269,0,1,0
13933,348,260,46,1,0
13934,348,86,3,1,0
13935,348,439,98,1,0
13936,348,398,3,1,0
13937,348,329,3,1,0
13938,348,378,3,1,0
13939,348,259,98,1,0
13940,348,195,99,1,0
13941,348,430,3,1,0
13942,348,338,3,1,0
13943,348,192,3,1,0
13944,348,123,11,1,0
13945,348,171,98,1,0
13946,348,45,0,1,0
13947,348,315,3,1,0
13948,348,385,3,1,0
13949,348,280,0,1,0
13950,348,117,8,1,0
13951,348,109,3,1,0
13952,348,313,8,1,0
13953,348,52,3,1,0
13954,348,376,0,1,0
13955,348,410,3,1,0
13956,348,160,0,1,0
13957,348,362,0,1,0
13958,348,112,3,1,0
13959,348,169,3,1,0
13960,349,303,99,1,0
13961,349,304,0,1,0
13962,349,380,99,1,0
13963,349,192,0,1,0
13964,349,215,99,1,0
13965,349,228,69,1,0
13966,349,89,4,1,0
13967,349,320,0,1,0
13968,349,55,99,1,0
13969,349,209,95,1,0
13970,349,137,4,1,0
13971,349,262,68,1,0
13972,349,146,93,1,0
13973,349,357,0,1,0
13974,349,49,0,1,0
13975,349,217,4,1,0
13976,349,188,55,1,0
13977,349,120,0,1,0
13978,349,316,0,1,0
13979,349,422,99,1,0
13980,349,196,0,1,0
13981,349,226,0,1,0
13982,349,128,59,1,0
13983,349,170,58,1,0
13984,349,375,95,1,0
13985,349,292,0,1,0
13986,349,254,0,1,0
13987,349,147,99,1,0
13988,349,305,2,1,0
13989,349,364,49,1,0
13990,349,347,99,1,0
13991,349,310,4,1,0
13992,349,427,99,1,0
13993,349,105,99,1,0
13994,349,368,98,1,0
13995,349,249,0,1,0
13996,349,35,72,1,0
13997,349,230,11,1,0
13998,349,317,0,1,0
13999,349,415,97,1,0
14000,351,288,4,1,0
14001,351,411,99,1,0
14002,351,123,99,1,0
14003,351,179,98,1,0
14004,351,62,0,1,0
14005,351,60,11,1,0
14006,351,312,0,1,0
14007,351,222,0,1,0
14008,351,93,0,1,0
14009,351,45,0,1,0
14010,351,340,0,1,0
14011,351,289,4,1,0
14012,351,295,91,1,0
14013,351,181,0,1,0
14014,351,22,7,1,0
14015,351,269,0,1,0
14016,351,395,99,1,0
14017,351,282,6,1,0
14018,351,262,0,1,0
14019,351,317,0,1,0
14020,351,407,99,1,0
14021,351,366,9,1,0
14022,351,195,99,1,0
14023,351,64,2,1,0
14024,351,409,0,1,0
14025,351,253,0,1,0
14026,351,203,99,1,0
14027,351,33,0,1,0
14028,351,177,0,1,0
14029,351,216,0,1,0
14030,351,408,0,1,0
14031,351,70,0,1,0
14032,351,251,99,1,0
14033,351,150,0,1,0
14034,351,242,0,1,0
14035,351,333,0,1,0
14036,351,361,4,1,0
14037,351,284,0,1,0
14038,351,155,99,1,0
14039,351,63,99,1,0
14040,352,346,0,1,0
14041,352,273,99,1,0
14042,352,103,99,1,0
14043,352,372,0,1,0
14044,352,403,98,1,0
14045,352,114,31,1,0
14046,352,377,96,1,0
14047,352,186,0,1,0
14048,352,266,70,1,0
14049,352,175,99,1,0
14050,352,142,0,1,0
14051,352,193,1,1,0
14052,352,408,0,1,0
14053,352,92,0,1,0
14054,352,102,0,1,0
14055,352,112,1,1,0
14056,352,145,0,1,0
14057,352,52,40,1,0
14058,352,140,0,1,0
14059,352,434,84,1,0
14060,352,386,0,1,0
14061,352,292,0,1,0
14062,352,126,43,1,0
14063,352,171,99,1,0
14064,352,321,99,1,0
14065,352,258,98,1,0
14066,352,348,71,1,0
14067,352,187,99,1,0
14068,352,85,5,1,0
14069,352,353,10,1,0
14070,352,303,99,1,0
14071,352,37,1,1,0
14072,352,24,0,1,0
14073,352,285,96,1,0
14074,352,110,99,1,0
14075,352,211,98,1,0
14076,352,308,93,1,0
14077,352,311,99,1,0
14078,352,357,0,1,0
14079,352,161,0,1,0
14080,353,141,0,1,0
14081,353,327,0,1,0
14082,353,368,0,1,0
14083,353,136,0,1,0
14084,353,32,0,1,0
14085,353,81,0,1,0
14086,353,184,0,1,0
14087,353,46,0,1,0
14088,353,260,0,1,0
14089,353,373,0,1,0
14090,353,68,0,1,0
14091,353,152,0,1,0
14092,353,305,0,1,0
14093,353,31,0,1,0
14094,353,164,0,1,0
14095,353,330,0,1,0
14096,353,320,0,1,0
14097,353,160,0,1,0
14098,353,272,0,1,0
14099,353,211,0,1,0
14100,353,323,0,1,0
14101,353,428,0,1,0
14102,353,270,0,1,0
14103,353,53,0,1,0
14104,353,191,0,1,0
14105,353,87,0,1,0
14106,353,283,6,1,0
14107,353,82,0,1,0
14108,353,189,0,1,0
14109,353,65,0,1,0
14110,353,246,0,1,0
14111,353,226,0,1,0
14112,353,313,0,1,0
14113,353,104,0,1,0
14114,353,365,0,1,0
14115,353,140,0,1,0
14116,353,231,6,1,0
14117,353,337,0,1,0
14118,353,192,0,1,0
14119,353,386,0,1,0
14120,354,304,4,1,0
14121,354,48,0,1,0
14122,354,131,0,1,0
14123,354,300,0,1,0
14124,354,305,0,1,0
14125,354,279,15,1,0
14126,354,234,0,1,0
14127,354,426,0,1,0
14128,354,153,0,1,0
14129,354,372,0,1,0
14130,354,296,0,1,0
14131,354,227,0,1,0
14132,354,332,2,1,0
14133,354,154,0,1,0
14134,354,31,0,1,0
14135,354,79,0,1,0
14136,354,105,0,1,0
14137,354,127,9,1,0
14138,354,124,3,1,0
14139,354,333,0,1,0
14140,354,192,0,1,0
14141,354,360,0,1,0
14142,354,151,0,1,0
14143,354,402,4,1,0
14144,354,271,0,1,0
14145,354,249,0,1,0
14146,354,35,0,1,0
14147,354,121,0,1,0
14148,354,225,0,1,0
14149,354,251,20,1,0
14150,354,359,0,1,0
14151,354,387,0,1,0
14152,354,341,0,1,0
14153,354,297,0,1,0
14154,354,208,0,1,0
14155,354,365,0,1,0
14156,354,147,3,1,0
14157,354,250,0,1,0
14158,354,358,0,1,0
14159,354,164,4,1,0
14160,356,347,33,1,0
14161,356,22,0,1,0
14162,356,365,25,1,0
14163,356,208,19,1,0
14164,356,43,22,1,0
14165,356,102,38,1,0
14166,356,324,0,1,0
14167,356,313,0,1,0
14168,356,245,0,1,0
14169,356,321,0,1,0
14170,356,183,43,1,0
14171,356,304,0,1,0
14172,356,95,23,1,0
14173,356,72,0,1,0
14174,356,85,5,1,0
14175,356,280,0,1,0
14176,356,46,0,1,0
14177,356,303,22,1,0
14178,356,288,0,1,0
14179,356,175,33,1,0
14180,356,158,0,1,0
14181,356,23,28,1,0
14182,356,169,0,1,0
14183,356,251,17,1,0
14184,356,426,44,1,0
14185,356,332,0,1,0
14186,356,264,39,1,0
14187,356,399,28,1,0
14188,356,226,33,1,0
14189,356,232,0,1,0
14190,356,209,30,1,0
14191,356,266,0,1,0
14192,356,48,25,1,0
14193,356,80,0,1,0
14194,356,414,0,1,0
14195,356,171,44,1,0
14196,356,89,0,1,0
14197,356,157,0,1,0
14198,356,355,38,1,0
14199,356,233,24,1,0
14200,357,302,99,1,0
14201,357,283,99,1,0
14202,357,305,99,1,0
14203,357,189,2,1,0
14204,357,114,95,1,0
14205,357,296,0,1,0
14206,357,64,61,1,0
14207,357,107,99,1,0
14208,357,127,99,1,0
14209,357,241,0,1,0
14210,357,342,92,1,0
14211,357,124,98,1,0
14212,357,39,99,1,0
14213,357,269,81,1,0
14214,357,335,97,1,0
14215,357,332,99,1,0
14216,357,69,58,1,0
14217,357,92,98,1,0
14218,357,145,4,1,0
14219,357,287,99,1,0
14220,357,58,97,1,0
14221,357,211,99,1,0
14222,357,354,99,1,0
14223,357,310,4,1,0
14224,357,175,99,1,0
14225,357,149,0,1,0
14226,357,421,0,1,0
14227,357,67,99,1,0
14228,357,210,97,1,0
14229,357,98,78,1,0
14230,357,35,89,1,0
14231,357,431,99,1,0
14232,357,125,98,1,0
14233,357,75,99,1,0
14234,357,197,4,1,0
14235,357,172,0,1,0
14236,357,418,30,1,0
14237,357,132,0,1,0
14238,357,44,0,1,0
14239,357,400,99,1,0
14240,358,436,0,1,0
14241,358,426,0,1,0
14242,358,310,99,1,0
14243,358,287,99,1,0
14244,358,246,0,1,0
14245,358,282,99,1,0
14246,358,205,0,1,0
14247,358,140,99,1,0
14248,358,304,0,1,0
14249,358,200,38,1,0
14250,358,263,99,1,0
14251,358,294,0,1,0
14252,358,178,99,1,0
14253,358,398,99,1,0
14254,358,83,99,1,0
14255,358,295,99,1,0
14256,358,331,99,1,0
14257,358,57,86,1,0
14258,358,141,4,1,0
14259,358,399,99,1,0
14260,358,158,63,1,0
14261,358,107,99,1,0
14262,358,334,86,1,0
14263,358,62,25,1,0
14264,358,106,90,1,0
14265,358,139,99,1,0
14266,358,145,0,1,0
14267,358,300,0,1,0
14268,358,431,99,1,0
14269,358,127,99,1,0
14270,358,265,98,1,0
14271,358,31,99,1,0
14272,358,289,99,1,0
14273,358,49,15,1,0
14274,358,227,99,1,0
14275,358,21,98,1,0
14276,358,351,99,1,0
14277,358,118,0,1,0
14278,358,278,37,1,0
14279,358,352,96,1,0
14280,359,415,0,1,0
14281,359,22,3,1,0
14282,359,259,95,1,0
14283,359,419,45,1,0
14284,359,216,0,1,0
14285,359,341,0,1,0
14286,359,61,0,1,0
14287,359,40,3,1,0
14288,359,334,0,1,0
14289,359,433,4,1,0
14290,359,267,93,1,0
14291,359,49,0,1,0
14292,359,422,0,1,0
14293,359,329,3,1,0
14294,359,368,3,1,0
14295,359,180,0,1,0
14296,359,370,0,1,0
14297,359,37,3,1,0
14298,359,383,98,1,0
14299,359,156,3,1,0
14300,359,326,0,1,0
14301,359,377,3,1,0
14302,359,25,0,1,0
14303,359,263,4,1,0
14304,359,157,0,1,0
14305,359,292,0,1,0
14306,359,230,0,1,0
14307,359,346,0,1,0
14308,359,188,0,1,0
14309,359,178,0,1,0
14310,359,274,0,1,0
14311,359,320,0,1,0
14312,359,352,3,1,0
14313,359,170,0,1,0
14314,359,168,0,1,0
14315,359,127,99,1,0
14316,359,102,0,1,0
14317,359,336,8,1,0
14318,359,208,0,1,0
14319,359,273,4,1,0
14320,360,21,0,1,0
14321,360,80,0,1,0
14322,360,164,0,1,0
14323,360,191,98,1,0
14324,360,120,77,1,0
14325,360,375,98,1,0
14326,360,243,57,1,0
14327,360,371,1,1,0
14328,360,410,0,1,0
14329,360,211,53,1,0
14330,360,304,2,1,0
14331,360,284,0,1,0
14332,360,391,98,1,0
14333,360,266,0,1,0
14334,360,346,0,1,0
14335,360,193,0,1,0
14336,360,145,2,1,0
14337,360,67,0,1,0
14338,360,45,0,1,0
14339,360,123,3,1,0
14340,360,311,56,1,0
14341,360,22,0,1,0
14342,360,414,0,1,0
14343,360,320,2,1,0
14344,360,127,98,1,0
14345,360,251,98,1,0
14346,360,162,1,1,0
14347,360,111,0,1,0
14348,360,246,0,1,0
14349,360,68,0,1,0
14350,360,70,0,1,0
14351,360,182,71,1,0
14352,360,214,1,1,0
14353,360,134,0,1,0
14354,360,64,0,1,0
14355,360,141,75,1,0
14356,360,218,0,1,0
14357,360,339,98,1,0
14358,360,383,98,1,0
14359,360,392,0,1,0
14360,361,191,99,1,0
14361,361,424,55,1,0
14362,361,320,0,1,0
14363,361,267,99,1,0
14364,361,146,37,1,0
14365,361,285,68,1,0
14366,361,94,0,1,0
14367,361,406,9,1,0
14368,361,385,0,1,0
14369,361,209,52,1,0
14370,361,375,72,1,0
14371,361,234,0,1,0
14372,361,394,0,1,0
14373,361,323,60,1,0
14374,361,39,99,1,0
14375,361,32,91,1,0
14376,361,337,0,1,0
14377,361,228,99,1,0
14378,361,371,0,1,0
14379,361,203,99,1,0
14380,361,306,0,1,0
14381,361,420,0,1,0
14382,361,36,99,1,0
14383,361,42,93,1,0
14384,361,321,93,1,0
14385,361,120,0,1,0
14386,361,50,0,1,0
14387,361,382,0,1,0
14388,361,145,0,1,0
14389,361,290,0,1,0
14390,361,177,0,1,0
14391,361,138,31,1,0
14392,361,29,0,1,0
14393,361,298,4,1,0
14394,361,315,92,1,0
14395,361,253,0,1,0
14396,361,27,84,1,0
14397,361,223,90,1,0
14398,361,158,0,1,0
14399,361,31,72,1,0
14400,362,341,0,1,0
14401,362,418,0,1,0
14402,362,162,99,1,0
14403,362,360,98,1,0
14404,362,202,0,1,0
14405,362,146,0,1,0
14406,362,39,99,1,0
14407,362,30,92,1,0
14408,362,403,99,1,0
14409,362,20,0,1,0
14410,362,326,60,1,0
14411,362,380,0,1,0
14412,362,201,78,1,0
14413,362,431,99,1,0
14414,362,217,0,1,0
14415,362,153,0,1,0
14416,362,137,0,1,0
14417,362,270,0,1,0
14418,362,38,99,1,0
14419,362,381,99,1,0
14420,362,397,0,1,0
14421,362,290,0,1,0
14422,362,87,99,1,0
14423,362,425,99,1,0
14424,362,295,99,1,0
14425,362,40,3,1,0
14426,362,374,99,1,0
14427,362,121,6,1,0
14428,362,337,3,1,0
14429,362,228,61,1,0
14430,362,420,0,1,0
14431,362,364,92,1,0
14432,362,327,99,1,0
14433,362,45,0,1,0
14434,362,278,50,1,0
14435,362,216,35,1,0
14436,362,102,0,1,0
14437,362,293,2,1,0
14438,362,97,99,1,0
14439,362,117,78,1,0
14440,363,398,0,1,0
14441,363,176,0,1,0
14442,363,117,0,1,0
14443,363,269,4,1,0
14444,363,380,0,1,0
14445,363,297,0,1,0
14446,363,90,0,1,0
14447,363,116,0,1,0
14448,363,334,0,1,0
14449,363,379,97,1,0
14450,363,47,0,1,0
14451,363,170,0,1,0
14452,363,51,0,1,0
14453,363,193,0,1,0
14454,363,291,0,1,0
14455,363,374,0,1,0
14456,363,276,0,1,0
14457,363,113,0,1,0
14458,363,121,0,1,0
14459,363,81,0,1,0
14460,363,279,0,1,0
14461,363,169,0,1,0
14462,363,156,0,1,0
14463,363,60,0,1,0
14464,363,181,0,1,0
14465,363,65,0,1,0
14466,363,165,0,1,0
14467,363,403,0,1,0
14468,363,157,0,1,0
14469,363,143,0,1,0
14470,363,72,0,1,0
14471,363,262,0,1,0
14472,363,41,0,1,0
14473,363,401,0,1,0
14474,363,76,0,1,0
14475,363,273,0,1,0
14476,363,342,0,1,0
14477,363,307,40,1,0
14478,363,46,0,1,0
14479,363,99,0,1,0
14480,365,292,0,1,0
14481,365,275,94,1,0
14482,365,72,0,1,0
14483,365,309,71,1,0
14484,365,271,88,1,0
14485,365,225,98,1,0
14486,365,217,0,1,0
14487,365,297,85,1,0
14488,365,295,83,1,0
14489,365,337,80,1,0
14490,365,127,88,1,0
14491,365,398,98,1,0
14492,365,333,0,1,0
14493,365,23,94,1,0
14494,365,289,98,1,0
14495,365,136,0,1,0
14496,365,382,98,1,0
14497,365,65,0,1,0
14498,365,415,98,1,0
14499,365,112,98,1,0
14500,365,238,0,1,0
14501,365,132,0,1,0
14502,365,166,80,1,0
14503,365,247,98,1,0
14504,365,362,0,1,0
14505,365,176,0,1,0
14506,365,115,99,1,0
14507,365,66,99,1,0
14508,365,426,3,1,0
14509,365,259,98,1,0
14510,365,278,98,1,0
14511,365,118,2,1,0
14512,365,372,0,1,0
14513,365,232,71,1,0
14514,365,193,98,1,0
14515,365,231,98,1,0
14516,365,273,70,1,0
14517,365,29,70,1,0
14518,365,158,80,1,0
14519,365,196,0,1,0
14520,366,364,0,1,0
14521,366,26,0,1,0
14522,366,24,0,1,0
14523,366,169,87,1,0
14524,366,260,0,1,0
14525,366,381,0,1,0
14526,366,411,97,1,0
14527,366,258,0,1,0
14528,366,367,87,1,0
14529,366,89,0,1,0
14530,366,360,36,1,0
14531,366,75,86,1,0
14532,366,137,0,1,0
14533,366,426,0,1,0
14534,366,369,4,1,0
14535,366,208,0,1,0
14536,366,124,92,1,0
14537,366,194,0,1,0
14538,366,433,0,1,0
14539,366,241,0,1,0
14540,366,233,4,1,0
14541,366,152,0,1,0
14542,366,176,0,1,0
14543,366,267,98,1,0
14544,366,41,0,1,0
14545,366,230,0,1,0
14546,366,327,98,1,0
14547,366,170,0,1,0
14548,366,79,97,1,0
14549,366,200,0,1,0
14550,366,210,0,1,0
14551,366,38,0,1,0
14552,366,240,92,1,0
14553,366,276,0,1,0
14554,366,67,97,1,0
14555,366,354,97,1,0
14556,366,147,98,1,0
14557,366,162,0,1,0
14558,366,113,0,1,0
14559,366,408,73,1,0
14560,367,246,0,1,0
14561,367,319,99,1,0
14562,367,308,0,1,0
14563,367,44,0,1,0
14564,367,43,97,1,0
14565,367,240,0,1,0
14566,367,253,0,1,0
14567,367,373,0,1,0
14568,367,396,0,1,0
14569,367,231,99,1,0
14570,367,302,4,1,0
14571,367,268,0,1,0
14572,367,36,4,1,0
14573,367,287,0,1,0
14574,367,86,0,1,0
14575,367,395,99,1,0
14576,367,111,4,1,0
14577,367,188,4,1,0
14578,367,92,0,1,0
14579,367,51,95,1,0
14580,367,368,0,1,0
14581,367,22,0,1,0
14582,367,342,0,1,0
14583,367,401,0,1,0
14584,367,184,0,1,0
14585,367,437,0,1,0
14586,367,152,0,1,0
14587,367,417,0,1,0
14588,367,113,0,1,0
14589,367,430,0,1,0
14590,367,211,19,1,0
14591,367,336,0,1,0
14592,367,324,0,1,0
14593,367,282,4,1,0
14594,367,137,0,1,0
14595,367,432,0,1,0
14596,367,404,0,1,0
14597,367,354,99,1,0
14598,367,227,90,1,0
14599,367,67,4,1,0
14600,368,305,0,1,0
14601,368,80,0,1,0
14602,368,167,99,1,0
14603,368,21,1,1,0
14604,368,357,0,1,0
14605,368,222,0,1,0
14606,368,370,0,1,0
14607,368,300,0,1,0
14608,368,61,0,1,0
14609,368,161,0,1,0
14610,368,181,1,1,0
14611,368,262,50,1,0
14612,368,133,0,1,0
14613,368,149,0,1,0
14614,368,399,32,1,0
14615,368,202,0,1,0
14616,368,272,0,1,0
14617,368,339,99,1,0
14618,368,87,99,1,0
14619,368,105,45,1,0
14620,368,153,0,1,0
14621,368,299,99,1,0
14622,368,435,92,1,0
14623,368,86,0,1,0
14624,368,324,0,1,0
14625,368,281,0,1,0
14626,368,330,99,1,0
14627,368,190,0,1,0
14628,368,436,3,1,0
14629,368,211,98,1,0
14630,368,156,0,1,0
14631,368,79,92,1,0
14632,368,119,77,1,0
14633,368,427,98,1,0
14634,368,192,0,1,0
14635,368,53,4,1,0
14636,368,373,41,1,0
14637,368,93,1,1,0
14638,368,179,99,1,0
14639,368,37,0,1,0
14640,370,372,0,1,0
14641,370,109,3,1,0
14642,370,327,99,1,0
14643,370,354,99,1,0
14644,370,218,0,1,0
14645,370,243,99,1,0
14646,370,304,0,1,0
14647,370,260,97,1,0
14648,370,288,99,1,0
14649,370,183,99,1,0
14650,370,364,21,1,0
14651,370,363,99,1,0
14652,370,391,99,1,0
14653,370,181,98,1,0
14654,370,303,99,1,0
14655,370,214,99,1,0
14656,370,331,99,1,0
14657,370,291,99,1,0
14658,370,135,99,1,0
14659,370,341,0,1,0
14660,370,281,0,1,0
14661,370,295,99,1,0
14662,370,226,0,1,0
14663,370,382,0,1,0
14664,370,94,99,1,0
14665,370,432,0,1,0
14666,370,275,99,1,0
14667,370,315,99,1,0
14668,370,263,99,1,0
14669,370,254,9,1,0
14670,370,406,2,1,0
14671,370,251,99,1,0
14672,370,82,99,1,0
14673,370,194,2,1,0
14674,370,69,0,1,0
14675,370,418,12,1,0
14676,370,120,0,1,0
14677,370,266,99,1,0
14678,370,279,99,1,0
14679,370,424,89,1,0
14680,371,430,4,1,0
14681,371,307,99,1,0
14682,371,189,0,1,0
14683,371,305,0,1,0
14684,371,377,3,1,0
14685,371,284,0,1,0
14686,371,210,0,1,0
14687,371,118,0,1,0
14688,371,249,0,1,0
14689,371,178,0,1,0
14690,371,109,3,1,0
14691,371,370,0,1,0
14692,371,224,3,1,0
14693,371,51,99,1,0
14694,371,203,99,1,0
14695,371,251,99,1,0
14696,371,145,0,1,0
14697,371,352,3,1,0
14698,371,410,0,1,0
14699,371,265,8,1,0
14700,371,309,0,1,0
14701,371,21,0,1,0
14702,371,115,99,1,0
14703,371,20,0,1,0
14704,371,70,0,1,0
14705,371,191,99,1,0
14706,371,30,4,1,0
14707,371,226,0,1,0
14708,371,211,99,1,0
14709,371,140,4,1,0
14710,371,417,0,1,0
14711,371,306,0,1,0
14712,371,150,0,1,0
14713,371,431,99,1,0
14714,371,85,0,1,0
14715,371,369,4,1,0
14716,371,168,0,1,0
14717,371,225,0,1,0
14718,371,107,29,1,0
14719,371,39,99,1,0
14720,372,120,0,1,0
14721,372,200,0,1,0
14722,372,424,0,1,0
14723,372,406,0,1,0
14724,372,235,0,1,0
14725,372,285,0,1,0
14726,372,176,0,1,0
14727,372,417,0,1,0
14728,372,400,0,1,0
14729,372,66,0,1,0
14730,372,39,0,1,0
14731,372,413,0,1,0
14732,372,426,8,1,0
14733,372,161,0,1,0
14734,372,111,3,1,0
14735,372,23,0,1,0
14736,372,82,0,1,0
14737,372,335,3,1,0
14738,372,325,0,1,0
14739,372,219,0,1,0
14740,372,427,0,1,0
14741,372,321,0,1,0
14742,372,85,0,1,0
14743,372,30,0,1,0
14744,372,438,0,1,0
14745,372,187,0,1,0
14746,372,213,0,1,0
14747,372,383,13,1,0
14748,372,140,0,1,0
14749,372,139,0,1,0
14750,372,177,0,1,0
14751,372,391,0,1,0
14752,372,334,0,1,0
14753,372,258,0,1,0
14754,372,256,0,1,0
14755,372,403,3,1,0
14756,372,115,4,1,0
14757,372,299,3,1,0
14758,372,132,0,1,0
14759,372,268,0,1,0
14760,373,275,61,1,0
14761,373,203,81,1,0
14762,373,192,0,1,0
14763,373,206,0,1,0
14764,373,233,0,1,0
14765,373,281,0,1,0
14766,373,105,0,1,0
14767,373,243,77,1,0
14768,373,213,35,1,0
14769,373,101,69,1,0
14770,373,254,0,1,0
14771,373,40,0,1,0
14772,373,414,0,1,0
14773,373,306,0,1,0
14774,373,167,72,1,0
14775,373,276,0,1,0
14776,373,356,0,1,0
14777,373,298,0,1,0
14778,373,152,0,1,0
14779,373,304,0,1,0
14780,373,438,0,1,0
14781,373,375,61,1,0
14782,373,424,0,1,0
14783,373,401,0,1,0
14784,373,20,0,1,0
14785,373,244,69,1,0
14786,373,189,17,1,0
14787,373,63,72,1,0
14788,373,263,72,1,0
14789,373,381,0,1,0
14790,373,252,0,1,0
14791,373,169,0,1,0
14792,373,199,78,1,0
14793,373,345,37,1,0
14794,373,434,0,1,0
14795,373,156,0,1,0
14796,373,140,0,1,0
14797,373,222,47,1,0
14798,373,419,50,1,0
14799,373,417,0,1,0
14800,375,386,0,1,0
14801,375,137,0,1,0
14802,375,415,0,1,0
14803,375,216,0,1,0
14804,375,306,0,1,0
14805,375,239,97,1,0
14806,375,56,0,1,0
14807,375,378,0,1,0
14808,375,413,0,1,0
14809,375,302,0,1,0
14810,375,119,46,1,0
14811,375,147,98,1,0
14812,375,250,0,1,0
14813,375,429,3,1,0
14814,375,269,0,1,0
14815,375,406,0,1,0
14816,375,362,0,1,0
14817,375,168,0,1,0
14818,375,217,0,1,0
14819,375,357,0,1,0
14820,375,263,28,1,0
14821,375,196,0,1,0
14822,375,292,0,1,0
14823,375,121,0,1,0
14824,375,181,3,1,0
14825,375,68,0,1,0
14826,375,174,0,1,0
14827,375,183,0,1,0
14828,375,110,99,1,0
14829,375,116,0,1,0
14830,375,136,0,1,0
14831,375,328,4,1,0
14832,375,209,0,1,0
14833,375,395,97,1,0
14834,375,81,3,1,0
14835,375,295,97,1,0
14836,375,307,99,1,0
14837,375,30,0,1,0
14838,375,40,3,1,0
14839,375,276,0,1,0
14840,376,204,0,1,0
14841,376,57,0,1,0
14842,376,415,18,1,0
14843,376,228,0,1,0
14844,376,159,73,1,0
14845,376,208,0,1,0
14846,376,331,62,1,0
14847,376,251,73,1,0
14848,376,232,0,1,0
14849,376,267,62,1,0
14850,376,56,0,1,0
14851,376,393,0,1,0
14852,376,385,0,1,0
14853,376,320,0,1,0
14854,376,221,0,1,0
14855,376,247,40,1,0
14856,376,233,0,1,0
14857,376,22,0,1,0
14858,376,106,0,1,0
14859,376,102,0,1,0
14860,376,118,0,1,0
14861,376,349,0,1,0
14862,376,377,0,1,0
14863,376,405,0,1,0
14864,376,388,0,1,0
14865,376,150,0,1,0
14866,376,317,0,1,0
14867,376,312,0,1,0
14868,376,370,0,1,0
14869,376,387,73,1,0
14870,376,299,74,1,0
14871,376,252,0,1,0
14872,376,94,0,1,0
14873,376,258,0,1,0
14874,376,231,89,1,0
14875,376,337,0,1,0
14876,376,64,0,1,0
14877,376,211,40,1,0
14878,376,65,0,1,0
14879,376,357,0,1,0
14880,377,342,0,1,0
14881,377,314,4,1,0
14882,377,132,0,1,0
14883,377,188,0,1,0
14884,377,137,0,1,0
14885,377,339,99,1,0
14886,377,196,0,1,0
14887,377,163,96,1,0
14888,377,241,0,1,0
14889,377,270,99,1,0
14890,377,420,0,1,0
14891,377,47,40,1,0
14892,377,285,96,1,0
14893,377,159,18,1,0
14894,377,171,99,1,0
14895,377,176,70,1,0
14896,377,436,0,1,0
14897,377,91,62,1,0
14898,377,328,99,1,0
14899,377,109,0,1,0
14900,377,412,0,1,0
14901,377,142,0,1,0
14902,377,114,96,1,0
14903,377,382,0,1,0
14904,377,313,4,1,0
14905,377,414,0,1,0
14906,377,438,96,1,0
14907,377,30,31,1,0
14908,377,147,99,1,0
14909,377,428,0,1,0
14910,377,211,59,1,0
14911,377,72,0,1,0
14912,377,419,38,1,0
14913,377,367,99,1,0
14914,377,344,0,1,0
14915,377,376,0,1,0
14916,377,71,18,1,0
14917,377,252,0,1,0
14918,377,261,0,1,0
14919,377,362,54,1,0
14920,378,89,4,1,0
14921,378,401,4,1,0
14922,378,195,99,1,0
14923,378,418,97,1,0
14924,378,170,13,1,0
14925,378,232,3,1,0
14926,378,417,0,1,0
14927,378,68,0,1,0
14928,378,139,99,1,0
14929,378,193,6,1,0
14930,378,324,0,1,0
14931,378,168,0,1,0
14932,378,328,99,1,0
14933,378,78,99,1,0
14934,378,338,13,1,0
14935,378,99,99,1,0
14936,378,352,98,1,0
14937,378,30,4,1,0
14938,378,409,3,1,0
14939,378,44,3,1,0
14940,378,25,0,1,0
14941,378,423,99,1,0
14942,378,426,0,1,0
14943,378,439,99,1,0
14944,378,75,99,1,0
14945,378,351,99,1,0
14946,378,254,2,1,0
14947,378,165,0,1,0
14948,378,23,99,1,0
14949,378,392,74,1,0
14950,378,398,70,1,0
14951,378,413,0,1,0
14952,378,155,99,1,0
14953,378,141,4,1,0
14954,378,278,0,1,0
14955,378,399,99,1,0
14956,378,237,93,1,0
14957,378,116,0,1,0
14958,378,53,48,1,0
14959,378,32,16,1,0
14960,380,141,8,1,0
14961,380,342,0,1,0
14962,380,278,0,1,0
14963,380,199,99,1,0
14964,380,275,97,1,0
14965,380,131,97,1,0
14966,380,45,0,1,0
14967,380,140,4,1,0
14968,380,432,0,1,0
14969,380,179,99,1,0
14970,380,301,0,1,0
14971,380,433,46,1,0
14972,380,317,0,1,0
14973,380,139,99,1,0
14974,380,71,97,1,0
14975,380,392,0,1,0
14976,380,167,99,1,0
14977,380,387,99,1,0
14978,380,55,99,1,0
14979,380,363,99,1,0
14980,380,134,15,1,0
14981,380,224,0,1,0
14982,380,165,0,1,0
14983,380,408,10,1,0
14984,380,417,0,1,0
14985,380,367,99,1,0
14986,380,219,97,1,0
14987,380,56,0,1,0
14988,380,133,0,1,0
14989,380,205,6,1,0
14990,380,124,0,1,0
14991,380,33,0,1,0
14992,380,86,0,1,0
14993,380,333,96,1,0
14994,380,121,0,1,0
14995,380,425,86,1,0
14996,380,268,0,1,0
14997,380,247,92,1,0
14998,380,274,4,1,0
14999,380,292,0,1,0
15000,381,366,99,1,0
15001,381,49,0,1,0
15002,381,418,0,1,0
15003,381,156,71,1,0
15004,381,300,0,1,0
15005,381,24,0,1,0
15006,381,127,99,1,0
15007,381,218,0,1,0
15008,381,188,99,1,0
15009,381,154,0,1,0
15010,381,415,99,1,0
15011,381,155,99,1,0
15012,381,158,0,1,0
15013,381,237,93,1,0
15014,381,240,98,1,0
15015,381,87,99,1,0
15016,381,241,0,1,0
15017,381,57,86,1,0
15018,381,245,0,1,0
15019,381,105,0,1,0
15020,381,410,0,1,0
15021,381,200,0,1,0
15022,381,101,99,1,0
15023,381,347,99,1,0
15024,381,55,99,1,0
15025,381,328,99,1,0
15026,381,116,0,1,0
15027,381,126,0,1,0
15028,381,397,0,1,0
15029,381,72,0,1,0
15030,381,358,0,1,0
15031,381,322,0,1,0
15032,381,195,99,1,0
15033,381,306,0,1,0
15034,381,376,69,1,0
15035,381,91,51,1,0
15036,381,305,0,1,0
15037,381,161,0,1,0
15038,381,26,0,1,0
15039,381,74,4,1,0
15040,382,362,58,1,0
15041,382,284,0,1,0
15042,382,390,2,1,0
15043,382,408,0,1,0
15044,382,270,2,1,0
15045,382,368,57,1,0
15046,382,165,0,1,0
15047,382,323,99,1,0
15048,382,71,99,1,0
15049,382,194,2,1,0
15050,382,343,99,1,0
15051,382,243,99,1,0
15052,382,121,0,1,0
15053,382,303,99,1,0
15054,382,230,0,1,0
15055,382,75,99,1,0
15056,382,206,0,1,0
15057,382,60,46,1,0
15058,382,157,4,1,0
15059,382,102,92,1,0
15060,382,160,0,1,0
15061,382,423,99,1,0
15062,382,361,99,1,0
15063,382,360,0,1,0
15064,382,86,99,1,0
15065,382,219,99,1,0
15066,382,74,92,1,0
15067,382,318,50,1,0
15068,382,221,98,1,0
15069,382,317,0,1,0
15070,382,280,92,1,0
15071,382,136,0,1,0
15072,382,119,99,1,0
15073,382,203,99,1,0
15074,382,438,0,1,0
15075,382,127,99,1,0
15076,382,398,99,1,0
15077,382,405,2,1,0
15078,382,218,0,1,0
15079,382,192,98,1,0
15080,384,161,73,1,0
15081,384,377,98,1,0
15082,384,109,98,1,0
15083,384,386,98,1,0
15084,384,346,98,1,0
15085,384,389,98,1,0
15086,384,279,56,1,0
15087,384,236,41,1,0
15088,384,339,40,1,0
15089,384,211,97,1,0
15090,384,289,11,1,0
15091,384,260,86,1,0
15092,384,323,98,1,0
15093,384,352,96,1,0
15094,384,350,98,1,0
15095,384,280,89,1,0
15096,384,62,67,1,0
15097,384,36,0,1,0
15098,384,387,35,1,0
15099,384,314,98,1,0
15100,384,241,0,1,0
15101,384,202,98,1,0
15102,384,251,53,1,0
15103,384,104,0,1,0
15104,384,49,6,1,0
15105,384,127,59,1,0
15106,384,92,98,1,0
15107,384,243,98,1,0
15108,384,218,0,1,0
15109,384,321,98,1,0
15110,384,179,49,1,0
15111,384,103,98,1,0
15112,384,110,44,1,0
15113,384,167,49,1,0
15114,384,293,0,1,0
15115,384,42,98,1,0
15116,384,58,98,1,0
15117,384,196,0,1,0
15118,384,257,6,1,0
15119,384,252,0,1,0
15120,385,140,0,1,0
15121,385,417,0,1,0
15122,385,75,99,1,0
15123,385,153,0,1,0
15124,385,252,0,1,0
15125,385,28,58,1,0
15126,385,171,99,1,0
15127,385,409,69,1,0
15128,385,47,99,1,0
15129,385,206,0,1,0
15130,385,373,0,1,0
15131,385,87,99,1,0
15132,385,205,0,1,0
15133,385,227,99,1,0
15134,385,143,99,1,0
15135,385,70,0,1,0
15136,385,305,0,1,0
15137,385,246,0,1,0
15138,385,72,0,1,0
15139,385,221,98,1,0
15140,385,280,15,1,0
15141,385,240,36,1,0
15142,385,52,79,1,0
15143,385,403,99,1,0
15144,385,144,0,1,0
15145,385,224,68,1,0
15146,385,65,4,1,0
15147,385,112,0,1,0
15148,385,307,99,1,0
15149,385,263,99,1,0
15150,385,393,0,1,0
15151,385,361,99,1,0
15152,385,279,99,1,0
15153,385,325,0,1,0
15154,385,228,64,1,0
15155,385,407,99,1,0
15156,385,289,99,1,0
15157,385,376,90,1,0
15158,385,40,68,1,0
15159,385,235,99,1,0
15160,386,21,1,1,0
15161,386,65,0,1,0
15162,386,22,93,1,0
15163,386,150,0,1,0
15164,386,355,92,1,0
15165,386,351,92,1,0
15166,386,126,0,1,0
15167,386,132,0,1,0
15168,386,330,93,1,0
15169,386,155,99,1,0
15170,386,439,99,1,0
15171,386,25,0,1,0
15172,386,353,0,1,0
15173,386,57,86,1,0
15174,386,211,99,1,0
15175,386,200,0,1,0
15176,386,259,99,1,0
15177,386,69,0,1,0
15178,386,418,23,1,0
15179,386,136,0,1,0
15180,386,281,0,1,0
15181,386,282,92,1,0
15182,386,70,92,1,0
15183,386,180,0,1,0
15184,386,296,0,1,0
15185,386,344,0,1,0
15186,386,395,99,1,0
15187,386,243,99,1,0
15188,386,234,0,1,0
15189,386,412,0,1,0
15190,386,122,0,1,0
15191,386,300,0,1,0
15192,386,177,0,1,0
15193,386,329,98,1,0
15194,386,401,0,1,0
15195,386,199,99,1,0
15196,386,245,0,1,0
15197,386,375,97,1,0
15198,386,255,99,1,0
15199,386,328,99,1,0
15200,387,107,9,1,0
15201,387,309,0,1,0
15202,387,148,0,1,0
15203,387,226,0,1,0
15204,387,293,0,1,0
15205,387,213,0,1,0
15206,387,234,0,1,0
15207,387,40,0,1,0
15208,387,230,0,1,0
15209,387,146,0,1,0
15210,387,236,0,1,0
15211,387,51,4,1,0
15212,387,377,0,1,0
15213,387,177,0,1,0
15214,387,221,0,1,0
15215,387,112,0,1,0
15216,387,314,0,1,0
15217,387,135,0,1,0
15218,387,310,0,1,0
15219,387,119,4,1,0
15220,387,261,0,1,0
15221,387,250,4,1,0
15222,387,291,0,1,0
15223,387,175,4,1,0
15224,387,182,0,1,0
15225,387,144,0,1,0
15226,387,80,0,1,0
15227,387,323,0,1,0
15228,387,305,0,1,0
15229,387,345,4,1,0
15230,387,413,0,1,0
15231,387,390,0,1,0
15232,387,343,4,1,0
15233,387,335,0,1,0
15234,387,370,0,1,0
15235,387,215,9,1,0
15236,387,289,0,1,0
15237,387,393,0,1,0
15238,387,170,0,1,0
15239,387,209,4,1,0
15240,389,305,4,1,0
15241,389,179,99,1,0
15242,389,358,4,1,0
15243,389,330,99,1,0
15244,389,381,4,1,0
15245,389,106,4,1,0
15246,389,214,4,1,0
15247,389,20,0,1,0
15248,389,237,57,1,0
15249,389,98,95,1,0
15250,389,168,0,1,0
15251,389,217,4,1,0
15252,389,193,4,1,0
15253,389,157,4,1,0
15254,389,292,0,1,0
15255,389,396,0,1,0
15256,389,41,99,1,0
15257,389,395,92,1,0
15258,389,192,0,1,0
15259,389,327,99,1,0
15260,389,199,99,1,0
15261,389,236,0,1,0
15262,389,316,0,1,0
15263,389,383,92,1,0
15264,389,85,5,1,0
15265,389,82,4,1,0
15266,389,402,99,1,0
15267,389,253,4,1,0
15268,389,57,97,1,0
15269,389,323,96,1,0
15270,389,213,0,1,0
15271,389,414,0,1,0
15272,389,269,64,1,0
15273,389,51,92,1,0
15274,389,197,4,1,0
15275,389,48,4,1,0
15276,389,154,4,1,0
15277,389,171,99,1,0
15278,389,84,0,1,0
15279,389,342,4,1,0
15280,390,168,0,1,0
15281,390,204,98,1,0
15282,390,272,0,1,0
15283,390,407,99,1,0
15284,390,245,4,1,0
15285,390,238,31,1,0
15286,390,172,0,1,0
15287,390,371,97,1,0
15288,390,224,96,1,0
15289,390,265,98,1,0
15290,390,359,97,1,0
15291,390,430,4,1,0
15292,390,221,3,1,0
15293,390,84,0,1,0
15294,390,352,98,1,0
15295,390,277,0,1,0
15296,390,330,93,1,0
15297,390,139,99,1,0
15298,390,220,35,1,0
15299,390,102,41,1,0
15300,390,323,99,1,0
15301,390,72,0,1,0
15302,390,88,92,1,0
15303,390,393,8,1,0
15304,390,163,99,1,0
15305,390,67,99,1,0
15306,390,228,51,1,0
15307,390,322,99,1,0
15308,390,374,99,1,0
15309,390,402,0,1,0
15310,390,132,0,1,0
15311,390,296,0,1,0
15312,390,87,99,1,0
15313,390,28,3,1,0
15314,390,189,1,1,0
15315,390,398,97,1,0
15316,390,336,99,1,0
15317,390,32,19,1,0
15318,390,75,99,1,0
15319,390,267,99,1,0
15320,391,223,0,1,0
15321,391,402,0,1,0
15322,391,380,0,1,0
15323,391,208,0,1,0
15324,391,138,0,1,0
15325,391,82,0,1,0
15326,391,202,0,1,0
15327,391,432,0,1,0
15328,391,314,0,1,0
15329,391,427,0,1,0
15330,391,34,0,1,0
15331,391,344,0,1,0
15332,391,157,0,1,0
15333,391,397,0,1,0
15334,391,101,0,1,0
15335,391,113,0,1,0
15336,391,104,0,1,0
15337,391,143,0,1,0
15338,391,187,99,1,0
15339,391,141,0,1,0
15340,391,407,0,1,0
15341,391,317,0,1,0
15342,391,237,0,1,0
15343,391,411,0,1,0
15344,391,51,0,1,0
15345,391,97,0,1,0
15346,391,233,4,1,0
15347,391,41,4,1,0
15348,391,171,99,1,0
15349,391,133,0,1,0
15350,391,428,0,1,0
15351,391,332,9,1,0
15352,391,265,0,1,0
15353,391,115,0,1,0
15354,391,424,0,1,0
15355,391,185,0,1,0
15356,391,241,0,1,0
15357,391,336,4,1,0
15358,391,25,0,1,0
15359,391,44,0,1,0
15360,392,95,79,1,0
15361,392,149,0,1,0
15362,392,290,74,1,0
15363,392,416,0,1,0
15364,392,197,0,1,0
15365,392,129,0,1,0
15366,392,315,98,1,0
15367,392,272,0,1,0
15368,392,229,0,1,0
15369,392,133,0,1,0
15370,392,113,0,1,0
15371,392,389,93,1,0
15372,392,206,10,1,0
15373,392,345,87,1,0
15374,392,244,93,1,0
15375,392,328,9,1,0
15376,392,158,0,1,0
15377,392,414,0,1,0
15378,392,190,0,1,0
15379,392,59,98,1,0
15380,392,220,0,1,0
15381,392,180,0,1,0
15382,392,51,98,1,0
15383,392,135,85,1,0
15384,392,212,0,1,0
15385,392,217,0,1,0
15386,392,183,98,1,0
15387,392,316,0,1,0
15388,392,98,98,1,0
15389,392,350,98,1,0
15390,392,305,0,1,0
15391,392,54,69,1,0
15392,392,279,98,1,0
15393,392,356,0,1,0
15394,392,291,98,1,0
15395,392,52,71,1,0
15396,392,209,59,1,0
15397,392,77,81,1,0
15398,392,201,3,1,0
15399,392,268,0,1,0
15400,394,314,0,1,0
15401,394,401,29,1,0
15402,394,146,0,1,0
15403,394,211,99,1,0
15404,394,230,0,1,0
15405,394,330,0,1,0
15406,394,118,0,1,0
15407,394,115,99,1,0
15408,394,225,25,1,0
15409,394,410,31,1,0
15410,394,382,0,1,0
15411,394,436,0,1,0
15412,394,305,0,1,0
15413,394,86,13,1,0
15414,394,318,0,1,0
15415,394,377,3,1,0
15416,394,364,99,1,0
15417,394,38,99,1,0
15418,394,60,98,1,0
15419,394,266,34,1,0
15420,394,100,0,1,0
15421,394,160,98,1,0
15422,394,158,8,1,0
15423,394,353,0,1,0
15424,394,389,1,1,0
15425,394,299,99,1,0
15426,394,125,98,1,0
15427,394,272,0,1,0
15428,394,68,0,1,0
15429,394,177,0,1,0
15430,394,123,99,1,0
15431,394,213,28,1,0
15432,394,372,0,1,0
15433,394,210,78,1,0
15434,394,194,0,1,0
15435,394,73,99,1,0
15436,394,380,4,1,0
15437,394,61,0,1,0
15438,394,316,3,1,0
15439,394,30,99,1,0
15440,395,84,0,1,0
15441,395,379,99,1,0
15442,395,50,0,1,0
15443,395,354,99,1,0
15444,395,104,0,1,0
15445,395,56,0,1,0
15446,395,238,0,1,0
15447,395,380,0,1,0
15448,395,164,4,1,0
15449,395,110,99,1,0
15450,395,422,0,1,0
15451,395,249,0,1,0
15452,395,21,0,1,0
15453,395,148,0,1,0
15454,395,128,3,1,0
15455,395,366,0,1,0
15456,395,142,0,1,0
15457,395,220,0,1,0
15458,395,335,0,1,0
15459,395,271,0,1,0
15460,395,424,0,1,0
15461,395,144,0,1,0
15462,395,352,3,1,0
15463,395,373,0,1,0
15464,395,112,0,1,0
15465,395,356,0,1,0
15466,395,338,0,1,0
15467,395,45,0,1,0
15468,395,83,0,1,0
15469,395,67,0,1,0
15470,395,307,99,1,0
15471,395,152,0,1,0
15472,395,414,0,1,0
15473,395,269,4,1,0
15474,395,355,0,1,0
15475,395,228,4,1,0
15476,395,58,0,1,0
15477,395,109,3,1,0
15478,395,227,0,1,0
15479,395,295,0,1,0
15480,396,236,0,1,0
15481,396,410,0,1,0
15482,396,429,0,1,0
15483,396,430,0,1,0
15484,396,303,8,1,0
15485,396,280,0,1,0
15486,396,301,0,1,0
15487,396,148,0,1,0
15488,396,196,0,1,0
15489,396,160,0,1,0
15490,396,161,0,1,0
15491,396,329,0,1,0
15492,396,428,0,1,0
15493,396,117,0,1,0
15494,396,166,0,1,0
15495,396,313,0,1,0
15496,396,331,13,1,0
15497,396,433,0,1,0
15498,396,98,3,1,0
15499,396,262,0,1,0
15500,396,127,8,1,0
15501,396,199,3,1,0
15502,396,152,0,1,0
15503,396,20,0,1,0
15504,396,175,3,1,0
15505,396,248,0,1,0
15506,396,326,8,1,0
15507,396,293,0,1,0
15508,396,73,0,1,0
15509,396,97,0,1,0
15510,396,310,0,1,0
15511,396,45,4,1,0
15512,396,286,0,1,0
15513,396,225,0,1,0
15514,396,35,8,1,0
15515,396,243,0,1,0
15516,396,270,0,1,0
15517,396,70,0,1,0
15518,396,424,0,1,0
15519,396,87,4,1,0
15520,397,430,98,1,0
15521,397,156,2,1,0
15522,397,344,0,1,0
15523,397,310,1,1,0
15524,397,201,98,1,0
15525,397,435,98,1,0
15526,397,79,98,1,0
15527,397,218,96,1,0
15528,397,193,85,1,0
15529,397,277,0,1,0
15530,397,312,3,1,0
15531,397,419,98,1,0
15532,397,146,98,1,0
15533,397,162,98,1,0
15534,397,194,96,1,0
15535,397,53,0,1,0
15536,397,230,95,1,0
15537,397,144,0,1,0
15538,397,225,40,1,0
15539,397,77,98,1,0
15540,397,145,0,1,0
15541,397,295,98,1,0
15542,397,377,0,1,0
15543,397,305,0,1,0
15544,397,62,80,1,0
15545,397,99,98,1,0
15546,397,325,40,1,0
15547,397,160,70,1,0
15548,397,106,98,1,0
15549,397,368,85,1,0
15550,397,304,2,1,0
15551,397,342,0,1,0
15552,397,251,98,1,0
15553,397,398,98,1,0
15554,397,223,98,1,0
15555,397,158,0,1,0
15556,397,272,0,1,0
15557,397,135,98,1,0
15558,397,276,2,1,0
15559,397,138,98,1,0
15560,399,326,0,1,0
15561,399,332,99,1,0
15562,399,83,0,1,0
15563,399,73,4,1,0
15564,399,267,52,1,0
15565,399,417,0,1,0
15566,399,21,0,1,0
15567,399,335,2,1,0
15568,399,268,19,1,0
15569,399,114,0,1,0
15570,399,320,0,1,0
15571,399,217,0,1,0
15572,399,218,0,1,0
15573,399,147,99,1,0
15574,399,261,0,1,0
15575,399,401,0,1,0
15576,399,27,0,1,0
15577,399,120,0,1,0
15578,399,282,28,1,0
15579,399,203,99,1,0
15580,399,51,99,1,0
15581,399,86,1,1,0
15582,399,318,0,1,0
15583,399,237,3,1,0
15584,399,400,4,1,0
15585,399,112,0,1,0
15586,399,382,0,1,0
15587,399,225,13,1,0
15588,399,130,0,1,0
15589,399,322,0,1,0
15590,399,255,61,1,0
15591,399,403,30,1,0
15592,399,205,0,1,0
15593,399,372,0,1,0
15594,399,361,17,1,0
15595,399,374,0,1,0
15596,399,293,0,1,0
15597,399,201,0,1,0
15598,399,304,0,1,0
15599,399,160,0,1,0
15600,400,173,0,1,0
15601,400,368,0,1,0
15602,400,260,0,1,0
15603,400,299,99,1,0
15604,400,57,95,1,0
15605,400,265,0,1,0
15606,400,198,0,1,0
15607,400,170,0,1,0
15608,400,251,92,1,0
15609,400,250,0,1,0
15610,400,425,0,1,0
15611,400,415,92,1,0
15612,400,332,6,1,0
15613,400,268,0,1,0
15614,400,78,0,1,0
15615,400,281,0,1,0
15616,400,169,4,1,0
15617,400,231,99,1,0
15618,400,201,3,1,0
15619,400,307,99,1,0
15620,400,329,0,1,0
15621,400,167,92,1,0
15622,400,204,1,1,0
15623,400,213,0,1,0
15624,400,331,99,1,0
15625,400,166,0,1,0
15626,400,104,0,1,0
15627,400,380,0,1,0
15628,400,341,0,1,0
15629,400,32,0,1,0
15630,400,277,0,1,0
15631,400,316,0,1,0
15632,400,181,0,1,0
15633,400,348,56,1,0
15634,400,363,99,1,0
15635,400,280,0,1,0
15636,400,284,0,1,0
15637,400,412,0,1,0
15638,400,108,0,1,0
15639,400,95,92,1,0
15640,401,342,0,1,0
15641,401,427,99,1,0
15642,401,65,7,1,0
15643,401,74,0,1,0
15644,401,407,99,1,0
15645,401,154,54,1,0
15646,401,123,99,1,0
15647,401,114,0,1,0
15648,401,332,99,1,0
15649,401,221,98,1,0
15650,401,379,99,1,0
15651,401,25,0,1,0
15652,401,432,0,1,0
15653,401,37,98,1,0
15654,401,98,57,1,0
15655,401,170,0,1,0
15656,401,69,57,1,0
15657,401,422,92,1,0
15658,401,243,99,1,0
15659,401,234,0,1,0
15660,401,382,0,1,0
15661,401,293,0,1,0
15662,401,139,99,1,0
15663,401,368,98,1,0
15664,401,131,99,1,0
15665,401,236,0,1,0
15666,401,150,0,1,0
15667,401,378,11,1,0
15668,401,165,0,1,0
15669,401,361,99,1,0
15670,401,396,0,1,0
15671,401,263,99,1,0
15672,401,416,0,1,0
15673,401,436,54,1,0
15674,401,340,64,1,0
15675,401,146,93,1,0
15676,401,437,99,1,0
15677,401,279,99,1,0
15678,401,364,4,1,0
15679,401,344,0,1,0
15680,403,327,99,1,0
15681,403,61,0,1,0
15682,403,325,0,1,0
15683,403,324,0,1,0
15684,403,242,0,1,0
15685,403,338,0,1,0
15686,403,340,0,1,0
15687,403,166,0,1,0
15688,403,348,0,1,0
15689,403,65,0,1,0
15690,403,271,0,1,0
15691,403,259,99,1,0
15692,403,94,0,1,0
15693,403,119,4,1,0
15694,403,224,0,1,0
15695,403,421,0,1,0
15696,403,241,0,1,0
15697,403,362,0,1,0
15698,403,352,0,1,0
15699,403,301,0,1,0
15700,403,52,0,1,0
15701,403,264,0,1,0
15702,403,182,7,1,0
15703,403,368,0,1,0
15704,403,48,0,1,0
15705,403,290,0,1,0
15706,403,191,99,1,0
15707,403,127,99,1,0
15708,403,278,0,1,0
15709,403,100,4,1,0
15710,403,121,0,1,0
15711,403,208,0,1,0
15712,403,231,99,1,0
15713,403,418,0,1,0
15714,403,134,0,1,0
15715,403,263,8,1,0
15716,403,95,0,1,0
15717,403,92,0,1,0
15718,403,420,0,1,0
15719,403,57,0,1,0
15720,404,324,2,1,0
15721,404,21,60,1,0
15722,404,221,0,1,0
15723,404,403,98,1,0
15724,404,94,98,1,0
15725,404,328,3,1,0
15726,404,126,98,1,0
15727,404,400,98,1,0
15728,404,367,98,1,0
15729,404,104,0,1,0
15730,404,49,2,1,0
15731,404,111,98,1,0
15732,404,201,98,1,0
15733,404,352,24,1,0
15734,404,303,98,1,0
15735,404,112,45,1,0
15736,404,332,45,1,0
15737,404,370,0,1,0
15738,404,322,98,1,0
15739,404,160,88,1,0
15740,404,247,98,1,0
15741,404,67,98,1,0
15742,404,424,3,1,0
15743,404,241,5,1,0
15744,404,364,72,1,0
15745,404,230,96,1,0
15746,404,136,0,1,0
15747,404,309,98,1,0
15748,404,92,3,1,0
15749,404,361,0,1,0
15750,404,183,98,1,0
15751,404,53,60,1,0
15752,404,314,0,1,0
15753,404,374,98,1,0
15754,404,110,98,1,0
15755,404,203,98,1,0
15756,404,329,98,1,0
15757,404,77,98,1,0
15758,404,325,35,1,0
15759,404,141,61,1,0
15760,405,43,99,1,0
15761,405,133,4,1,0
15762,405,135,99,1,0
15763,405,39,99,1,0
15764,405,286,9,1,0
15765,405,329,0,1,0
15766,405,299,99,1,0
15767,405,177,0,1,0
15768,405,224,0,1,0
15769,405,284,4,1,0
15770,405,130,4,1,0
15771,405,198,61,1,0
15772,405,171,99,1,0
15773,405,253,4,1,0
15774,405,143,99,1,0
15775,405,388,4,1,0
15776,405,278,4,1,0
15777,405,186,4,1,0
15778,405,168,0,1,0
15779,405,187,99,1,0
15780,405,227,92,1,0
15781,405,142,4,1,0
15782,405,75,99,1,0
15783,405,332,61,1,0
15784,405,188,6,1,0
15785,405,437,4,1,0
15786,405,407,99,1,0
15787,405,268,0,1,0
15788,405,27,97,1,0
15789,405,406,99,1,0
15790,405,99,99,1,0
15791,405,66,9,1,0
15792,405,333,90,1,0
15793,405,331,99,1,0
15794,405,127,98,1,0
15795,405,137,4,1,0
15796,405,249,0,1,0
15797,405,401,4,1,0
15798,405,318,4,1,0
15799,405,330,99,1,0
15800,406,429,0,1,0
15801,406,56,0,1,0
15802,406,186,4,1,0
15803,406,247,97,1,0
15804,406,431,97,1,0
15805,406,375,97,1,0
15806,406,284,9,1,0
15807,406,285,0,1,0
15808,406,151,97,1,0
15809,406,363,99,1,0
15810,406,222,0,1,0
15811,406,152,0,1,0
15812,406,74,4,1,0
15813,406,400,8,1,0
15814,406,91,97,1,0
15815,406,138,20,1,0
15816,406,111,95,1,0
15817,406,303,99,1,0
15818,406,426,0,1,0
15819,406,142,4,1,0
15820,406,221,0,1,0
15821,406,374,97,1,0
15822,406,63,97,1,0
15823,406,50,99,1,0
15824,406,311,99,1,0
15825,406,250,97,1,0
15826,406,421,90,1,0
15827,406,216,56,1,0
15828,406,26,4,1,0
15829,406,340,0,1,0
15830,406,362,4,1,0
15831,406,104,0,1,0
15832,406,433,0,1,0
15833,406,52,0,1,0
15834,406,302,97,1,0
15835,406,214,97,1,0
15836,406,137,4,1,0
15837,406,198,97,1,0
15838,406,273,4,1,0
15839,406,171,99,1,0
15840,408,78,90,1,0
15841,408,374,2,1,0
15842,408,168,74,1,0
15843,408,267,82,1,0
15844,408,101,97,1,0
15845,408,355,0,1,0
15846,408,155,82,1,0
15847,408,302,97,1,0
15848,408,118,0,1,0
15849,408,183,0,1,0
15850,408,243,62,1,0
15851,408,427,62,1,0
15852,408,398,0,1,0
15853,408,186,0,1,0
15854,408,177,0,1,0
15855,408,132,0,1,0
15856,408,191,61,1,0
15857,408,314,0,1,0
15858,408,304,0,1,0
15859,408,350,0,1,0
15860,408,233,0,1,0
15861,408,184,0,1,0
15862,408,229,0,1,0
15863,408,31,0,1,0
15864,408,123,0,1,0
15865,408,256,0,1,0
15866,408,282,93,1,0
15867,408,207,82,1,0
15868,408,265,74,1,0
15869,408,72,0,1,0
15870,408,91,72,1,0
15871,408,307,72,1,0
15872,408,33,0,1,0
15873,408,79,72,1,0
15874,408,131,72,1,0
15875,408,182,35,1,0
15876,408,161,0,1,0
15877,408,140,0,1,0
15878,408,208,0,1,0
15879,408,332,2,1,0
15880,409,425,0,1,0
15881,409,317,0,1,0
15882,409,174,1,1,0
15883,409,39,98,1,0
15884,409,304,74,1,0
15885,409,292,0,1,0
15886,409,216,0,1,0
15887,409,131,98,1,0
15888,409,153,0,1,0
15889,409,33,0,1,0
15890,409,197,0,1,0
15891,409,274,0,1,0
15892,409,264,0,1,0
15893,409,354,98,1,0
15894,409,271,98,1,0
15895,409,431,98,1,0
15896,409,50,0,1,0
15897,409,241,5,1,0
15898,409,257,80,1,0
15899,409,64,69,1,0
15900,409,338,98,1,0
15901,409,351,98,1,0
15902,409,281,0,1,0
15903,409,435,98,1,0
15904,409,118,0,1,0
15905,409,371,98,1,0
15906,409,213,96,1,0
15907,409,414,98,1,0
15908,409,250,98,1,0
15909,409,402,4,1,0
15910,409,220,13,1,0
15911,409,147,99,1,0
15912,409,165,0,1,0
15913,409,418,98,1,0
15914,409,290,98,1,0
15915,409,225,98,1,0
15916,409,62,68,1,0
15917,409,408,90,1,0
15918,409,26,0,1,0
15919,409,407,99,1,0
15920,410,58,0,1,0
15921,410,270,2,1,0
15922,410,85,0,1,0
15923,410,264,47,1,0
15924,410,265,91,1,0
15925,410,209,97,1,0
15926,410,56,0,1,0
15927,410,285,48,1,0
15928,410,390,0,1,0
15929,410,59,99,1,0
15930,410,52,98,1,0
15931,410,303,99,1,0
15932,410,195,99,1,0
15933,410,193,0,1,0
15934,410,337,0,1,0
15935,410,40,94,1,0
15936,410,315,99,1,0
15937,410,382,0,1,0
15938,410,263,99,1,0
15939,410,30,24,1,0
15940,410,292,0,1,0
15941,410,432,0,1,0
15942,410,106,0,1,0
15943,410,319,99,1,0
15944,410,189,25,1,0
15945,410,255,99,1,0
15946,410,293,0,1,0
15947,410,152,0,1,0
15948,410,175,99,1,0
15949,410,162,97,1,0
15950,410,316,0,1,0
15951,410,213,98,1,0
15952,410,256,0,1,0
15953,410,222,0,1,0
15954,410,411,99,1,0
15955,410,53,0,1,0
15956,410,404,0,1,0
15957,410,31,99,1,0
15958,410,232,0,1,0
15959,410,140,8,1,0
15960,411,320,0,1,0
15961,411,42,2,1,0
15962,411,288,0,1,0
15963,411,66,0,1,0
15964,411,156,0,1,0
15965,411,258,0,1,0
15966,411,309,0,1,0
15967,411,335,0,1,0
15968,411,159,99,1,0
15969,411,299,99,1,0
15970,411,367,0,1,0
15971,411,136,0,1,0
15972,411,38,0,1,0
15973,411,72,0,1,0
15974,411,183,0,1,0
15975,411,39,40,1,0
15976,411,360,3,1,0
15977,411,142,0,1,0
15978,411,240,0,1,0
15979,411,385,0,1,0
15980,411,114,0,1,0
15981,411,71,98,1,0
15982,411,272,0,1,0
15983,411,331,99,1,0
15984,411,200,0,1,0
15985,411,122,0,1,0
15986,411,363,99,1,0
15987,411,94,0,1,0
15988,411,314,0,1,0
15989,411,73,0,1,0
15990,411,344,0,1,0
15991,411,29,0,1,0
15992,411,46,2,1,0
15993,411,407,93,1,0
15994,411,430,0,1,0
15995,411,238,0,1,0
15996,411,55,99,1,0
15997,411,425,0,1,0
15998,411,167,99,1,0
15999,411,324,0,1,0
16000,413,125,73,1,0
16001,413,265,88,1,0
16002,413,241,0,1,0
16003,413,108,0,1,0
16004,413,239,99,1,0
16005,413,60,0,1,0
16006,413,406,45,1,0
16007,413,283,99,1,0
16008,413,93,99,1,0
16009,413,347,99,1,0
16010,413,137,99,1,0
16011,413,300,0,1,0
16012,413,183,99,1,0
16013,413,235,99,1,0
16014,413,94,99,1,0
16015,413,192,73,1,0
16016,413,36,73,1,0
16017,413,74,99,1,0
16018,413,134,4,1,0
16019,413,309,0,1,0
16020,413,111,99,1,0
16021,413,44,73,1,0
16022,413,321,93,1,0
16023,413,251,99,1,0
16024,413,186,99,1,0
16025,413,78,99,1,0
16026,413,202,0,1,0
16027,413,388,99,1,0
16028,413,261,86,1,0
16029,413,201,0,1,0
16030,413,249,0,1,0
16031,413,204,98,1,0
16032,413,243,99,1,0
16033,413,177,0,1,0
16034,413,209,4,1,0
16035,413,131,99,1,0
16036,413,380,99,1,0
16037,413,390,99,1,0
16038,413,289,99,1,0
16039,413,114,4,1,0
16040,414,156,0,1,0
16041,414,382,0,1,0
16042,414,331,99,1,0
16043,414,247,98,1,0
16044,414,85,0,1,0
16045,414,206,28,1,0
16046,414,439,98,1,0
16047,414,427,98,1,0
16048,414,172,0,1,0
16049,414,114,24,1,0
16050,414,309,5,1,0
16051,414,201,0,1,0
16052,414,77,88,1,0
16053,414,232,0,1,0
16054,414,275,98,1,0
16055,414,101,98,1,0
16056,414,209,92,1,0
16057,414,204,98,1,0
16058,414,286,54,1,0
16059,414,392,66,1,0
16060,414,362,22,1,0
16061,414,90,0,1,0
16062,414,49,0,1,0
16063,414,259,98,1,0
16064,414,433,37,1,0
16065,414,221,3,1,0
16066,414,391,99,1,0
16067,414,255,98,1,0
16068,414,328,99,1,0
16069,414,389,99,1,0
16070,414,181,1,1,0
16071,414,408,84,1,0
16072,414,178,0,1,0
16073,414,166,0,1,0
16074,414,192,98,1,0
16075,414,216,21,1,0
16076,414,294,0,1,0
16077,414,214,92,1,0
16078,414,64,99,1,0
16079,414,73,0,1,0
16080,415,258,0,1,0
16081,415,408,0,1,0
16082,415,24,0,1,0
16083,415,136,0,1,0
16084,415,30,0,1,0
16085,415,378,0,1,0
16086,415,386,4,1,0
16087,415,79,99,1,0
16088,415,215,99,1,0
16089,415,22,3,1,0
16090,415,325,0,1,0
16091,415,260,0,1,0
16092,415,53,0,1,0
16093,415,309,0,1,0
16094,415,180,0,1,0
16095,415,65,0,1,0
16096,415,224,3,1,0
16097,415,346,0,1,0
16098,415,39,99,1,0
16099,415,184,0,1,0
16100,415,414,0,1,0
16101,415,384,0,1,0
16102,415,270,0,1,0
16103,415,338,0,1,0
16104,415,105,0,1,0
16105,415,50,0,1,0
16106,415,158,0,1,0
16107,415,91,0,1,0
16108,415,314,2,1,0
16109,415,186,0,1,0
16110,415,199,99,1,0
16111,415,67,44,1,0
16112,415,152,0,1,0
16113,415,162,0,1,0
16114,415,407,99,1,0
16115,415,353,0,1,0
16116,415,178,0,1,0
16117,415,413,0,1,0
16118,415,153,0,1,0
16119,415,310,0,1,0
16120,416,29,0,1,0
16121,416,339,0,1,0
16122,416,287,0,1,0
16123,416,130,0,1,0
16124,416,137,0,1,0
16125,416,148,0,1,0
16126,416,149,0,1,0
16127,416,427,0,1,0
16128,416,429,0,1,0
16129,416,410,0,1,0
16130,416,418,0,1,0
16131,416,209,0,1,0
16132,416,27,0,1,0
16133,416,274,0,1,0
16134,416,100,0,1,0
16135,416,163,0,1,0
16136,416,436,0,1,0
16137,416,106,0,1,0
16138,416,144,0,1,0
16139,416,294,0,1,0
16140,416,305,0,1,0
16141,416,70,0,1,0
16142,416,315,0,1,0
16143,416,58,0,1,0
16144,416,214,0,1,0
16145,416,433,0,1,0
16146,416,406,0,1,0
16147,416,39,0,1,0
16148,416,384,0,1,0
16149,416,224,0,1,0
16150,416,333,0,1,0
16151,416,238,0,1,0
16152,416,21,0,1,0
16153,416,428,0,1,0
16154,416,342,0,1,0
16155,416,211,0,1,0
16156,416,215,0,1,0
16157,416,222,0,1,0
16158,416,371,0,1,0
16159,416,389,0,1,0
16160,418,202,0,1,0
16161,418,47,99,1,0
16162,418,328,99,1,0
16163,418,177,0,1,0
16164,418,392,7,1,0
16165,418,204,98,1,0
16166,418,103,99,1,0
16167,418,198,99,1,0
16168,418,185,0,1,0
16169,418,21,1,1,0
16170,418,237,93,1,0
16171,418,101,99,1,0
16172,418,279,99,1,0
16173,418,34,0,1,0
16174,418,294,0,1,0
16175,418,31,99,1,0
16176,418,295,99,1,0
16177,418,62,0,1,0
16178,418,116,0,1,0
16179,418,359,99,1,0
16180,418,35,99,1,0
16181,418,314,21,1,0
16182,418,380,99,1,0
16183,418,60,57,1,0
16184,418,271,99,1,0
16185,418,358,0,1,0
16186,418,36,36,1,0
16187,418,123,99,1,0
16188,418,23,99,1,0
16189,418,135,99,1,0
16190,418,316,0,1,0
16191,418,435,99,1,0
16192,418,85,0,1,0
16193,418,59,99,1,0
16194,418,374,99,1,0
16195,418,94,93,1,0
16196,418,410,73,1,0
16197,418,281,0,1,0
16198,418,401,4,1,0
16199,418,208,0,1,0
16200,419,125,3,1,0
16201,419,381,0,1,0
16202,419,238,0,1,0
16203,419,55,99,1,0
16204,419,32,0,1,0
16205,419,66,0,1,0
16206,419,350,0,1,0
16207,419,122,0,1,0
16208,419,201,0,1,0
16209,419,191,99,1,0
16210,419,96,0,1,0
16211,419,422,0,1,0
16212,419,434,0,1,0
16213,419,210,0,1,0
16214,419,395,61,1,0
16215,419,349,0,1,0
16216,419,189,0,1,0
16217,419,45,0,1,0
16218,419,388,0,1,0
16219,419,382,0,1,0
16220,419,205,0,1,0
16221,419,307,99,1,0
16222,419,298,4,1,0
16223,419,333,0,1,0
16224,419,357,0,1,0
16225,419,49,0,1,0
16226,419,199,99,1,0
16227,419,432,0,1,0
16228,419,214,0,1,0
16229,419,132,0,1,0
16230,419,320,0,1,0
16231,419,98,0,1,0
16232,419,147,99,1,0
16233,419,436,3,1,0
16234,419,364,0,1,0
16235,419,239,14,1,0
16236,419,72,0,1,0
16237,419,54,0,1,0
16238,419,305,0,1,0
16239,419,404,0,1,0
16240,420,292,0,1,0
16241,420,339,4,1,0
16242,420,348,20,1,0
16243,420,359,4,1,0
16244,420,74,0,1,0
16245,420,429,0,1,0
16246,420,59,99,1,0
16247,420,277,0,1,0
16248,420,191,99,1,0
16249,420,95,4,1,0
16250,420,181,0,1,0
16251,420,51,23,1,0
16252,420,431,13,1,0
16253,420,50,0,1,0
16254,420,340,0,1,0
16255,420,37,0,1,0
16256,420,151,8,1,0
16257,420,89,0,1,0
16258,420,248,0,1,0
16259,420,129,0,1,0
16260,420,98,4,1,0
16261,420,93,4,1,0
16262,420,255,23,1,0
16263,420,96,0,1,0
16264,420,386,4,1,0
16265,420,101,39,1,0
16266,420,406,0,1,0
16267,420,430,4,1,0
16268,420,424,90,1,0
16269,420,428,0,1,0
16270,420,330,0,1,0
16271,420,143,7,1,0
16272,420,121,0,1,0
16273,420,264,4,1,0
16274,420,246,0,1,0
16275,420,137,0,1,0
16276,420,222,39,1,0
16277,420,333,4,1,0
16278,420,167,99,1,0
16279,420,194,0,1,0
16280,422,342,0,1,0
16281,422,186,0,1,0
16282,422,274,9,1,0
16283,422,288,6,1,0
16284,422,213,92,1,0
16285,422,27,97,1,0
16286,422,311,98,1,0
16287,422,434,18,1,0
16288,422,230,0,1,0
16289,422,393,0,1,0
16290,422,108,0,1,0
16291,422,376,84,1,0
16292,422,20,0,1,0
16293,422,104,0,1,0
16294,422,269,0,1,0
16295,422,235,99,1,0
16296,422,170,0,1,0
16297,422,174,0,1,0
16298,422,140,6,1,0
16299,422,418,0,1,0
16300,422,169,46,1,0
16301,422,221,0,1,0
16302,422,250,57,1,0
16303,422,95,97,1,0
16304,422,357,0,1,0
16305,422,374,97,1,0
16306,422,54,31,1,0
16307,422,133,0,1,0
16308,422,200,16,1,0
16309,422,253,4,1,0
16310,422,183,97,1,0
16311,422,130,4,1,0
16312,422,386,4,1,0
16313,422,87,98,1,0
16314,422,190,0,1,0
16315,422,391,98,1,0
16316,422,285,0,1,0
16317,422,402,0,1,0
16318,422,372,0,1,0
16319,422,328,93,1,0
16320,423,99,12,1,0
16321,423,91,0,1,0
16322,423,97,4,1,0
16323,423,209,64,1,0
16324,423,49,0,1,0
16325,423,79,97,1,0
16326,423,112,0,1,0
16327,423,286,0,1,0
16328,423,412,0,1,0
16329,423,151,4,1,0
16330,423,109,3,1,0
16331,423,55,99,1,0
16332,423,228,4,1,0
16333,423,398,0,1,0
16334,423,71,99,1,0
16335,423,124,3,1,0
16336,423,360,3,1,0
16337,423,66,0,1,0
16338,423,203,99,1,0
16339,423,242,0,1,0
16340,423,287,26,1,0
16341,423,266,0,1,0
16342,423,95,99,1,0
16343,423,101,12,1,0
16344,423,392,0,1,0
16345,423,150,0,1,0
16346,423,180,0,1,0
16347,423,107,4,1,0
16348,423,347,99,1,0
16349,423,300,0,1,0
16350,423,116,0,1,0
16351,423,366,9,1,0
16352,423,277,0,1,0
16353,423,384,0,1,0
16354,423,303,2,1,0
16355,423,87,99,1,0
16356,423,272,0,1,0
16357,423,22,3,1,0
16358,423,404,0,1,0
16359,423,438,0,1,0
16360,424,148,0,1,0
16361,424,138,0,1,0
16362,424,353,0,1,0
16363,424,35,0,1,0
16364,424,427,0,1,0
16365,424,229,0,1,0
16366,424,231,82,1,0
16367,424,241,0,1,0
16368,424,434,0,1,0
16369,424,142,0,1,0
16370,424,238,0,1,0
16371,424,103,0,1,0
16372,424,197,0,1,0
16373,424,42,0,1,0
16374,424,151,0,1,0
16375,424,117,0,1,0
16376,424,327,82,1,0
16377,424,96,0,1,0
16378,424,406,0,1,0
16379,424,123,0,1,0
16380,424,236,0,1,0
16381,424,246,0,1,0
16382,424,124,0,1,0
16383,424,157,0,1,0
16384,424,279,49,1,0
16385,424,293,0,1,0
16386,424,44,0,1,0
16387,424,116,0,1,0
16388,424,395,55,1,0
16389,424,309,0,1,0
16390,424,76,0,1,0
16391,424,130,0,1,0
16392,424,399,0,1,0
16393,424,230,0,1,0
16394,424,73,0,1,0
16395,424,210,0,1,0
16396,424,101,69,1,0
16397,424,374,0,1,0
16398,424,104,0,1,0
16399,424,51,3,1,0
16400,425,407,99,1,0
16401,425,289,99,1,0
16402,425,132,96,1,0
16403,425,409,51,1,0
16404,425,392,0,1,0
16405,425,75,99,1,0
16406,425,340,0,1,0
16407,425,398,99,1,0
16408,425,76,57,1,0
16409,425,423,99,1,0
16410,425,406,0,1,0
16411,425,219,99,1,0
16412,425,41,0,1,0
16413,425,223,99,1,0
16414,425,139,99,1,0
16415,425,400,50,1,0
16416,425,98,99,1,0
16417,425,92,63,1,0
16418,425,204,98,1,0
16419,425,64,1,1,0
16420,425,374,99,1,0
16421,425,313,0,1,0
16422,425,61,1,1,0
16423,425,144,0,1,0
16424,425,155,99,1,0
16425,425,419,99,1,0
16426,425,161,80,1,0
16427,425,399,99,1,0
16428,425,127,99,1,0
16429,425,380,0,1,0
16430,425,357,0,1,0
16431,425,373,69,1,0
16432,425,175,99,1,0
16433,425,234,0,1,0
16434,425,246,0,1,0
16435,425,197,99,1,0
16436,425,267,99,1,0
16437,425,390,0,1,0
16438,425,212,0,1,0
16439,425,160,98,1,0
16440,427,298,0,1,0
16441,427,299,99,1,0
16442,427,211,23,1,0
16443,427,118,0,1,0
16444,427,136,0,1,0
16445,427,199,99,1,0
16446,427,207,4,1,0
16447,427,67,4,1,0
16448,427,124,0,1,0
16449,427,244,4,1,0
16450,427,400,4,1,0
16451,427,226,0,1,0
16452,427,291,4,1,0
16453,427,50,0,1,0
16454,427,250,4,1,0
16455,427,121,0,1,0
16456,427,93,0,1,0
16457,427,239,71,1,0
16458,427,145,0,1,0
16459,427,261,0,1,0
16460,427,438,0,1,0
16461,427,407,99,1,0
16462,427,86,0,1,0
16463,427,312,0,1,0
16464,427,238,0,1,0
16465,427,322,0,1,0
16466,427,76,0,1,0
16467,427,264,4,1,0
16468,427,217,0,1,0
16469,427,95,8,1,0
16470,427,175,36,1,0
16471,427,228,4,1,0
16472,427,432,0,1,0
16473,427,209,4,1,0
16474,427,313,0,1,0
16475,427,181,0,1,0
16476,427,268,0,1,0
16477,427,165,0,1,0
16478,427,230,0,1,0
16479,427,212,0,1,0
16480,428,80,98,1,0
16481,428,158,0,1,0
16482,428,50,0,1,0
16483,428,47,98,1,0
16484,428,64,75,1,0
16485,428,92,98,1,0
16486,428,235,98,1,0
16487,428,169,99,1,0
16488,428,29,0,1,0
16489,428,111,94,1,0
16490,428,224,98,1,0
16491,428,189,0,1,0
16492,428,52,96,1,0
16493,428,424,0,1,0
16494,428,419,98,1,0
16495,428,225,96,1,0
16496,428,71,98,1,0
16497,428,395,98,1,0
16498,428,190,0,1,0
16499,428,253,0,1,0
16500,428,416,0,1,0
16501,428,356,25,1,0
16502,428,90,0,1,0
16503,428,192,98,1,0
16504,428,99,99,1,0
16505,428,236,0,1,0
16506,428,266,98,1,0
16507,428,435,98,1,0
16508,428,54,96,1,0
16509,428,372,0,1,0
16510,428,176,0,1,0
16511,428,314,99,1,0
16512,428,125,90,1,0
16513,428,123,98,1,0
16514,428,163,99,1,0
16515,428,275,91,1,0
16516,428,433,80,1,0
16517,428,109,75,1,0
16518,428,251,99,1,0
16519,428,366,84,1,0
16520,429,164,99,1,0
16521,429,39,98,1,0
16522,429,259,98,1,0
16523,429,105,99,1,0
16524,429,306,0,1,0
16525,429,236,0,1,0
16526,429,64,69,1,0
16527,429,110,99,1,0
16528,429,38,4,1,0
16529,429,170,0,1,0
16530,429,325,0,1,0
16531,429,414,0,1,0
16532,429,250,77,1,0
16533,429,26,67,1,0
16534,429,95,98,1,0
16535,429,324,0,1,0
16536,429,383,99,1,0
16537,429,412,0,1,0
16538,429,263,98,1,0
16539,429,430,0,1,0
16540,429,126,0,1,0
16541,429,191,99,1,0
16542,429,186,0,1,0
16543,429,349,16,1,0
16544,429,172,0,1,0
16545,429,219,91,1,0
16546,429,36,99,1,0
16547,429,399,49,1,0
16548,429,225,96,1,0
16549,429,206,0,1,0
16550,429,124,98,1,0
16551,429,65,0,1,0
16552,429,22,99,1,0
16553,429,434,0,1,0
16554,429,215,98,1,0
16555,429,54,99,1,0
16556,429,401,0,1,0
16557,429,381,0,1,0
16558,429,310,1,1,0
16559,429,275,87,1,0
16560,430,100,0,1,0
16561,430,364,0,1,0
16562,430,246,0,1,0
16563,430,259,99,1,0
16564,430,130,0,1,0
16565,430,231,99,1,0
16566,430,277,0,1,0
16567,430,108,0,1,0
16568,430,66,0,1,0
16569,430,103,93,1,0
16570,430,23,99,1,0
16571,430,104,0,1,0
16572,430,39,99,1,0
16573,430,279,99,1,0
16574,430,61,0,1,0
16575,430,46,2,1,0
16576,430,388,99,1,0
16577,430,251,99,1,0
16578,430,428,18,1,0
16579,430,302,99,1,0
16580,430,140,0,1,0
16581,430,102,0,1,0
16582,430,351,99,1,0
16583,430,196,0,1,0
16584,430,370,0,1,0
16585,430,92,98,1,0
16586,430,293,0,1,0
16587,430,182,98,1,0
16588,430,235,99,1,0
16589,430,289,99,1,0
16590,430,387,99,1,0
16591,430,386,8,1,0
16592,430,228,45,1,0
16593,430,401,0,1,0
16594,430,209,97,1,0
16595,430,261,0,1,0
16596,430,342,0,1,0
16597,430,211,99,1,0
16598,430,163,99,1,0
16599,430,322,0,1,0
16600,432,68,0,1,0
16601,432,50,0,1,0
16602,432,142,0,1,0
16603,432,227,4,1,0
16604,432,123,4,1,0
16605,432,302,4,1,0
16606,432,161,5,1,0
16607,432,66,0,1,0
16608,432,239,0,1,0
16609,432,402,9,1,0
16610,432,178,0,1,0
16611,432,394,4,1,0
16612,432,350,14,1,0
16613,432,437,0,1,0
16614,432,23,0,1,0
16615,432,261,0,1,0
16616,432,26,4,1,0
16617,432,410,4,1,0
16618,432,181,0,1,0
16619,432,168,0,1,0
16620,432,285,0,1,0
16621,432,370,0,1,0
16622,432,113,0,1,0
16623,432,35,9,1,0
16624,432,186,0,1,0
16625,432,385,0,1,0
16626,432,221,4,1,0
16627,432,363,0,1,0
16628,432,106,0,1,0
16629,432,116,0,1,0
16630,432,364,0,1,0
16631,432,174,4,1,0
16632,432,434,4,1,0
16633,432,82,0,1,0
16634,432,256,0,1,0
16635,432,290,0,1,0
16636,432,318,0,1,0
16637,432,37,0,1,0
16638,432,303,4,1,0
16639,432,343,15,1,0
16640,433,270,38,1,0
16641,433,299,99,1,0
16642,433,343,91,1,0
16643,433,370,4,1,0
16644,433,363,99,1,0
16645,433,436,0,1,0
16646,433,201,0,1,0
16647,433,257,0,1,0
16648,433,68,0,1,0
16649,433,297,0,1,0
16650,433,419,91,1,0
16651,433,168,0,1,0
16652,433,82,4,1,0
16653,433,316,0,1,0
16654,433,439,91,1,0
16655,433,346,0,1,0
16656,433,411,91,1,0
16657,433,162,24,1,0
16658,433,361,4,1,0
16659,433,389,22,1,0
16660,433,328,0,1,0
16661,433,374,41,1,0
16662,433,334,4,1,0
16663,433,75,96,1,0
16664,433,45,78,1,0
16665,433,254,4,1,0
16666,433,46,9,1,0
16667,433,306,4,1,0
16668,433,332,96,1,0
16669,433,409,0,1,0
16670,433,51,91,1,0
16671,433,99,99,1,0
16672,433,77,96,1,0
16673,433,338,4,1,0
16674,433,325,0,1,0
16675,433,102,46,1,0
16676,433,196,0,1,0
16677,433,86,7,1,0
16678,433,333,96,1,0
16679,433,191,99,1,0
16680,434,358,78,1,0
16681,434,39,98,1,0
16682,434,102,98,1,0
16683,434,265,2,1,0
16684,434,229,0,1,0
16685,434,70,0,1,0
16686,434,314,0,1,0
16687,434,328,3,1,0
16688,434,326,98,1,0
16689,434,170,98,1,0
16690,434,114,98,1,0
16691,434,339,98,1,0
16692,434,404,0,1,0
16693,434,312,3,1,0
16694,434,88,0,1,0
16695,434,367,98,1,0
16696,434,261,3,1,0
16697,434,45,98,1,0
16698,434,41,63,1,0
16699,434,167,98,1,0
16700,434,381,98,1,0
16701,434,21,98,1,0
16702,434,327,97,1,0
16703,434,436,0,1,0
16704,434,124,0,1,0
16705,434,136,3,1,0
16706,434,255,98,1,0
16707,434,82,0,1,0
16708,434,121,98,1,0
16709,434,380,3,1,0
16710,434,207,98,1,0
16711,434,112,98,1,0
16712,434,68,0,1,0
16713,434,247,98,1,0
16714,434,46,10,1,0
16715,434,55,98,1,0
16716,434,197,64,1,0
16717,434,28,0,1,0
16718,434,30,98,1,0
16719,434,315,98,1,0
16720,435,246,0,1,0
16721,435,102,0,1,0
16722,435,85,0,1,0
16723,435,88,0,1,0
16724,435,218,0,1,0
16725,435,89,0,1,0
16726,435,24,0,1,0
16727,435,274,0,1,0
16728,435,401,0,1,0
16729,435,351,0,1,0
16730,435,347,0,1,0
16731,435,244,4,1,0
16732,435,291,0,1,0
16733,435,431,65,1,0
16734,435,120,0,1,0
16735,435,350,0,1,0
16736,435,67,0,1,0
16737,435,360,0,1,0
16738,435,221,0,1,0
16739,435,251,15,1,0
16740,435,177,0,1,0
16741,435,283,0,1,0
16742,435,382,0,1,0
16743,435,432,0,1,0
16744,435,335,0,1,0
16745,435,167,95,1,0
16746,435,367,0,1,0
16747,435,49,0,1,0
16748,435,243,38,1,0
16749,435,52,3,1,0
16750,435,279,20,1,0
16751,435,185,0,1,0
16752,435,379,99,1,0
16753,435,437,4,1,0
16754,435,260,0,1,0
16755,435,420,0,1,0
16756,435,175,0,1,0
16757,435,204,3,1,0
16758,435,150,0,1,0
16759,435,433,4,1,0
16760,437,61,0,1,0
16761,437,434,78,1,0
16762,437,115,99,1,0
16763,437,282,0,1,0
16764,437,290,0,1,0
16765,437,388,0,1,0
16766,437,98,17,1,0
16767,437,195,6,1,0
16768,437,235,11,1,0
16769,437,378,0,1,0
16770,437,137,0,1,0
16771,437,21,0,1,0
16772,437,370,0,1,0
16773,437,381,0,1,0
16774,437,119,0,1,0
16775,437,68,0,1,0
16776,437,54,0,1,0
16777,437,44,0,1,0
16778,437,149,0,1,0
16779,437,324,0,1,0
16780,437,367,99,1,0
16781,437,422,4,1,0
16782,437,375,0,1,0
16783,437,392,0,1,0
16784,437,20,0,1,0
16785,437,222,0,1,0
16786,437,49,0,1,0
16787,437,228,99,1,0
16788,437,55,99,1,0
16789,437,243,0,1,0
16790,437,281,0,1,0
16791,437,293,0,1,0
16792,437,373,0,1,0
16793,437,399,0,1,0
16794,437,227,0,1,0
16795,437,389,0,1,0
16796,437,247,7,1,0
16797,437,285,99,1,0
16798,437,182,30,1,0
16799,437,57,92,1,0
16800,438,325,53,1,0
16801,438,79,99,1,0
16802,438,113,0,1,0
16803,438,162,99,1,0
16804,438,120,0,1,0
16805,438,356,0,1,0
16806,438,130,99,1,0
16807,438,254,68,1,0
16808,438,271,99,1,0
16809,438,170,99,1,0
16810,438,252,0,1,0
16811,438,399,99,1,0
16812,438,322,79,1,0
16813,438,398,99,1,0
16814,438,125,98,1,0
16815,438,229,0,1,0
16816,438,172,81,1,0
16817,438,67,99,1,0
16818,438,226,92,1,0
16819,438,164,1,1,0
16820,438,134,92,1,0
16821,438,235,99,1,0
16822,438,432,0,1,0
16823,438,201,98,1,0
16824,438,407,99,1,0
16825,438,227,99,1,0
16826,438,99,99,1,0
16827,438,246,0,1,0
16828,438,66,11,1,0
16829,438,375,99,1,0
16830,438,303,99,1,0
16831,438,111,99,1,0
16832,438,304,0,1,0
16833,438,212,0,1,0
16834,438,381,99,1,0
16835,438,326,99,1,0
16836,438,397,0,1,0
16837,438,27,99,1,0
16838,438,102,88,1,0
16839,438,383,99,1,0
16840,439,145,0,1,0
16841,439,174,0,1,0
16842,439,324,0,1,0
16843,439,312,3,1,0
16844,439,400,4,1,0
16845,439,85,0,1,0
16846,439,421,0,1,0
16847,439,424,0,1,0
16848,439,84,0,1,0
16849,439,304,4,1,0
16850,439,52,0,1,0
16851,439,46,2,1,0
16852,439,260,0,1,0
16853,439,217,0,1,0
16854,439,89,0,1,0
16855,439,157,0,1,0
16856,439,23,0,1,0
16857,439,213,0,1,0
16858,439,230,0,1,0
16859,439,409,0,1,0
16860,439,223,0,1,0
16861,439,415,0,1,0
16862,439,194,0,1,0
16863,439,316,0,1,0
16864,439,90,0,1,0
16865,439,124,0,1,0
16866,439,187,99,1,0
16867,439,91,0,1,0
16868,439,393,0,1,0
16869,439,290,0,1,0
16870,439,425,0,1,0
16871,439,355,0,1,0
16872,439,151,0,1,0
16873,439,162,0,1,0
16874,439,156,0,1,0
16875,439,22,3,1,0
16876,439,20,0,1,0
16877,439,420,0,1,0
16878,439,236,0,1,0
16879,439,115,0,1,0
16880,27,428,0,1,1
16881,50,49,19,1,1
16882,51,30,0,1,1
16883,67,6,0,1,1
16884,69,8,93,1,1
16885,74,13,100,1,1
16886,79,18,79,1,1
16887,83,84,0,1,1
16888,91,72,0,1,1
16889,98,77,0,1,1
16890,99,118,0,1,1
16891,102,101,100,1,1
16892,107,108,0,1,1
16893,111,92,0,1,1
16894,117,96,0,1,1
16895,126,105,0,1,1
16896,127,147,100,1,1
16897,131,110,100,1,1
16898,143,142,0,1,1
16899,150,129,0,1,1
16900,151,132,0,1,1
16901,155,134,0,1,1
16902,174,153,0,1,1
16903,179,158,0,1,1
16904,183,164,0,1,1
16905,198,197,0,1,1
16906,202,181,99,1,1
16907,207,208,0,1,1
16908,211,190,0,1,1
16909,221,200,0,1,1
16910,226,205,0,1,1
16911,227,206,0,1,1
16912,231,210,0,1,1
16913,250,229,0,1,1
16914,255,236,0,1,1
16915,271,270,0,1,1
16916,274,253,100,1,1
16917,279,258,0,1,1
16918,283,284,0,1,1
16919,291,272,0,1,1
16920,299,278,0,1,1
16921,302,281,0,1,1
16922,303,284,0,1,1
16923,307,288,0,1,1
16924,315,294,0,1,1
16925,323,342,0,1,1
16926,326,305,0,1,1
16927,331,352,0,1,1
16928,335,334,0,1,1
16929,343,342,0,1,1
16930,350,329,16,1,1
16931,351,352,0,1,1
16932,355,334,0,1,1
16933,369,348,0,1,1
16934,371,390,0,1,1
16935,374,353,0,1,1
16936,375,354,100,1,1
16937,379,358,0,1,1
16938,382,381,100,1,1
16939,383,384,0,1,1
16940,393,372,0,1,1
16941,395,376,0,1,1
16942,398,397,0,1,1
16943,402,381,53,1,1
16944,407,388,0,1,1
16945,411,390,0,1,1
16946,415,396,0,1,1
16947,419,418,0,1,1
16948,426,405,46,1,1
16949,431,432,0,1,1
16950,23,424,50,1,1
16951,26,425,0,1,1
16952,27,28,4,1,1
16953,31,432,0,1,1
16954,35,36,4,1,1
16955,39,438,0,1,1
16956,43,24,0,1,1
16957,47,48,0,1,1
16958,51,32,0,1,1
16959,55,36,0,1,1
16960,59,38,9,1,1
16961,63,2,0,1,1
16962,67,7,0,1,1
16963,71,10,0,1,1
16964,74,14,100,1,1
16965,75,14,0,1,1
16966,79,19,85,1,1
16967,83,62,0,1,1
16968,87,68,0,1,1
16969,91,92,4,1,1
16970,94,93,0,1,1
16971,95,76,0,1,1
16972,98,97,100,1,1
16973,102,122,5,1,1
16974,103,124,0,1,1
16975,107,128,4,1,1
16976,111,112,0,1,1
16977,114,93,100,1,1
16978,115,96,0,1,1
16979,119,118,0,1,1
16980,121,100,36,1,1
16981,123,144,0,1,1
16982,126,125,99,1,1
16983,127,128,0,1,1
16984,130,129,0,1,1
16985,131,112,0,1,1
16986,139,118,0,1,1
16987,143,124,0,1,1
16988,146,125,0,1,1
16989,147,128,0,1,1
16990,150,149,0,1,1
16991,151,152,0,1,1
16992,155,154,0,1,1
16993,158,177,0,1,1
16994,167,148,0,1,1
16995,169,148,0,1,1
16996,170,149,17,1,1
16997,171,152,0,1,1
16998,174,173,4,1,1
16999,175,196,0,1,1
17000,179,178,0,1,1
17001,183,184,0,1,1
17002,186,165,0,1,1
17003,187,168,0,1,1
17004,190,209,57,1,1
17005,195,196,0,1,1
17006,198,217,0,1,1
17007,202,201,83,1,1
17008,203,204,0,1,1
17009,207,228,4,1,1
17010,211,192,0,1,1
17011,213,192,0,1,1
17012,215,196,0,1,1
17013,219,218,0,1,1
17014,221,220,21,1,1
17015,223,222,0,1,1
17016,226,225,44,1,1
17017,227,208,0,1,1
17018,231,232,0,1,1
17019,234,233,32,1,1
17020,235,214,0,1,1
17021,243,222,0,1,1
17022,245,224,99,1,1
17023,246,265,99,1,1
17024,247,248,0,1,1
17025,250,249,0,1,1
17026,251,232,0,1,1
17027,255,276,0,1,1
17028,263,242,0,1,1
17029,267,248,0,1,1
17030,269,248,0,1,1
17031,270,249,0,1,1
17032,271,290,0,1,1
17033,275,276,0,1,1
17034,279,278,0,1,1
17035,283,262,0,1,1
17036,286,265,2,1,1
17037,287,268,0,1,1
17038,291,292,0,1,1
17039,293,292,0,1,1
17040,295,276,0,1,1
17041,298,277,0,1,1
17042,299,318,0,1,1
17043,302,301,0,1,1
17044,303,324,0,1,1
17045,306,285,2,1,1
17046,307,308,0,1,1
17047,310,289,20,1,1
17048,311,292,0,1,1
17049,315,296,0,1,1
17050,321,300,0,1,1
17051,322,301,0,1,1
17052,323,304,0,1,1
17053,326,325,0,1,1
17054,327,308,0,1,1
17055,331,330,0,1,1
17056,335,316,0,1,1
17057,342,341,5,1,1
17058,343,324,0,1,1
17059,347,328,4,1,1
17060,350,349,0,1,1
17061,351,330,0,1,1
17062,355,354,100,1,1
17063,358,337,97,1,1
17064,362,361,18,1,1
17065,367,348,0,1,1
17066,369,389,99,1,1
17067,371,372,0,1,1
17068,374,373,0,1,1
17069,375,356,0,1,1
17070,379,378,0,1,1
17071,382,401,100,1,1
17072,383,404,0,1,1
17073,386,365,0,1,1
17074,387,408,10,1,1
17075,390,389,2,1,1
17076,391,370,0,1,1
17077,393,392,48,1,1
17078,395,416,0,1,1
17079,398,377,16,1,1
17080,399,418,0,1,1
17081,402,401,5,1,1
17082,403,384,0,1,1
17083,407,408,0,1,1
17084,411,392,0,1,1
17085,415,416,0,1,1
17086,419,438,0,1,1
17087,421,400,99,1,1
17088,422,401,5,1,1
17089,423,424,61,1,1
17090,426,425,98,1,1
17091,427,408,0,1,1
17092,430,409,0,1,1
17093,431,32,0,1,1
17094,435,416,0,1,1
17095,439,418,0,1,1
17096,23,44,0,1,1
17097,27,48,0,1,1
17098,31,52,0,1,1
17099,35,56,0,1,1
17100,38,37,0,1,1
17101,43,44,0,1,1
17102,47,46,3,1,1
17103,51,52,0,1,1
17104,55,34,0,1,1
17105,59,58,0,1,1
17106,63,82,0,1,1
17107,67,8,0,1,1
17108,71,11,0,1,1
17109,75,15,99,1,1
17110,79,78,0,1,1
17111,83,82,4,1,1
17112,87,108,0,1,1
17113,91,70,0,1,1
17114,102,121,0,1,1
17115,103,82,4,1,1
17116,107,88,0,1,1
17117,111,130,0,1,1
17118,115,116,0,1,1
17119,118,97,74,1,1
17120,119,98,0,1,1
17121,123,104,0,1,1
17122,127,146,0,1,1
17123,131,130,0,1,1
17124,134,113,0,1,1
17125,135,154,0,1,1
17126,139,138,0,1,1
17127,143,144,0,1,1
17128,147,168,0,1,1
17129,150,169,56,1,1
17130,151,130,0,1,1
17131,155,136,0,1,1
17132,159,158,0,1,1
17133,167,168,0,1,1
17134,171,172,0,1,1
17135,174,193,93,1,1
17136,175,154,0,1,1
17137,178,157,9,1,1
17138,179,198,0,1,1
17139,183,204,0,1,1
17140,187,206,0,1,1
17141,191,172,0,1,1
17142,202,221,4,1,1
17143,203,182,0,1,1
17144,207,186,0,1,1
17145,211,210,0,1,1
17146,215,216,0,1,1
17147,219,238,0,1,1
17148,223,242,0,1,1
17149,227,246,0,1,1
17150,231,252,0,1,1
17151,235,216,0,1,1
17152,239,238,0,1,1
17153,243,242,0,1,1
17154,247,268,0,1,1
17155,250,269,0,1,1
17156,251,252,0,1,1
17157,255,256,0,1,1
17158,259,258,0,1,1
17159,263,244,0,1,1
17160,267,268,0,1,1
17161,271,272,0,1,1
17162,274,273,26,1,1
17163,275,254,0,1,1
17164,279,298,4,1,1
17165,283,282,5,1,1
17166,287,288,4,1,1
17167,291,310,0,1,1
17168,295,296,0,1,1
17169,299,298,4,1,1
17170,302,321,92,1,1
17171,303,282,5,1,1
17172,307,286,0,1,1
17173,311,332,9,1,1
17174,315,334,0,1,1
17175,318,297,38,1,1
17176,319,298,4,1,1
17177,323,344,0,1,1
17178,327,346,0,1,1
17179,330,329,0,1,1
17180,331,332,0,1,1
17181,335,354,100,1,1
17182,339,338,0,1,1
17183,343,344,0,1,1
17184,347,348,0,1,1
17185,351,370,0,1,1
17186,355,336,18,1,1
17187,359,338,0,1,1
17188,363,344,0,1,1
17189,367,386,5,1,1
17190,371,392,0,1,1
17191,374,393,0,1,1
17192,375,376,0,1,1
17193,379,398,0,1,1
17194,383,362,0,1,1
17195,387,368,0,1,1
17196,391,390,0,1,1
17197,395,396,0,1,1
17198,398,417,0,1,1
17199,403,404,0,1,1
17200,407,428,0,1,1
17201,411,412,0,1,1
17202,415,394,0,1,1
17203,423,24,0,1,1
17204,426,25,61,1,1
17205,427,428,0,1,1
17206,431,410,0,1,1
17207,435,414,0,1,1
17208,438,417,27,1,1
17209,23,24,0,1,1
17210,27,26,0,1,1
17211,31,32,0,1,1
17212,34,433,0,1,1
17213,35,436,4,1,1
17214,39,38,0,1,1
17215,42,21,0,1,1
17216,43,22,3,1,1
17217,46,25,0,1,1
17218,51,50,0,1,1
17219,58,37,10,1,1
17220,63,3,0,1,1
17221,66,5,99,1,1
17222,67,68,0,1,1
17223,70,9,93,1,1
17224,71,12,0,1,1
17225,74,15,99,1,1
17226,75,16,73,1,1
17227,79,98,0,1,1
17228,82,61,0,1,1
17229,83,64,0,1,1
17230,86,65,4,1,1
17231,87,88,0,1,1
17232,90,89,1,1,1
17233,91,110,99,1,1
17234,93,72,0,1,1
17235,99,119,4,1,1
17236,103,84,0,1,1
17237,106,85,0,1,1
17238,107,86,0,1,1
17239,111,110,99,1,1
17240,114,133,2,1,1
17241,115,94,0,1,1
17242,117,116,0,1,1
17243,123,122,0,1,1
17244,127,148,0,1,1
17245,130,149,0,1,1
17246,131,132,0,1,1
17247,135,136,0,1,1
17248,138,137,0,1,1
17249,143,164,2,1,1
17250,146,165,0,1,1
17251,147,148,0,1,1
17252,154,133,2,1,1
17253,155,156,0,1,1
17254,158,137,0,1,1
17255,162,141,4,1,1
17256,163,142,0,1,1
17257,169,168,0,1,1
17258,170,189,99,1,1
17259,171,192,0,1,1
17260,174,154,12,1,1
17261,175,156,0,1,1
17262,179,199,81,1,1
17263,183,162,0,1,1
17264,186,185,0,1,1
17265,187,208,0,1,1
17266,191,192,0,1,1
17267,195,214,0,1,1
17268,198,178,0,1,1
17269,199,178,0,1,1
17270,202,182,98,1,1
17271,203,184,0,1,1
17272,207,188,0,1,1
17273,211,212,0,1,1
17274,213,212,0,1,1
17275,215,214,0,1,1
17276,218,197,97,1,1
17277,221,201,0,1,1
17278,223,204,4,1,1
17279,226,245,99,1,1
17280,227,248,0,1,1
17281,230,209,99,1,1
17282,231,212,0,1,1
17283,234,253,9,1,1
17284,235,236,0,1,1
17285,237,216,0,1,1
17286,238,257,7,1,1
17287,243,262,0,1,1
17288,246,225,48,1,1
17289,250,230,0,1,1
17290,251,272,0,1,1
17291,254,233,4,1,1
17292,255,234,0,1,1
17293,258,257,0,1,1
17294,263,284,0,1,1
17295,266,245,0,1,1
17296,267,288,0,1,1
17297,269,268,0,1,1
17298,275,256,0,1,1
17299,279,259,16,1,1
17300,282,261,0,1,1
17301,283,304,0,1,1
17302,286,285,1,1,1
17303,290,289,4,1,1
17304,291,290,0,1,1
17305,295,316,0,1,1
17306,298,317,4,1,1
17307,303,304,0,1,1
17308,306,305,9,1,1
17309,307,328,0,1,1
17310,310,309,3,1,1
17311,314,333,90,1,1
17312,315,316,0,1,1
17313,321,320,0,1,1
17314,322,341,0,1,1
17315,326,345,98,1,1
17316,327,328,0,1,1
17317,331,350,0,1,1
17318,335,356,0,1,1
17319,338,317,0,1,1
17320,339,318,0,1,1
17321,342,361,44,1,1
17322,343,364,0,1,1
17323,346,325,0,1,1
17324,351,332,9,1,1
17325,355,356,0,1,1
17326,358,357,0,1,1
17327,359,358,0,1,1
17328,363,364,0,1,1
17329,366,385,0,1,1
17330,367,388,0,1,1
17331,369,388,6,1,1
17332,374,354,96,1,1
17333,375,396,0,1,1
17334,378,357,9,1,1
17335,383,364,0,1,1
17336,387,388,0,1,1
17337,390,409,0,1,1
17338,391,372,0,1,1
17339,392,372,0,1,1
17340,393,373,7,1,1
17341,394,373,29,1,1
17342,398,418,0,1,1
17343,399,378,0,1,1
17344,403,424,0,1,1
17345,407,386,0,1,1
17346,410,389,90,1,1
17347,411,432,0,1,1
17348,415,434,0,1,1
17349,421,420,55,1,1
17350,422,21,2,1,1
17351,425,404,0,1,1
17352,426,406,99,1,1
17353,427,28,0,1,1
17354,430,429,19,1,1
17355,431,430,0,1,1
17356,434,413,56,1,1
17357,435,36,4,1,1
17358,438,437,0,1,1
17359,439,438,0,1,1
17360,23,22,4,1,1
17361,26,45,0,1,1
17362,27,46,3,1,1
17363,31,430,5,1,1
17364,35,34,0,1,1
17365,38,57,0,1,1
17366,43,42,0,1,1
17367,51,31,0,1,1
17368,58,57,56,1,1
17369,63,4,0,1,1
17370,66,6,0,1,1
17371,67,86,0,1,1
17372,70,89,0,1,1
17373,71,72,0,1,1
17374,74,73,5,1,1
17375,75,76,0,1,1
17376,83,104,0,1,1
17377,86,85,0,1,1
17378,87,106,0,1,1
17379,88,68,0,1,1
17380,91,112,0,1,1
17381,94,73,5,1,1
17382,95,114,0,1,1
17383,102,103,100,1,1
17384,103,104,0,1,1
17385,107,106,0,1,1
17386,110,89,0,1,1
17387,111,90,0,1,1
17388,115,114,0,1,1
17389,119,138,0,1,1
17390,122,101,100,1,1
17391,123,124,0,1,1
17392,126,106,0,1,1
17393,127,106,0,1,1
17394,131,152,0,1,1
17395,135,156,0,1,1
17396,137,116,0,1,1
17397,139,158,0,1,1
17398,145,124,99,1,1
17399,151,170,0,1,1
17400,155,176,0,1,1
17401,162,181,13,1,1
17402,163,144,0,1,1
17403,167,166,0,1,1
17404,171,170,0,1,1
17405,174,194,3,1,1
17406,175,176,0,1,1
17407,178,177,0,1,1
17408,182,161,0,1,1
17409,183,182,10,1,1
17410,186,205,0,1,1
17411,193,172,0,1,1
17412,195,176,0,1,1
17413,199,218,0,1,1
17414,202,222,78,1,1
17415,203,224,0,1,1
17416,207,226,0,1,1
17417,210,209,63,1,1
17418,211,230,0,1,1
17419,212,192,0,1,1
17420,215,194,0,1,1
17421,217,196,0,1,1
17422,222,201,0,1,1
17423,223,224,4,1,1
17424,225,205,0,1,1
17425,226,206,9,1,1
17426,227,228,5,1,1
17427,231,230,0,1,1
17428,235,256,0,1,1
17429,239,218,0,1,1
17430,243,224,0,1,1
17431,245,244,100,1,1
17432,247,228,5,1,1
17433,251,230,0,1,1
17434,255,254,0,1,1
17435,263,262,0,1,1
17436,267,246,0,1,1
17437,270,269,94,1,1
17438,271,250,0,1,1
17439,274,254,9,1,1
17440,275,296,0,1,1
17441,279,299,100,1,1
17442,282,281,0,1,1
17443,283,264,5,1,1
17444,287,266,5,1,1
17445,290,269,3,1,1
17446,291,312,0,1,1
17447,294,273,8,1,1
17448,298,278,98,1,1
17449,302,322,0,1,1
17450,303,322,0,1,1
17451,304,324,0,1,1
17452,307,306,0,1,1
17453,310,329,9,1,1
17454,311,290,0,1,1
17455,315,336,5,1,1
17456,317,296,0,1,1
17457,319,338,0,1,1
17458,323,322,0,1,1
17459,327,348,0,1,1
17460,330,349,5,1,1
17461,331,310,0,1,1
17462,335,314,3,1,1
17463,338,337,0,1,1
17464,343,322,0,1,1
17465,347,346,0,1,1
17466,350,369,5,1,1
17467,351,372,0,1,1
17468,354,353,0,1,1
17469,355,376,15,1,1
17470,359,378,0,1,1
17471,363,384,0,1,1
17472,364,384,0,1,1
17473,368,348,38,1,1
17474,371,391,100,1,1
17475,374,394,0,1,1
17476,378,397,19,1,1
17477,379,359,0,1,1
17478,381,360,22,1,1
17479,383,382,0,1,1
17480,386,385,0,1,1
17481,388,408,57,1,1
17482,391,392,0,1,1
17483,393,413,0,1,1
17484,394,413,9,1,1
17485,395,394,0,1,1
17486,401,400,100,1,1
17487,402,421,5,1,1
17488,403,422,0,1,1
17489,406,385,10,1,1
17490,407,406,0,1,1
17491,410,409,0,1,1
17492,411,410,0,1,1
17493,412,432,0,1,1
17494,414,413,0,1,1
17495,415,436,4,1,1
17496,417,416,0,1,1
17497,418,397,7,1,1
17498,419,398,0,1,1
17499,430,29,11,1,1
17500,431,30,0,1,1
17501,434,33,99,1,1
17502,435,34,0,1,1
17503,436,416,0,1,1
17504,439,38,0,1,1
17505,22,21,0,1,1
17506,31,30,0,1,1
17507,34,33,0,1,1
17508,39,58,0,1,1
17509,47,26,0,1,1
17510,55,35,0,1,1
17511,63,64,0,1,1
17512,67,88,0,1,1
17513,71,92,0,1,1
17514,74,93,5,1,1
17515,75,96,0,1,1
17516,83,102,0,1,1
17517,86,105,100,1,1
17518,87,66,0,1,1
17519,90,109,4,1,1
17520,98,117,85,1,1
17521,103,122,0,1,1
17522,106,105,100,1,1
17523,107,126,0,1,1
17524,110,109,0,1,1
17525,111,132,0,1,1
17526,114,113,0,1,1
17527,115,134,0,1,1
17528,118,137,10,1,1
17529,126,145,0,1,1
17530,131,111,0,1,1
17531,143,162,0,1,1
17532,146,145,5,1,1
17533,150,171,99,1,1
17534,154,153,0,1,1
17535,155,174,0,1,1
17536,158,157,5,1,1
17537,163,164,0,1,1
17538,167,186,0,1,1
17539,182,201,0,1,1
17540,183,202,0,1,1
17541,187,186,0,1,1
17542,191,190,0,1,1
17543,194,173,4,1,1
17544,195,216,0,1,1
17545,203,222,0,1,1
17546,207,187,98,1,1
17547,215,236,0,1,1
17548,218,217,97,1,1
17549,223,244,9,1,1
17550,224,204,99,1,1
17551,227,226,0,1,1
17552,230,229,0,1,1
17553,231,250,0,1,1
17554,234,214,100,1,1
17555,243,244,0,1,1
17556,246,245,5,1,1
17557,251,270,0,1,1
17558,254,253,100,1,1
17559,255,274,0,1,1
17560,262,261,0,1,1
17561,263,282,0,1,1
17562,266,265,99,1,1
17563,267,266,0,1,1
17564,275,274,0,1,1
17565,283,302,5,1,1
17566,287,286,9,1,1
17567,295,274,0,1,1
17568,299,319,100,1,1
17569,307,326,0,1,1
17570,311,310,0,1,1
17571,314,293,0,1,1
17572,322,321,41,1,1
17573,323,302,91,1,1
17574,331,312,0,1,1
17575,335,336,9,1,1
17576,343,363,100,1,1
17577,346,365,0,1,1
17578,347,366,0,1,1
17579,350,330,26,1,1
17580,355,374,1,1,1
17581,362,342,0,1,1
17582,367,366,9,1,1
17583,371,350,5,1,1
17584,379,399,0,1,1
17585,382,402,0,1,1
17586,383,402,0,1,1
17587,387,366,9,1,1
17588,391,410,0,1,1
17589,394,414,4,1,1
17590,398,378,0,1,1
17591,407,426,0,1,1
17592,415,435,100,1,1
17593,418,417,0,1,1
17594,426,26,67,1,1
17595,427,406,0,1,1
17596,431,412,0,1,1
17597,435,434,0,1,1
17598,23,42,3,1,1
17599,27,426,0,1,1
17600,30,429,43,1,1
17601,34,53,0,1,1
17602,45,24,38,1,1
17603,63,84,0,1,1
17604,66,7,86,1,1
17605,67,87,100,1,1
17606,70,10,79,1,1
17607,73,12,0,1,1
17608,83,103,5,1,1
17609,87,86,0,1,1
17610,91,71,100,1,1
17611,95,74,0,1,1
17612,98,118,0,1,1
17613,106,125,99,1,1
17614,107,87,100,1,1
17615,115,136,0,1,1
17616,117,136,0,1,1
17617,130,110,100,1,1
17618,143,163,100,1,1
17619,155,135,0,1,1
17620,157,177,0,1,1
17621,162,142,2,1,1
17622,166,185,0,1,1
17623,167,188,0,1,1
17624,169,149,0,1,1
17625,171,191,2,1,1
17626,175,194,0,1,1
17627,179,159,0,1,1
17628,183,163,100,1,1
17629,186,206,97,1,1
17630,187,188,0,1,1
17631,191,210,0,1,1
17632,202,203,100,1,1
17633,207,227,0,1,1
17634,211,191,100,1,1
17635,219,239,98,1,1
17636,221,242,0,1,1
17637,222,241,0,1,1
17638,230,249,0,1,1
17639,231,211,0,1,1
17640,235,234,0,1,1
17641,237,256,0,1,1
17642,247,246,0,1,1
17643,250,251,100,1,1
17644,255,235,0,1,1
17645,263,243,0,1,1
17646,266,285,0,1,1
17647,269,249,0,1,1
17648,271,251,100,1,1
17649,274,293,0,1,1
17650,283,263,100,1,1
17651,287,308,4,1,1
17652,290,309,3,1,1
17653,295,294,0,1,1
17654,302,282,68,1,1
17655,307,287,0,1,1
17656,312,333,97,1,1
17657,315,295,92,1,1
17658,318,317,0,1,1
17659,321,301,0,1,1
17660,322,342,0,1,1
17661,326,306,1,1,1
17662,336,316,0,1,1
17663,343,362,0,1,1
17664,347,368,0,1,1
17665,351,350,5,1,1
17666,355,335,0,1,1
17667,366,345,13,1,1
17668,367,346,0,1,1
17669,369,368,4,1,1
17670,374,375,89,1,1
17671,375,394,0,1,1
17672,378,377,99,1,1
17673,383,363,100,1,1
17674,391,412,0,1,1
17675,399,398,44,1,1
17676,402,422,9,1,1
17677,406,405,0,1,1
17678,407,387,0,1,1
17679,410,429,69,1,1
17680,421,20,0,1,1
17681,422,22,98,1,1
17682,431,31,0,1,1
17683,435,436,4,1,1
17684,22,41,54,1,1
17685,42,41,0,1,1
17686,46,45,0,1,1
17687,59,39,100,1,1
17688,71,70,0,1,1
17689,74,94,99,1,1
17690,75,94,4,1,1
17691,107,127,100,1,1
17692,110,129,0,1,1
17693,123,143,0,1,1
17694,131,150,0,1,1
17695,134,133,0,1,1
17696,135,134,0,1,1
17697,147,146,0,1,1
17698,151,171,100,1,1
17699,155,175,12,1,1
17700,159,139,45,1,1
17701,163,184,0,1,1
17702,188,168,0,1,1
17703,191,212,0,1,1
17704,194,193,0,1,1
17705,195,194,0,1,1
17706,215,234,0,1,1
17707,227,247,94,1,1
17708,235,254,0,1,1
17709,242,241,0,1,1
17710,243,264,0,1,1
17711,246,266,99,1,1
17712,255,275,0,1,1
17713,263,264,0,1,1
17714,267,286,0,1,1
17715,270,290,97,1,1
17716,274,294,0,1,1
17717,283,303,7,1,1
17718,286,266,0,1,1
17719,291,311,98,1,1
17720,293,272,0,1,1
17721,295,314,3,1,1
17722,307,327,16,1,1
17723,310,290,61,1,1
17724,326,346,0,1,1
17725,331,311,0,1,1
17726,342,321,93,1,1
17727,350,370,0,1,1
17728,363,362,0,1,1
17729,366,365,0,1,1
17730,368,389,99,1,1
17731,383,403,0,1,1
17732,387,386,5,1,1
17733,407,427,0,1,1
17734,411,391,100,1,1
17735,412,413,9,1,1
17736,422,421,0,1,1
17737,423,422,0,1,1
17738,434,433,3,1,1
17739,438,37,0,1,1
17740,23,422,0,1,1
17741,26,46,93,1,1
17742,31,50,0,1,1
17743,43,23,0,1,1
17744,71,90,0,1,1
17745,75,74,0,1,1
17746,94,113,0,1,1
17747,135,114,0,1,1
17748,146,166,0,1,1
17749,147,166,0,1,1
17750,175,195,96,1,1
17751,234,213,98,1,1
17752,247,226,0,1,1
17753,254,273,4,1,1
17754,264,284,0,1,1
17755,275,295,97,1,1
17756,282,301,0,1,1
17757,287,306,0,1,1
17758,303,323,4,1,1
17759,314,313,96,1,1
17760,321,341,4,1,1
17761,327,306,0,1,1
17762,387,406,0,1,1
17763,395,374,0,1,1
17764,403,382,0,1,1
17765,419,399,0,1,1
17766,427,26,0,1,1
17767,431,411,4,1,1
17768,27,427,100,1,1
17769,35,435,100,1,1
17770,62,1,0,1,1
17771,90,110,100,1,1
17772,113,92,4,1,1
17773,114,134,93,1,1
17774,115,135,0,1,1
17775,117,97,93,1,1
17776,166,145,5,1,1
17777,167,146,0,1,1
17778,194,214,100,1,1
17779,206,185,0,1,1
17780,213,232,0,1,1
17781,223,243,100,1,1
17782,258,237,94,1,1
17783,301,280,63,1,1
17784,306,286,10,1,1
17785,313,312,0,1,1
17786,314,334,0,1,1
17787,355,375,56,1,1
17788,386,405,23,1,1
17789,393,412,5,1,1
17790,403,402,0,1,1
17791,415,395,100,1,1
17792,418,437,100,1,1
17793,423,402,0,1,1
17794,58,38,19,1,1
17795,70,11,93,1,1
17796,79,99,0,1,1
17797,134,153,0,1,1
17798,145,144,0,1,1
17799,171,150,0,1,1
17800,187,167,0,1,1
17801,191,170,0,1,1
17802,203,223,0,1,1
17803,226,246,9,1,1
17804,231,251,0,1,1
17805,327,326,0,1,1
17806,358,377,97,1,1
17807,394,393,0,1,1
17808,405,404,0,1,1
17809,170,190,4,1,1
17810,251,250,0,1,1
17811,363,382,0,1,1
17812,427,426,0,1,1
17813,162,182,99,1,1
17814,190,189,99,1,1
17815,230,210,99,1,1
17816,234,254,46,1,1
17817,237,236,0,1,1
17818,138,117,0,1,1
17819,147,126,0,1,1
17820,175,174,0,1,1
17821,178,197,9,1,1
17822,195,174,0,1,1
17823,199,198,0,1,1
17824,203,202,0,1,1
17825,210,229,0,1,1
17826,219,198,0,1,1
17827,223,202,0,1,1
17828,267,247,4,1,1
17829,331,351,0,1,1
17830,347,326,0,1,1
17831,375,374,1,1,1
17832,430,30,0,1,1
17833,30,29,35,1,1
17834,169,188,5,1,1
17835,294,293,3,1,1
17836,370,349,3,1,1
17837,395,375,0,1,1
17838,267,287,0,1,1
17839,103,102,0,1,1
17840,123,102,0,1,1
17841,402,382,30,1,1
17842,406,425,95,1,1
17843,117,137,0,1,1
17844,358,338,100,1,1
17845,419,439,100,1,1
17846,430,410,0,1,1
17847,338,357,0,1,1
17848,27,47,98,1,1
17849,131,151,0,1,1
17850,126,146,0,1,1
17851,114,94,100,1,1
17852,115,95,5,1,1
17853,219,199,100,1,1
17854,318,338,7,1,1
17855,91,111,14,1,1
17856,143,123,92,1,1
17857,367,387,99,1,1
17858,169,189,0,1,1
17859,321,340,5,1,1
17860,366,346,0,1,1
17861,221,240,39,1,1
17862,169,190,0,1,1
17863,366,386,5,1,1
17864,282,262,0,1,1
17865,54,33,0,1,1
17866,134,154,4,1,1
17867,42,22,100,1,1
17868,54,53,4,1,1
17869,330,310,5,1,1
17870,86,106,0,1,1
17871,286,306,0,1,1
17872,54,34,7,1,1
17873,182,181,0,1,1
17874,237,217,5,1,1
17875,321,342,5,1,1
17876,134,114,5,1,1
17877,221,222,41,1,1
17878,439,39,0,1,1
17879,23,423,91,1,1
17880,223,203,99,1,1
17881,339,319,99,1,1
17882,359,339,94,1,1
17883,110,90,0,1,1
17884,215,195,100,1,1
17885,167,147,99,1,1
17886,343,323,0,1,1
17887,169,170,47,1,1
17888,321,322,5,1,1
17889,75,95,91,1,1
17890,110,130,0,1,1
17891,215,235,5,1,1
17892,35,55,100,1,1
17893,23,43,99,1,1
17894,169,150,4,1,1
17895,123,103,0,1,1
17896,167,187,98,1,1
17897,351,331,100,1,1
17898,423,23,4,1,1
17899,403,423,0,1,1
17900,347,327,100,1,1
17901,295,275,0,1,1
17902,323,303,69,1,1
17903,367,347,99,1,1
17904,359,379,98,1,1
17905,399,379,100,1,1
17906,271,291,22,1,1
17907,351,371,36,1,1
17908,290,310,4,1,1
17909,410,430,20,1,1
17910,295,315,3,1,1
17911,266,246,0,1,1
17912,315,335,0,1,1
17913,411,431,91,1,1
17914,395,415,0,1,1
17915,119,139,94,1,1
17916,221,202,0,1,1
17917,335,355,54,1,1
17918,287,307,100,1,1
17919,235,215,0,1,1
17920,111,91,0,1,1
17921,311,331,100,1,1
17922,335,315,16,1,1
17923,435,35,0,1,1
17924,87,67,0,1,1
17925,111,131,80,1,1
17926,99,79,23,1,1
